sample_id,true_label,lexical_prediction,semantic_prediction,lexical_correct,semantic_correct,lexical_confidence,semantic_confidence,lexical_margin,semantic_margin,disagreement_category
000ae7caa5e221ffe6090dd9519d427b411ec6ec79a2d5a2bad6cba2911b3c82,exchange_charge,exchange_rate,exchange_rate,false,false,0.5390463092770201,0.673644701855399,0.3594223578736524,0.554927147670129,both_wrong
00464d6a6f05acd6a5846ffad3de2eade5ffb5a4f8eb404782aff5a31a0ac828,top_up_by_bank_transfer_charge,top_up_by_bank_transfer_charge,top_up_by_bank_transfer_charge,true,true,0.8900446764610161,0.8520896159175891,0.8807242732335515,0.8072547666146352,both_correct
005eab8543908366277c04d25c1ec0806b7de1f4e5349fa16c7856ba5f2706f1,declined_card_payment,declined_card_payment,declined_card_payment,true,true,0.9572641986013858,0.767753289055339,0.9465873414131162,0.7062397964581234,both_correct
00c3675c56b67884e149bf2fa5bbcdd273c5d6386f11b530fe8eabb12dabb27c,passcode_forgotten,passcode_forgotten,passcode_forgotten,true,true,0.7685310297200495,0.7856712805122087,0.759479051790672,0.7561199645310303,both_correct
00cef7158df7ec368049e25374488da7448ef24a6200da3275ab81159ce17380,reverted_card_payment?,reverted_card_payment?,reverted_card_payment?,true,true,0.23138271582841144,0.47584022771970363,0.07200381907932296,0.31323892026760075,both_correct
00d223fe641599157848f14912a3fe2aa8946cd70b5f39cad36c4acd65863028,top_up_by_card_charge,top_up_by_card_charge,top_up_by_card_charge,true,true,0.3259220515545469,0.5734818636620754,0.24401914203930553,0.45411903463461045,both_correct
00d7e8cce7d19853d2edf372cb9640ca80624fe662d9d838afb9f1e507e05554,age_limit,age_limit,age_limit,true,true,0.7243980593036333,0.9436543720469281,0.7157982344498917,0.9375891295368658,both_correct
00ddf7bcfd682c377827084a16bb443225bf78249f82d841cb1b96c7861627c9,why_verify_identity,verify_my_identity,verify_my_identity,false,false,0.5610284392684919,0.4118965936321575,0.2579364182965123,0.014417022493790566,both_wrong
00df9be9bb165959fef4b553fc3871d973e1c09465118a84b41cbcc165a53c37,card_payment_fee_charged,card_payment_fee_charged,card_payment_fee_charged,true,true,0.9466359760500278,0.8858155268996387,0.9262867061721111,0.8534536365447328,both_correct
00f0592a7378c2eed6570dc0376eee27c4efe61c6cae5354d7da34babbfacdea,card_linking,card_linking,card_linking,true,true,0.2911616223063732,0.4172839788117817,0.21396442642415264,0.3346853127750427,both_correct
01128466121379aec7509528935755ad62662b271fe4641017c876816b951bed,why_verify_identity,unable_to_verify_identity,why_verify_identity,false,true,0.3685462340166884,0.8062721626310893,0.16078516468696483,0.7274417382009987,lexical_wrong_semantic_correct
011b883a773105acdbd5523da12d3a48824d925718335700d6a37d64c8917893,transfer_fee_charged,transfer_fee_charged,transfer_fee_charged,true,true,0.25343233510193414,0.680521260076794,0.13610597610883332,0.5937834876971755,both_correct
0135032dcc520b8744a1b069b803230656bc6abfeaa4596e76cec313cd068a46,order_physical_card,order_physical_card,order_physical_card,true,true,0.564020097614653,0.558036641034662,0.5306164165324867,0.3989711753654689,both_correct
015283c811c659f314a8f7601206eb601f63f779d16084449bf4710e371ebe10,request_refund,request_refund,request_refund,true,true,0.6688268064911977,0.7719325913821632,0.6196545455647211,0.7022684929051877,both_correct
0159cea8edbcd460eb8a1d24d42a1ef01c8b5171514bafdd9a534c1f1173d89d,declined_card_payment,declined_card_payment,declined_card_payment,true,true,0.23243337477485487,0.3660467271317504,0.11340620729623575,0.2685706126355175,both_correct
01ac05d124a4e3bedda047b4c738ef96702de9090dc9cc411f32c95115a44abc,balance_not_updated_after_bank_transfer,failed_transfer,failed_transfer,false,false,0.3102366024483553,0.34709501651175284,0.19018226603773164,0.21378272645283966,both_wrong
01aca2ecb2c1dc13d429497108da94c5d7bd7e65498154702b961028f3138a36,top_up_by_bank_transfer_charge,top_up_by_bank_transfer_charge,top_up_by_bank_transfer_charge,true,true,0.7961495702186093,0.7898333588133045,0.7147049674501631,0.6743022241921164,both_correct
01b6b8d8f3eeb552ec4e6b5dfb4e753413b614784b546e9ab9b68840ddc6a864,visa_or_mastercard,visa_or_mastercard,visa_or_mastercard,true,true,0.9683003910300714,0.966712669127815,0.9670173745130785,0.9583985565637821,both_correct
01b84669049b5ae8d4708df8d4100b42e8779fd31ed8600db99e1c8ef43bbaf5,transfer_not_received_by_recipient,transfer_not_received_by_recipient,transfer_not_received_by_recipient,true,true,0.3932799275743336,0.8256746492514646,0.35228800330269716,0.793394779022377,both_correct
01cd9611df612d0aea91c9c54fa758ad7039d9c7b19a0ff3fc70552efdd90859,country_support,country_support,country_support,true,true,0.11308922001758696,0.8027831347597204,0.0822656453279939,0.7836811548874685,both_correct
01ce1bafe05503b941a6467ee04e5c4b55134322097f4c8c5700d797bfdbc847,direct_debit_payment_not_recognised,direct_debit_payment_not_recognised,direct_debit_payment_not_recognised,true,true,0.9329953113390095,0.8803069883258376,0.9200492163690698,0.8658579639586674,both_correct
01dccaf83e312e81382a8e83513e4b3d5cd2a975d245c82e3f441cb2dfad97ef,request_refund,request_refund,request_refund,true,true,0.5758330170740094,0.5117641480962839,0.44297239138192546,0.16236098571777635,both_correct
01ecb6a099ab32b0213a74465d6d0181acb6a98dbf944160593d9affd2c856ea,terminate_account,terminate_account,terminate_account,true,true,0.07150307964863896,0.8230025370167644,0.03825695518467146,0.8047529839839987,both_correct
01fb6cfbf45c1c4323eb6177942b903c17e3f8da8701f076e7cd870ca24ad969,Refund_not_showing_up,Refund_not_showing_up,Refund_not_showing_up,true,true,0.8388264771500373,0.9086434746189697,0.8048420470191651,0.8933058759480695,both_correct
02025a4b4f55944ccb1f01c5223a96ce04db6b540d71453891f83916ffd0ff04,visa_or_mastercard,visa_or_mastercard,visa_or_mastercard,true,true,0.43474033054026806,0.4425962059381187,0.37987976376042293,0.19009037282430036,both_correct
02062aea126c6670ce95868d08745c3a39f9451798b165f67c420fe6015aacf7,top_up_reverted,balance_not_updated_after_cheque_or_cash_deposit,wrong_amount_of_cash_received,false,false,0.20018260934548635,0.16468211670705502,0.11266570072791021,0.06802143589296307,both_wrong
020f60cfd891bb968e304fc45071fce446131b3de39f7b8d408bce88eea8ab1f,top_up_by_cash_or_cheque,top_up_by_cash_or_cheque,top_up_by_cash_or_cheque,true,true,0.4924623706605353,0.8875203876945577,0.45057516658733004,0.8653956134680588,both_correct
0220ecb80d9a1a46d59bf8df18e514bb4023fb8fd1fbf3ba79e0bfae397ff623,Refund_not_showing_up,Refund_not_showing_up,Refund_not_showing_up,true,true,0.9056352451220191,0.907966884714888,0.8890410606877295,0.8825725548729124,both_correct
0236ae2750d39dc77d9732fb824fd737d2d297ce762a252493ddc35435d83f0e,apple_pay_or_google_pay,apple_pay_or_google_pay,apple_pay_or_google_pay,true,true,0.8936950446012334,0.7904075679833314,0.8534454917710002,0.7278945062289963,both_correct
02431e313c2b96acc36cd88446f76e0d961f43d2d70fd17689b4d61776a85328,getting_virtual_card,getting_virtual_card,getting_virtual_card,true,true,0.31423122431188477,0.6711861947779652,0.2580652412517694,0.5800861654370476,both_correct
025b8ba82d6be034c847898dea19e76ce53ad6cbc584bf8e67bf3fb6ab9159b0,cash_withdrawal_charge,cash_withdrawal_charge,cash_withdrawal_charge,true,true,0.9117030786139918,0.8141935437114658,0.9015171803813414,0.7849629933998848,both_correct
02894046a93fe0324b2cc99eb7cd6bd0421746c9a4f63159b995f0df3ae70737,top_up_by_card_charge,top_up_by_card_charge,top_up_by_card_charge,true,true,0.2026749433856599,0.5995854262339441,0.06221493638332834,0.46380976720297906,both_correct
02b42a7011692c3a11960134adae8c7953b1fbea575b8d6eb381cb0bdec5d158,top_up_by_cash_or_cheque,top_up_by_cash_or_cheque,top_up_by_cash_or_cheque,true,true,0.7351867485878669,0.634587331172555,0.664218841254907,0.5536242482935674,both_correct
030c165755aad48b5e23ae0c6d85359ffc9506c7e42c8690ae0e3c7de012bb07,exchange_rate,exchange_rate,exchange_rate,true,true,0.8396133989521697,0.7350673306927793,0.8225749378012422,0.6623496228189192,both_correct
03136886a13486b3720292498865b890ec3638b81227856ec32b8840d26455a4,unable_to_verify_identity,unable_to_verify_identity,unable_to_verify_identity,true,true,0.7443012014680258,0.7311407684010494,0.709723487406067,0.6498783500054097,both_correct
031d8bb17be765fa840adb7d683773fdf2dd6e693a9d9e0a13887be18d5aac90,edit_personal_details,edit_personal_details,edit_personal_details,true,true,0.7317440605530802,0.8279073663407253,0.6455915300469194,0.8074747455469806,both_correct
031f459066e6095e33d66ca8f864d29ebccfa1fd2ec5a8ffa63f3aa6dfda852f,wrong_amount_of_cash_received,wrong_amount_of_cash_received,wrong_amount_of_cash_received,true,true,0.33739485929836466,0.6704371966241375,0.2612356058472175,0.5880359584277877,both_correct
0327064319d73dc7d8bc339fad9f1540e9ed904763961b2e204be5cb3b3908c9,transfer_fee_charged,transfer_fee_charged,transfer_fee_charged,true,true,0.7482037907784679,0.8924228273527174,0.6482177039209793,0.8593731563779989,both_correct
032f9bde6362401b78c15f599f1c28f4fcbf0015d3b30366fa71376dd88a1ebf,direct_debit_payment_not_recognised,direct_debit_payment_not_recognised,direct_debit_payment_not_recognised,true,true,0.8735510673883705,0.729629217774768,0.840815811261595,0.668577437567033,both_correct
034d05aceb5c94348df652d7a94639f5207518f322f992a7f4d9fdcba87bb8a9,cancel_transfer,cancel_transfer,cancel_transfer,true,true,0.8544254645086988,0.8666048348964862,0.8440034344460824,0.8438350015872503,both_correct
0352793443eb978d2bfe1b64fa3046af69ee2743a3fb1f0b939e20f385919da5,virtual_card_not_working,virtual_card_not_working,virtual_card_not_working,true,true,0.5407360157391693,0.6669843066150524,0.3945404833434348,0.5273197493264115,both_correct
0388d834cc10eea912337ce72611f41b46d2f85e3db933494c66e7a0e58434f7,transfer_into_account,transfer_into_account,transfer_into_account,true,true,0.4223427429738736,0.8288934248206791,0.36123490324199625,0.7935390276397517,both_correct
038d68c4da6d19d346467feceab770fd23846e0f5aff532d179d685a0481aa51,balance_not_updated_after_bank_transfer,balance_not_updated_after_bank_transfer,balance_not_updated_after_bank_transfer,true,true,0.7215124712608322,0.7171662557012487,0.6926064236535809,0.6634663600622248,both_correct
03948f374b3a2f8a5c6c5ffe1f1817eef3037d74339bbdee6b352b5b681a27f5,unable_to_verify_identity,failed_transfer,unable_to_verify_identity,false,true,0.09484869630438351,0.1726771083872738,0.015446413018465041,0.03168764461676077,lexical_wrong_semantic_correct
03b7998d134f093377adc73cf2b99628d59b307f56ebe7b237b057a3a0b44f7a,extra_charge_on_statement,extra_charge_on_statement,extra_charge_on_statement,true,true,0.7324790891297261,0.790437686017251,0.663090389555766,0.7135956399735816,both_correct
03bb37ab8f98c91b4eff8812aadf3ba36c8144871ab32fb6550660bd5d9afaee,declined_cash_withdrawal,declined_cash_withdrawal,declined_cash_withdrawal,true,true,0.5587695952960003,0.6812322436919346,0.46840339657868274,0.6202241848931743,both_correct
03c9fa2d28c6fc26c2eeed5f102576b5a2ff11d5020a463a6705caf0a2f69606,card_acceptance,card_acceptance,card_acceptance,true,true,0.14331850210021532,0.5871113438944858,0.03785547977678748,0.5152627946551576,both_correct
03cfc6e00679bbca9a47ac1581f8682f11edf4e5870c6342adfd433de217e2d0,age_limit,age_limit,age_limit,true,true,0.7183691469538918,0.9312307651820402,0.7087196528942926,0.9252538100092413,both_correct
03dd45c4e0efe1796aea7da9e451f9ac6a50b482551718d1da2282fe57edf6ac,disposable_card_limits,disposable_card_limits,disposable_card_limits,true,true,0.6041086345693928,0.7385967283417348,0.4241944866278119,0.628021213348444,both_correct
03fc62a9dc6706afe8b5f4d81b78062e7bd829f19ef932fe776292e0cfe7b9d4,receiving_money,receiving_money,receiving_money,true,true,0.3311459695058937,0.7132561719156482,0.23422178177415526,0.6515293303091674,both_correct
040c069d8e5ec1382e983ff8289b4f8d635762618a474400d70a90cd7c22aafa,wrong_exchange_rate_for_cash_withdrawal,wrong_exchange_rate_for_cash_withdrawal,wrong_exchange_rate_for_cash_withdrawal,true,true,0.11607901884130874,0.2689836496056845,0.017088987925827595,0.13565061915934956,both_correct
042a02e30e1177ac60ac03e24b743defc9fdfb0a013f2c404f2492319313df20,topping_up_by_card,topping_up_by_card,topping_up_by_card,true,true,0.3437464194846642,0.2958063919285105,0.2789070707274497,0.07767697428060874,both_correct
043369738399fd577a648d51205261b95defe77e5dabea404389bf6e7a99b7e7,reverted_card_payment?,reverted_card_payment?,reverted_card_payment?,true,true,0.6147406950888853,0.7448378727028553,0.5666042116151677,0.691300511992681,both_correct
0447e3cf1c60c31c39909c7ee0f83bf5aadbdf66084a5532c3190daba6dcf365,balance_not_updated_after_bank_transfer,balance_not_updated_after_bank_transfer,balance_not_updated_after_bank_transfer,true,true,0.6623102602924023,0.7426290446693736,0.6243616688083146,0.6848367908025117,both_correct
045d05c9ebb5fe486f7fe4569ea5acf6e40a359c334b8702987c8e9fdfd393ea,beneficiary_not_allowed,beneficiary_not_allowed,beneficiary_not_allowed,true,true,0.5797246173612797,0.8524717488980122,0.5398154208185497,0.8324786707265813,both_correct
046934b70aff2ef305f8db20684ca85cad6ee45bad8bbdecec2e689b0e4b1556,pending_card_payment,pending_card_payment,pending_card_payment,true,true,0.530566193596525,0.8219540846845291,0.489937212255919,0.7831722824858367,both_correct
046ecedd79f382a3d512141d03fb0bffab8c0034ea9e9b66197761436331b08f,wrong_exchange_rate_for_cash_withdrawal,exchange_rate,wrong_exchange_rate_for_cash_withdrawal,false,true,0.24342781455379342,0.656458483552466,0.06538459561093135,0.5754306373925268,lexical_wrong_semantic_correct
047bbe45b74095679ccd8893b8f23218fa7c33b58cdc0f3e1dbb3bdc0b975752,top_up_by_bank_transfer_charge,top_up_by_bank_transfer_charge,top_up_by_bank_transfer_charge,true,true,0.13455657376332494,0.639951283851327,0.0750627515136599,0.4893130540807703,both_correct
047eb5737c987d426bd5c3c451eb19cd0d9d06514967700a8ce28ea5fe375f6a,request_refund,request_refund,request_refund,true,true,0.5581464227268643,0.8946164195493477,0.49569390600243235,0.8724156824332202,both_correct
04b08722cb037238937c116da543d741afc3c67c821a55e9e3d0af26b249f3cb,card_payment_fee_charged,extra_charge_on_statement,extra_charge_on_statement,false,false,0.08955086786663013,0.23568078506804538,0.009980133628055679,0.13611350758911986,both_wrong
04b68b4d4d442ef340d95ce67c80de477c94a03dd690628c389d5362cc91d856,reverted_card_payment?,reverted_card_payment?,reverted_card_payment?,true,true,0.5072079558768632,0.661458155646145,0.35415796495831364,0.5487094876230558,both_correct
04bd0473fbae2c47ef2f72d39380f740bba18852f52b74e2a3d5219ef5984b1f,exchange_rate,exchange_rate,exchange_rate,true,true,0.576796284299252,0.6639142393715274,0.5330499740310772,0.5459629249264334,both_correct
04cdddf1e20d1f86553be427af90024efbfe898e7fffb8553956291552b3acbc,card_about_to_expire,card_about_to_expire,card_about_to_expire,true,true,0.3997293478331494,0.8144374874752207,0.35625028292267613,0.768618170058627,both_correct
04cf31b556e319471c5b215848da2717980200d2bfdec5cc7bd59a22ae39a34e,topping_up_by_card,topping_up_by_card,topping_up_by_card,true,true,0.11429839482849716,0.2063903191846554,0.011658574933939181,0.06102407527629697,both_correct
04e1692e67552c581119f13e5fe39ab2d896c8beb4f3b8765513a57aa6fc145c,pin_blocked,pin_blocked,pin_blocked,true,true,0.908522337856637,0.9248308073808827,0.8709421168534562,0.9082615993222692,both_correct
04f427c81c06e2f0b00652f6c6f2842fccf2bc4c76b8d2e39dcd442c47fee96e,Refund_not_showing_up,Refund_not_showing_up,Refund_not_showing_up,true,true,0.8766218219402789,0.9460920804432649,0.8542439698405161,0.9381796253359707,both_correct
04fe57d0ffde71fafbc2de7c0a0af7d4d0bd73600999a84580c94424a0c6c0d4,get_disposable_virtual_card,get_disposable_virtual_card,get_disposable_virtual_card,true,true,0.6167458950456107,0.7228415109026244,0.4741489587193447,0.6324541255276441,both_correct
050af14cfa9d70fce93cb9e9d3498612d67e2cda0f1df486f5d62485d34cdf37,top_up_by_card_charge,top_up_by_card_charge,top_up_by_card_charge,true,true,0.6168391729507741,0.7427133736528247,0.583198481759309,0.6925419955472512,both_correct
0515f0547d376fa0883b0af071d328ee5611a9a46109e567fbe0f26508040638,pending_transfer,pending_transfer,pending_transfer,true,true,0.35695123341061136,0.43631264769337297,0.28711242653057595,0.3318979323279055,both_correct
0519e05b07c4f1ede598773660eec36a70fbcb400d89356c87090d26ee394da3,beneficiary_not_allowed,beneficiary_not_allowed,beneficiary_not_allowed,true,true,0.7917484522684652,0.7675042538591332,0.7721481266535186,0.6850442280125385,both_correct
052d261711c5cac2d2c7fdfa1a05bb3e1cb24c74ad467687f80de1558e86b250,declined_transfer,declined_transfer,declined_transfer,true,true,0.7848713463261969,0.8353000686352785,0.7446605841584766,0.7646164164909424,both_correct
052e377aa298953350158cc70313bb01f48c75c92b789ca027ce04db096363be,country_support,country_support,country_support,true,true,0.7079541791754816,0.7562792698461867,0.6797942368130467,0.7017473676492973,both_correct
05452a42e083eb72caae1700d2d0f843db589c69aa368f98175d5e0329837a7a,lost_or_stolen_card,lost_or_stolen_card,lost_or_stolen_card,true,true,0.273281698307535,0.5006285548922271,0.2073707314962957,0.360334733860316,both_correct
0578a505e316d47d7ab285fb41d33b930c13c82e3e18e3e0ff71d8255a460d97,apple_pay_or_google_pay,apple_pay_or_google_pay,apple_pay_or_google_pay,true,true,0.59378613813386,0.5164057559156844,0.5675681712084601,0.46109442557512,both_correct
059e1e9b91ae38bc67e1a4a4a374b96fcf779718ccdb813e1e0ec37e34d90765,receiving_money,receiving_money,receiving_money,true,true,0.18972328751231932,0.459986416070425,0.1289505230558876,0.35368107647264063,both_correct
05b90d2ef106545cdb00d7ff8e89e0e43cf27a72ff325045502704f198ca2f49,automatic_top_up,top_up_limits,automatic_top_up,false,true,0.4331970384111189,0.5413732283543091,0.22297056595611897,0.21171377799781982,lexical_wrong_semantic_correct
05be006a156d64608e1827f95620eaac4a270b91d2ca98f46a8d463e1a5cbcdc,extra_charge_on_statement,extra_charge_on_statement,extra_charge_on_statement,true,true,0.20023546436219603,0.7463664589028953,0.135022161350719,0.6749405658640438,both_correct
05bee71bb029553e8ea3f5d21378335eeb9b8fb77e33d5af14de8c0d230a2799,beneficiary_not_allowed,beneficiary_not_allowed,beneficiary_not_allowed,true,true,0.980761974712004,0.9709229651612401,0.975433875125286,0.961203391380689,both_correct
05f3af0bb1fa4b4f7b10ecf2703a4e0d10d5f488c9337742b5e1d92833ee8f7f,exchange_rate,exchange_rate,exchange_rate,true,true,0.732958352619668,0.7880183083953697,0.6528295727976037,0.7440914235029406,both_correct
060db7c17db83b7b573e49dbe016d7bea814c125aa6e45c711d619042787c647,wrong_amount_of_cash_received,wrong_amount_of_cash_received,wrong_amount_of_cash_received,true,true,0.7130525658342364,0.8206181479611829,0.681307677343214,0.7829086046907845,both_correct
0623f94972c55e63dd8130e78bcefaeec10e790f62260a7c3d07e10d618a6567,card_acceptance,card_acceptance,card_acceptance,true,true,0.6272063559841182,0.6687810685870655,0.5890968817492725,0.5887014148585167,both_correct
0626e97321398edc4984c5d0ede2280aabc8f93c1a652774a79d7cf6ccc2d06b,verify_my_identity,verify_my_identity,verify_my_identity,true,true,0.3267245783749201,0.8014647855057494,0.215546373526725,0.6757406267775784,both_correct
0644a9631be81bcac930a89797bb821af586826c674a335d0123b8d0dc7dfbdc,pending_cash_withdrawal,pending_cash_withdrawal,pending_cash_withdrawal,true,true,0.5911737867345273,0.6325659318908946,0.5228670771516833,0.4824782029191143,both_correct
065d1621219427fd3f54a6501d2abb87fd0346cb4568c8c6c5256653896d6345,visa_or_mastercard,visa_or_mastercard,visa_or_mastercard,true,true,0.9562653064727829,0.8833211545189563,0.9548305419364908,0.8396313527144781,both_correct
0692455b6fa43c34155c848e608801b8658ddc5a85d0795060c6b7930c1a7d0a,Refund_not_showing_up,request_refund,Refund_not_showing_up,false,true,0.08576137884969698,0.6021060622237772,0.003509479790374803,0.5076164417087844,lexical_wrong_semantic_correct
06a6c277a4dd592deb756e76456d739aff254d0ed37aeeda354af260ae0f06c6,card_acceptance,card_acceptance,card_acceptance,true,true,0.4289150822209321,0.491354254228972,0.36263483550755954,0.355846798210099,both_correct
06aeac09676023d4d473c9343010deb1681c2c49dedc7c8c9d25e79c20c1b65c,top_up_by_bank_transfer_charge,top_up_by_bank_transfer_charge,top_up_by_bank_transfer_charge,true,true,0.7186424801861393,0.7367603182567164,0.7068163386786105,0.7140291367313507,both_correct
06b4340bf21806100ed45eb77e72ba47254916fc89489b0db001f8ad49214809,Refund_not_showing_up,Refund_not_showing_up,Refund_not_showing_up,true,true,0.6763818235872825,0.8833379187999919,0.6200602534695692,0.8523824408135445,both_correct
06c8ce34e3619a052b9d67365c66b42b72d81b6f92e0851ed79ecd8219d1f61d,cash_withdrawal_not_recognised,cash_withdrawal_not_recognised,cash_withdrawal_not_recognised,true,true,0.6293896656061473,0.7706437028588601,0.5368265929240756,0.7189794831796424,both_correct
06d1c5b0fe4e467df95cc4dc7b9239b2ce5606b89c88eb809b779972fc6668e0,supported_cards_and_currencies,supported_cards_and_currencies,supported_cards_and_currencies,true,true,0.6465303226514088,0.816465500358035,0.5501824777281603,0.7652635195452054,both_correct
06e2eafc80c8ec2ed11ca0454b15aaf1fc904d145ce9d3f6d367abab8f4f20d6,activate_my_card,activate_my_card,activate_my_card,true,true,0.9731994976680682,0.924796943446973,0.969994293311847,0.8975215765197707,both_correct
06e5f103a202aec37a36b2fe6a0d7dfd2614661ac4dccb8ce7502749e8e9c883,card_arrival,card_arrival,card_arrival,true,true,0.49947578391618513,0.5233066820175879,0.4282675418720978,0.48121015438404374,both_correct
06e6e349bc277446571c9254b3091ec1969040462b74b0eab4ef5508957e4ff7,age_limit,age_limit,age_limit,true,true,0.3142847184565575,0.790128527557959,0.29387499017568763,0.7671022966723547,both_correct
06e8302298be700c1c07ae56fda95e6a4736412c45464ddf8e6a2d22dae94f80,lost_or_stolen_card,lost_or_stolen_card,lost_or_stolen_card,true,true,0.14070461391505235,0.25027699824995875,0.07067708242971298,0.1718150211832008,both_correct
06ef0b6c221bf5c28fa278071ba29d1b400bfcb2f9f5eb1235d20dc69e7703ff,exchange_charge,exchange_charge,exchange_charge,true,true,0.6134347404137995,0.7183364605835165,0.49065593446804967,0.6539558654494384,both_correct
073b2468029891a7936c1f7d16fd3ade5b02107b4fbd377911600a1eedf827ab,disposable_card_limits,disposable_card_limits,disposable_card_limits,true,true,0.44881103486393,0.6906589881353083,0.15675829103411726,0.5282910669159402,both_correct
07a3d68f0ae92552565dbd2d35be4109bf4e70c367a17eabd3d197f1678ed505,top_up_limits,top_up_limits,top_up_limits,true,true,0.86769033797696,0.8125909552893479,0.8511747347689033,0.7630792418610152,both_correct
07b1c4adcaaa8fef6171d52d8009893b5448e6c5f4418f50bc3f14286223608d,compromised_card,compromised_card,compromised_card,true,true,0.782673580445761,0.7979678702246085,0.7679603168513203,0.7688518588590046,both_correct
07c1b6d2d29a840f7c193574e089d56655969c260b1df524098f7fcfc94e14a4,transfer_into_account,transfer_into_account,transfer_into_account,true,true,0.6333934468641317,0.8759221734351129,0.6078910618827205,0.8593260980684899,both_correct
07cec80c31261a52cc939525cdc8f36000cbe0f5ddecd8cad6e1bbb10018384b,reverted_card_payment?,reverted_card_payment?,reverted_card_payment?,true,true,0.8186034615877796,0.4983629280975353,0.7631436117799759,0.3469806856247351,both_correct
07ddfb3b2cc128aca4871456730d42eb22958187fd5d53ad92085e081a7c4050,virtual_card_not_working,virtual_card_not_working,declined_card_payment,true,false,0.17539796321261744,0.27020428680969183,0.0022632138022479487,0.10324200890187246,lexical_correct_semantic_wrong
07f0a1334614d2622867c286409d9d216bd7f6f8bc6904a22d9dd7565ba5000f,balance_not_updated_after_cheque_or_cash_deposit,balance_not_updated_after_cheque_or_cash_deposit,balance_not_updated_after_cheque_or_cash_deposit,true,true,0.34658286782364894,0.6741892244482045,0.31119114660948316,0.6297849365389856,both_correct
0800c25170f9b598555d5db72440d1a409507fa84569ace868447d8b529d1fd3,edit_personal_details,edit_personal_details,edit_personal_details,true,true,0.1414198958872869,0.3394184860452842,0.11644688924426704,0.25715101721147027,both_correct
080c212c6a24d429917700d45f25927867fb28f28596aaa58a32a66225538ba2,card_linking,card_linking,card_linking,true,true,0.40768427753305925,0.4693901122182917,0.35970906393793495,0.4140423529348263,both_correct
0814e55dea054b9b5f088cabd13b95aa9f476f864ea739a86caadaf62c07a4ce,edit_personal_details,edit_personal_details,edit_personal_details,true,true,0.9101142325960528,0.8740190233005696,0.8877241131744953,0.8602197928126781,both_correct
082bd90d12101fb6abeeb81af9f727f149d04ececa0706659831eb468f538ea7,age_limit,age_limit,age_limit,true,true,0.8682950503919299,0.8835019278938417,0.8618827861786893,0.8739459652608805,both_correct
0833f911f0da32f3a370880284254f1441e49e611d604e27fd7f94944442befd,edit_personal_details,edit_personal_details,edit_personal_details,true,true,0.7876073816450263,0.7736108939325147,0.7721204081299395,0.7435444659748761,both_correct
08436f62f30239ccd75a546d31f6f01e425038b73851cd98b05877a2ea302a9c,exchange_charge,exchange_rate,exchange_rate,false,false,0.595272098029893,0.8742123047382182,0.42435387052697016,0.8433558558050607,both_wrong
0847007fe01a13e1587a7bffed35f0ca598e3fe1561461e7bbd9b8fc64c4baf2,verify_top_up,verify_top_up,verify_top_up,true,true,0.7727044571928048,0.8909233625907805,0.734885969796926,0.862771585501636,both_correct
084d3208889473d92b443d43f84a94aa71a2fcd0e4cdcfa5277fd957b471ed84,card_swallowed,card_swallowed,card_swallowed,true,true,0.6146268022786562,0.6148982083341894,0.5672746686035276,0.5584838527811705,both_correct
0850edadd696ca789082dc84084100fc3af40690bcf8f2553b44bd831c7d8fe4,age_limit,age_limit,age_limit,true,true,0.3612463524671504,0.8112143997581441,0.32315640884108116,0.7965390919622778,both_correct
0863199293df04ac03e1a10923e79d451f8cca6463a1683f13576fc107c48c33,reverted_card_payment?,reverted_card_payment?,reverted_card_payment?,true,true,0.47194814395112217,0.8048627392637454,0.4231446749229851,0.7389255982082844,both_correct
0870575500201480b017fefb7765f46023338ff3d9f642fd47021a7780791e54,contactless_not_working,contactless_not_working,contactless_not_working,true,true,0.2664890008450124,0.28531277437402125,0.17269148752552743,0.12691585781221307,both_correct
0877a7e0e653e9fc076341c3e9ecfd0fea1f517cd717c1851302ebb6365729bb,receiving_money,receiving_money,receiving_money,true,true,0.675861834562084,0.6625360673355217,0.644133218323724,0.6033543175951143,both_correct
08822cedcb4ad484a16bb6294cbc788321f9799681e904e99d01018ff966939c,unable_to_verify_identity,unable_to_verify_identity,unable_to_verify_identity,true,true,0.5537964748074188,0.7555508777612524,0.3845445042626543,0.6883028808775242,both_correct
0884ad802aae9c697eef6f0b459f7e37bab459face02aa820e3f73c53c3572e6,top_up_failed,top_up_failed,top_up_failed,true,true,0.5391223903459076,0.7107595082955781,0.42170033523319206,0.5913074609074904,both_correct
08a124e3b1531dd109e59b854128f0c1e4f5e65037e9e8c73d998248bdd2dfc9,activate_my_card,activate_my_card,activate_my_card,true,true,0.6000835815517309,0.8125703847174851,0.5808956828212235,0.7902644332577246,both_correct
08c0668d366cd60553a005863f99b66edeeb4720b10c1be89fbe669cde149d90,receiving_money,receiving_money,receiving_money,true,true,0.39160565078297055,0.3544529616261451,0.3502080097083981,0.28324347770834335,both_correct
08c11b01573a6e3cbdbaaf8da5fa8707ea753e3794d16384170279e620a468b6,top_up_limits,top_up_limits,top_up_limits,true,true,0.48564660929917586,0.8969958490642762,0.41932994203655594,0.8774800446828103,both_correct
09028290c688d7752a3cff67eb65735d5eaf27738da3764fc24a7f8f4d053a8d,cash_withdrawal_charge,cash_withdrawal_charge,cash_withdrawal_charge,true,true,0.6578421696487355,0.6878789840348539,0.4912934360985167,0.6263730125918642,both_correct
090adeea1cba2e8336e7ac749592f21b24a81037f9b3f45823e80e5d9b77f9dc,exchange_rate,exchange_rate,exchange_rate,true,true,0.44732646371612084,0.694954182376232,0.19240849427627899,0.5797515192164586,both_correct
0930a8a1e839024caeb6b8ade5b4420ff889e2c3a61726ac5a9b01c8f9c027aa,card_about_to_expire,card_about_to_expire,card_about_to_expire,true,true,0.5888655356163975,0.6128131988750144,0.5400176462866241,0.5332719708533523,both_correct
0933cadc2be7634f5b21004c26e48cfba52cf5524c573be7f134bc0edeb7f1b4,top_up_failed,top_up_failed,top_up_failed,true,true,0.2392074883826253,0.5130559047401291,0.11116071621650309,0.3414289515968205,both_correct
09414d9f24a8118f98738e8ae57a77f0e0d1af708c8f4d0c9d0794aa025038d1,extra_charge_on_statement,extra_charge_on_statement,extra_charge_on_statement,true,true,0.4295961853345356,0.5843665993035326,0.36774448639740953,0.5349345270918607,both_correct
09470d929b94c461eac2b575626fc9cb8d878bf4979cc85c58863014f88e6139,unable_to_verify_identity,verify_my_identity,unable_to_verify_identity,false,true,0.33254219846187677,0.7068413756729414,0.06558011559046883,0.5870543287505438,lexical_wrong_semantic_correct
0973dd7cd6b9acd92c3e4217115dad703a0a663a153cbd5dffe81f24862a4ed2,pending_transfer,pending_card_payment,transfer_fee_charged,false,false,0.18362039674056715,0.3089709961244105,0.04489301438827212,0.12645563433707485,both_wrong
0983fdbd6746823f4ccbba6a2202a73740999a5525f99d77a3125920784509e0,getting_spare_card,getting_spare_card,getting_spare_card,true,true,0.17115605125672592,0.4186869570447691,0.10878392797756484,0.3233988558921215,both_correct
0995326659157191beb847b758e9b95ec67dd6000ab7f907598318684d1079ad,get_disposable_virtual_card,getting_virtual_card,getting_virtual_card,false,false,0.3848725345032193,0.6370224872899152,0.060699377349564654,0.4685294328952384,both_wrong
09d2f4ad256bd67c6b6e35cd9d59bb346a34646e689d805431e753a16d268002,atm_support,atm_support,atm_support,true,true,0.8949760929850873,0.886329780786578,0.8673561747776798,0.8459857840534813,both_correct
09fbf9d9f045093f567159caf55170d48786d44a6984f8763ac45609d8fbca12,compromised_card,compromised_card,compromised_card,true,true,0.4846477768249698,0.5108598599747883,0.37038561812841747,0.3786717470969093,both_correct
09fc7f10577826746a3b3cf22812c20c915e7b03cc86ee52b3c487809a249e70,supported_cards_and_currencies,supported_cards_and_currencies,supported_cards_and_currencies,true,true,0.5524636668860317,0.5735387944916156,0.39866855912672544,0.3288021099148113,both_correct
09fd6971cd60911abc8ff5be8ecc535b64eba32b60034265489b3f0a4b8456c2,fiat_currency_support,fiat_currency_support,fiat_currency_support,true,true,0.7239020439835611,0.9019773291926584,0.6782882040354479,0.8639015942233286,both_correct
0a0ac79d13b35ff0fad3e21737284917fef4c85dbcdce8079f3bd4c67e06bd63,top_up_by_card_charge,top_up_by_card_charge,top_up_by_card_charge,true,true,0.2219542908700355,0.5587078686761648,0.11799207324935573,0.49585487839836845,both_correct
0a1eba3a6d099d18d9c0e56bbc8a2adf8850a5ed6c1890af8b1e93804e861478,wrong_amount_of_cash_received,wrong_amount_of_cash_received,wrong_amount_of_cash_received,true,true,0.38085926842081463,0.41169308472913335,0.3463085945181275,0.30372380783487485,both_correct
0a32bf6cf8980920a59299eab4512f69e1a14726e5896eb500001cdd2b31ce81,wrong_exchange_rate_for_cash_withdrawal,wrong_exchange_rate_for_cash_withdrawal,wrong_exchange_rate_for_cash_withdrawal,true,true,0.4735472627509731,0.34445556513536685,0.413443901847358,0.11697932516157417,both_correct
0a435c1c7cf5bb0c7939dc0a8f37435143ebe053e9274691f9381927f30e86b7,cash_withdrawal_charge,cash_withdrawal_charge,cash_withdrawal_charge,true,true,0.45418895567753315,0.7104455220439367,0.39240883276448385,0.6631126928166733,both_correct
0a762d7ca3824d0a907524c5a2e6ba3fe794c1af610eb1daee3fec7fdcc35127,order_physical_card,order_physical_card,order_physical_card,true,true,0.5142080012180168,0.29482472995419723,0.46005495156863657,0.05689997093364574,both_correct
0a8f423bf938cca0aa58bdfc85a11b5ea4e9c35482448469ada3f0dbb504652c,fiat_currency_support,fiat_currency_support,fiat_currency_support,true,true,0.8747245130222612,0.8789621379778196,0.820734214736046,0.8129947880899584,both_correct
0aa6f0154baea35c37c491d7793567a9669fc695ad0d11f52979b64f2606378e,edit_personal_details,edit_personal_details,edit_personal_details,true,true,0.3279041587411844,0.8316460729684827,0.28853756346889753,0.8187141689302068,both_correct
0ab22876e97849132ebd2eddcff8f911a2989fe688ac17576eaa366e1392c1e6,activate_my_card,activate_my_card,activate_my_card,true,true,0.7410129011486574,0.6802818156805478,0.689411772940022,0.6126546638795632,both_correct
0ab734dc1f09130a79d9ef816f7daea79477b0beb5e6acf914249cee78e9d484,virtual_card_not_working,getting_virtual_card,virtual_card_not_working,false,true,0.31841203146298397,0.5442999330490865,0.10385333086652532,0.26846945313199505,lexical_wrong_semantic_correct
0ac300bf7f6ddf24dec2a288fdf9c87984dd303ea9c3fc444f97fa83de71e6fd,top_up_failed,top_up_reverted,top_up_failed,false,true,0.18824727110660297,0.382558948887486,0.08765992856394075,0.1926579233185402,lexical_wrong_semantic_correct
0b115eb3c965902c2774e5560b4233c4873a57edc6a3aa2c01c6842540021c00,virtual_card_not_working,get_disposable_virtual_card,virtual_card_not_working,false,true,0.6049776178840868,0.5582362742990464,0.34700174391670896,0.2858337830696122,lexical_wrong_semantic_correct
0b3af19024c2b2aa9fb155f43004f2a740ec233d15a6d55d9d9f96e9d1d3e95d,wrong_exchange_rate_for_cash_withdrawal,wrong_exchange_rate_for_cash_withdrawal,wrong_exchange_rate_for_cash_withdrawal,true,true,0.4069026449497038,0.8085124358797116,0.31863450907491053,0.7052579897465477,both_correct
0b3c4143d3fdd0a2ecf98a0f79a5b243ad09c01b1c196fb6ba34dbc40ef8b0d1,exchange_via_app,exchange_via_app,exchange_via_app,true,true,0.16412426238191236,0.8219847241804741,0.08750317904686135,0.7854680224697664,both_correct
0b3ca670eb6ab5360855b696e829566f523590bff9b7d4e36af73272cfc3228e,order_physical_card,order_physical_card,order_physical_card,true,true,0.767271584495692,0.6606967551168601,0.7426672561007459,0.588788794588459,both_correct
0b3e77d33ea4c1beca0880e175a7aabd7cf0d339cf3870e14373a694413e4ab4,pin_blocked,pin_blocked,pin_blocked,true,true,0.8431823138178552,0.8877197538337683,0.7764504784500809,0.8563063204755268,both_correct
0b60d595f2c9ce2077fca8d6de6338470a797ab3c44351337299dbc90798c8db,virtual_card_not_working,declined_card_payment,virtual_card_not_working,false,true,0.10057679422522645,0.25536313406426486,0.023734281183860242,0.10268840613400779,lexical_wrong_semantic_correct
0b758aaadf5250116f85499b3c6830d0e221126ba702ca46b9cdd03dafbdd6d5,card_linking,card_linking,card_linking,true,true,0.5246796742242172,0.6341068207718051,0.49601449106265494,0.5805297201823361,both_correct
0b90200b5f6652e748faf2a0ca7f3b4a4b874103c40d857eba9557dc03ed7281,exchange_charge,exchange_charge,exchange_charge,true,true,0.12224306265572576,0.6069545986656265,0.034978500616860864,0.5397910134576005,both_correct
0bd5ac3aacad1531d3b5dc220cf30ebaafe463845d2576c149fe2d5ef60f6918,declined_transfer,declined_transfer,declined_transfer,true,true,0.372168081170012,0.5791970444173633,0.2902722139654216,0.5180440235816822,both_correct
0bd7ed780eb30146f0172c05453a08f59676c027d6bcb96febd716c4e0647f2a,card_payment_not_recognised,card_payment_not_recognised,card_payment_not_recognised,true,true,0.09691315270660303,0.21436942872909504,0.009956598850284715,0.06976216617681713,both_correct
0bd9f1c80cd8a85aa91d4cd8686a9cfc8ab60c4b7eb97b7cc6875c8685a5f571,age_limit,age_limit,age_limit,true,true,0.8975787445358677,0.9286416511643065,0.8921314912671484,0.9234195975264069,both_correct
0be19f0d54ceef1ce613de25b291764a628a152e8286e01ead02dc4708b51bbd,transfer_timing,transfer_timing,transfer_timing,true,true,0.5474735739104793,0.5822344773546599,0.4720334355582369,0.4388172465112931,both_correct
0bf310e4a9168773d64d230c565c7dbe2a3769d24ad1c470fc4334835e0e4a26,get_physical_card,get_physical_card,get_physical_card,true,true,0.7568862876151868,0.7202853658630693,0.6363530023996976,0.6655753871673274,both_correct
0c01d34c62523f1e2b3e533ff1c7a64609ef3fe2b5c20e404bc30bd6ee163c3d,passcode_forgotten,passcode_forgotten,passcode_forgotten,true,true,0.7431719757927948,0.9151741595606985,0.7304824888405913,0.8994321746899563,both_correct
0c1c78d48c99fa6eb6724c8a0d03321768ec4e032c2a93e81b2b0de8093d3379,wrong_exchange_rate_for_cash_withdrawal,wrong_exchange_rate_for_cash_withdrawal,wrong_exchange_rate_for_cash_withdrawal,true,true,0.6376356690626265,0.8191081936796688,0.5424767235739008,0.7841065688278239,both_correct
0c4726f1f839744f9e36d0157f1fac240a00a281a410cf38cb9362c1f9f1d36b,top_up_by_card_charge,top_up_by_card_charge,top_up_by_card_charge,true,true,0.7892565570628685,0.7796767889167532,0.7682917070121579,0.7349665527803513,both_correct
0c4cc50a61536fc7a2b188afd2486f2e4031669c802b2bd969e62253d01a9907,card_delivery_estimate,card_delivery_estimate,card_delivery_estimate,true,true,0.37126143160813224,0.6767104389152732,0.21751687179520499,0.5681071560316022,both_correct
0cb034b69ad85bd61d200db93cc05800fee40383bf0791cf672cc47a6a72dc70,why_verify_identity,verify_my_identity,why_verify_identity,false,true,0.29045543522330886,0.5667585912791819,0.029456417135256374,0.3677907427758967,lexical_wrong_semantic_correct
0cb42d418addb3667c4c79acdabeafb1be442f5ab55bd52c7d04a69489cf6147,pending_top_up,pending_top_up,pending_top_up,true,true,0.5597752133789972,0.4765775315234441,0.4737031219040379,0.23468416060477898,both_correct
0cd96ebfa3d98c0581647b2445795176d612697282444233d1969e61c06b6340,verify_source_of_funds,verify_source_of_funds,verify_source_of_funds,true,true,0.9018927240213533,0.921243879232439,0.8983790570655243,0.9165756546714033,both_correct
0cea03b1b581ffbe25a7f10997d16fc1c0adb0a780be678fd90bebee6d677b64,lost_or_stolen_card,lost_or_stolen_card,lost_or_stolen_card,true,true,0.10503860382038141,0.39005882358868915,0.054860100732422416,0.18272961438934227,both_correct
0cf84ef4b748aedb985172999bfd6f2a1ed8de3dfd111ba70a85847b46c4a3c4,exchange_rate,exchange_rate,exchange_rate,true,true,0.7823776497948925,0.7036696924172656,0.7058874518468083,0.6353235138911807,both_correct
0cfff0ff67a41ac9019f7e74ef6454033a599fc7c6b4061782317838ca20c87b,wrong_exchange_rate_for_cash_withdrawal,wrong_exchange_rate_for_cash_withdrawal,wrong_exchange_rate_for_cash_withdrawal,true,true,0.7840336884951089,0.9049234567611365,0.6735588498725253,0.8752065637124623,both_correct
0d0529f4a04fa8c93b4d679e8c8f08a4a169a7159f51780fe64b27b77dda1337,request_refund,Refund_not_showing_up,request_refund,false,true,0.33543707949960755,0.5315071526668425,0.011408631559245874,0.17567913672640634,lexical_wrong_semantic_correct
0d2cb798f242f0fb82d8109b04399a6e73b20da7b8c4a0265cd53be1f4cb7909,pending_card_payment,pending_card_payment,pending_card_payment,true,true,0.5421800100516074,0.4896185648278123,0.49255970973485513,0.3137544361699857,both_correct
0d5178c4fada65cd5ea3e6c13b274ced83866649ca580a051420992be8fe9ca1,exchange_via_app,exchange_via_app,exchange_via_app,true,true,0.48890526875895646,0.647047889507113,0.39821184195472237,0.5603057651256702,both_correct
0d5556fb46f6e418e135d1a1d2a781f9e47ba64eb03adf1d07773738975ea647,automatic_top_up,automatic_top_up,automatic_top_up,true,true,0.7278295434831088,0.9426996314159283,0.7103193693325449,0.9356393117200085,both_correct
0d6de5d76f0d6ccc19b36964242f8128636e67d75dc3cb78a93107223a4ad9d5,verify_source_of_funds,verify_source_of_funds,verify_source_of_funds,true,true,0.14203947240637202,0.5143294353371022,0.019738590578356294,0.47751768101752995,both_correct
0d73090badfbfa3bcb147af34c81994f8197982da51343f8f7aab679712241af,extra_charge_on_statement,extra_charge_on_statement,card_payment_fee_charged,true,false,0.133366118638891,0.3785482166868429,0.0660676049599092,0.021510740714283383,lexical_correct_semantic_wrong
0d95aaf8005e3e472423cc17046e2503e96a6232c3f1f8ab94258d88957acc96,card_about_to_expire,card_about_to_expire,card_about_to_expire,true,true,0.8139859677406078,0.7118719560167605,0.801955823744891,0.67482895715982,both_correct
0db4f1ef9ebd814ad2db48035898d1e9fe9aafed50aa8774010ed2799f7e4597,extra_charge_on_statement,card_payment_not_recognised,extra_charge_on_statement,false,true,0.3886922334414082,0.4360771351133443,0.0630112985842004,0.29074251668479945,lexical_wrong_semantic_correct
0dc2601ee6cc22ad5c5dc9c8cc62f20659f375d32fb793664d7a85a5c534b147,pin_blocked,pin_blocked,pin_blocked,true,true,0.39988912477711175,0.4967983019869308,0.13449762808162302,0.2544358891307271,both_correct
0de3f19cf05351c2627f606ed164f3e56e075e08bc01a81b3e94d8d9826d80ad,verify_my_identity,verify_my_identity,verify_my_identity,true,true,0.7795708497013375,0.7400446545130589,0.6587694667370974,0.6259904047033897,both_correct
0e14227c79a99e3575f48d5f6234312b1259fe6e24831395858f1a93323944f8,reverted_card_payment?,reverted_card_payment?,reverted_card_payment?,true,true,0.17899865904277343,0.5765644045690393,0.09194116842384217,0.47342610183988804,both_correct
0e19dfb2548ddc7fc8f5e2b3ca33e94f2ecd799ebc876f4594f26835be64d5b0,contactless_not_working,contactless_not_working,contactless_not_working,true,true,0.46838295760393833,0.6215035662519921,0.4442996452236999,0.546175023220163,both_correct
0e1ba9cbd0d434837f4da11976d2befef4a294a739cf3dc10cd348b6bfb40851,getting_spare_card,getting_spare_card,getting_spare_card,true,true,0.3618809243361723,0.6088651263396392,0.3047490095981534,0.5307716011242349,both_correct
0e6e49ba25da69076fc066ea129b063617a982d7e7e6aaf9cbaddd9ed905ac24,fiat_currency_support,exchange_charge,fiat_currency_support,false,true,0.07676853680620435,0.22436387842897698,0.020085778594166076,0.08139404465565972,lexical_wrong_semantic_correct
0e7395e627e830b4b228171dba62f8f1d567fd689fdbbef2ae95bc7596325e57,cash_withdrawal_not_recognised,cash_withdrawal_not_recognised,cash_withdrawal_not_recognised,true,true,0.4201796453558787,0.48565466571846505,0.2821070697169712,0.30170828015467943,both_correct
0e95006224d09ca262a1dd5f95bb89afb39819ce122edab4d6c3585fa2cdd24f,transfer_not_received_by_recipient,balance_not_updated_after_bank_transfer,transfer_fee_charged,false,false,0.10956780763126286,0.20030398322399798,0.015812640640331665,0.029438366206678696,both_wrong
0eb52c1c7fc5a8638d3e9b13e40465b8cee7779470dc0c2e53f9295367ce025d,exchange_rate,exchange_rate,exchange_rate,true,true,0.8705058676579188,0.8014322328579372,0.8578464384432679,0.7485478423318445,both_correct
0eba81158212e8ec25521cfdce990792a6e90861528bd86f44ff5a8556c23a1b,top_up_by_cash_or_cheque,top_up_by_cash_or_cheque,top_up_by_cash_or_cheque,true,true,0.6793124990944209,0.9278137114598163,0.6356288219523701,0.909182699671475,both_correct
0ec19e2ebe7c5ccf4214bac40b1ad34497c58ea83c8662463e75e2e6e887bd0d,request_refund,cancel_transfer,request_refund,false,true,0.4693190374299787,0.7906582162427259,0.09930690060852909,0.7051519205799412,lexical_wrong_semantic_correct
0ee21b7fc6a46b5037139a2a0e4a0dc396c36d480cf6636ed5f437c8ca1b3dbb,pending_cash_withdrawal,pending_cash_withdrawal,pending_cash_withdrawal,true,true,0.8358866479053575,0.8574142945299476,0.8111384806605921,0.8381426057332558,both_correct
0efd85706655d5b0219da7c94d33ea24ddba7228caa296be706ededee4f6bf42,cancel_transfer,cancel_transfer,cancel_transfer,true,true,0.6598370280444978,0.857969528441103,0.6428425331950245,0.8261237554811729,both_correct
0f115f75963e64c0fc23ca743ece5764747b470a9e789901d305519d1660a15e,card_arrival,card_arrival,card_arrival,true,true,0.5821774354972749,0.7479196246806226,0.5435448876272705,0.6934704959181214,both_correct
0f24a24021ab66ce174d3f2bb831996c5267b056d1d283dff96fccd423479224,unable_to_verify_identity,why_verify_identity,unable_to_verify_identity,false,true,0.531467740261276,0.6695496101185037,0.2787667472420514,0.4873464018107469,lexical_wrong_semantic_correct
0f2c35c367be91028da88f2938adaff6c1cc1c20a6e4cd3aee3166e33126e152,transfer_fee_charged,transfer_fee_charged,transfer_fee_charged,true,true,0.2905119020894336,0.500944024595454,0.15820490828679504,0.3935467376237981,both_correct
0f626c493b4426609b6787d52f3f18bb202eeb57a6e5d770e01824c24193025e,country_support,country_support,country_support,true,true,0.2560826345076561,0.42590161307805324,0.17973301827190918,0.34989008628637647,both_correct
0f7a357ca846a7cb3fc89ec471cbab95890cf5b63dc6d6d63a158e202cb7e649,wrong_amount_of_cash_received,wrong_amount_of_cash_received,wrong_amount_of_cash_received,true,true,0.7134626389604357,0.751874801043074,0.6599754091214722,0.6800340736493655,both_correct
0f99448c90d18f9cba8b8de53ae19f003686ab2aaa44b57828f4c846ed9819f1,automatic_top_up,automatic_top_up,automatic_top_up,true,true,0.5428102243693685,0.6462481061705083,0.49529950505455034,0.5815822204073243,both_correct
0fbe5d9b59bc386eacdf1b8407c0f9fe2fca553cecc938e8063a43f580fc01ef,supported_cards_and_currencies,supported_cards_and_currencies,getting_spare_card,true,false,0.15719795301488654,0.23278739992532563,0.05349633075872737,0.00437278862935328,lexical_correct_semantic_wrong
0fe5dd8bf9b08d6e73ec54a0c0d4e2bfb9e21fd54e443cc932eadd1f9bcc41b1,balance_not_updated_after_cheque_or_cash_deposit,balance_not_updated_after_cheque_or_cash_deposit,balance_not_updated_after_cheque_or_cash_deposit,true,true,0.41013005170334554,0.8080435417441933,0.3719069890676997,0.7788389370632912,both_correct
0ff0e804ccd33b3715193667e290fdecbc6f841b1717c11ddeeff6cc97efddb8,balance_not_updated_after_cheque_or_cash_deposit,balance_not_updated_after_cheque_or_cash_deposit,balance_not_updated_after_cheque_or_cash_deposit,true,true,0.5738128971776686,0.7521874980466561,0.5393373074980429,0.6766480452735946,both_correct
100c11ae33dce187d2a5f35e987bd20ecde764a9a3d22b8a63db9673b207ad25,receiving_money,receiving_money,receiving_money,true,true,0.5832284705224642,0.5875124214793644,0.5424539977767022,0.5153499557927632,both_correct
102f29300eb7480cc752b68916f7ccd2b67bb851e20e7d8f9562288e831c69bb,verify_top_up,verify_top_up,verify_top_up,true,true,0.9263314315760969,0.9087170340100537,0.9152720103589808,0.9030646872256075,both_correct
10370911f021a253c49d056790b1b5c2d12d1ea0c7d73814bb59ac66c239ac0c,card_delivery_estimate,card_delivery_estimate,card_delivery_estimate,true,true,0.2915422302476215,0.9093623212211874,0.2057960023122522,0.8961087566820332,both_correct
1039953f3a6539c165df32c7053ca7bd234eeaf89591e91c7dff9555ce2dd106,top_up_by_bank_transfer_charge,top_up_by_bank_transfer_charge,top_up_by_bank_transfer_charge,true,true,0.26997878457435776,0.4544799666960764,0.2166250952442338,0.10766908274860992,both_correct
103a28450ba100366724e17faa6cd2a3da33ce3c79b4d82df1f42718b143abec,contactless_not_working,contactless_not_working,contactless_not_working,true,true,0.49463274974979005,0.8266215138295139,0.4259767647576117,0.8084546516505021,both_correct
10481f819c5bd849d5a00d4ecc6a8f68fdf7a2d690e2a5d65e02bb73ed68e947,top_up_reverted,top_up_reverted,top_up_reverted,true,true,0.5394285020092408,0.6281105098524101,0.47934818523059897,0.45107728407881054,both_correct
105f24e81d6f7e063c949e6509f5c6562e4e43f318ed8a33596bf2f7d7b09b5c,declined_card_payment,declined_card_payment,declined_card_payment,true,true,0.16437073033050897,0.5340135473802962,0.09689427285787965,0.47861365538766903,both_correct
1086c5d83c1b963b02d74bac68503dfa092e52a8ad37f1fe47f4595ced6446e1,failed_transfer,failed_transfer,failed_transfer,true,true,0.3629381034305493,0.63961987177527,0.3110191354417496,0.5537550522961532,both_correct
10905ebb35a549fac1505bf52bef80d48c723f8504eb46fadfaa349a27c083b0,cash_withdrawal_not_recognised,cash_withdrawal_not_recognised,cash_withdrawal_not_recognised,true,true,0.5652613657691519,0.7651480976103985,0.5154757934080461,0.7171085095505568,both_correct
1094b94eea86aaacc14a7c6c4631166ccc47bbd71ed1d115043a4ae734210092,getting_spare_card,getting_spare_card,getting_spare_card,true,true,0.5023095067058029,0.6463267754283357,0.3766136519246621,0.5050470244179927,both_correct
10978c41c126e8b5ca6ef9e71f613a81bf7efbf1cbad46cf145636f8e2a89e7e,pin_blocked,get_physical_card,change_pin,false,false,0.35648509851094273,0.5622851441337537,0.1184996885155957,0.3414085711000635,both_wrong
10ad59887b6f8e8d31b969d7d4f6f071f1153a6b71f8c89bc0be84e7a114199e,card_payment_fee_charged,card_payment_fee_charged,card_payment_fee_charged,true,true,0.12279228442201758,0.23550526235847755,0.038778997253082884,0.16505353562083197,both_correct
10c5e5d4f2bcfb68e5ccfc4ecc8ca35a4f46c5c40308b4d7eded49d1b620ddc7,request_refund,card_payment_wrong_exchange_rate,card_payment_wrong_exchange_rate,false,false,0.12506248688315916,0.4104832711432296,0.024078107573779414,0.3153457316985854,both_wrong
10f636878ae7850c93febf126fd17a11a873c99098e3978c9d0894fb84ab077a,verify_source_of_funds,verify_source_of_funds,verify_source_of_funds,true,true,0.7595125933433307,0.9469079228391272,0.7471108329223547,0.9413791428813323,both_correct
10fc1c9cf00c810350c5bf86a04c173f82155fd550ff2b78293ca7eac0e9aec2,card_payment_not_recognised,card_payment_not_recognised,card_payment_not_recognised,true,true,0.7680260644088895,0.7239391871120562,0.7103377378352617,0.6851296690932707,both_correct
1111423b65aebd48cf39d19498e2180ac622a7ad6e70597d3a46aa1ae1976a20,request_refund,Refund_not_showing_up,request_refund,false,true,0.2861542553146867,0.5092244594175708,0.015242196584773438,0.11916839350344494,lexical_wrong_semantic_correct
1130ec64664c3e31caf696d5db77670375ab2963ce7d0d5153aaaf2d77d96cab,pending_transfer,pending_transfer,pending_transfer,true,true,0.3677320903461149,0.7808713149566675,0.20993521976590981,0.7363383974713417,both_correct
1169cc8fc7a3f53bd0f42a98f0741e2e4810051b0f0c12fa0f0c083d7239cdf9,top_up_failed,top_up_failed,top_up_failed,true,true,0.47802019005518637,0.5370212355483858,0.35970063017919257,0.4003802920323741,both_correct
11790f6ea3b871b4ec9854ef47dbf4e8966c6d6c70b2f054e61a75103bc66a1c,top_up_by_cash_or_cheque,top_up_by_cash_or_cheque,top_up_by_cash_or_cheque,true,true,0.6271806596654539,0.8242880579904456,0.5675756076634457,0.8071025747602378,both_correct
11826bfc52f521768f30266cfe3b10f8c46eac40a7d7217c3065b9fb7bc77ad2,card_arrival,card_delivery_estimate,card_delivery_estimate,false,false,0.6783400192736543,0.7817784880364379,0.5876111399116076,0.6821567603015154,both_wrong
118b4eac9bc281b89c2469c3f7928a9192e5c6664d63fe255ec6ae101633b275,card_about_to_expire,card_about_to_expire,card_about_to_expire,true,true,0.36468224330563875,0.547651213238846,0.31559073294630174,0.4463860515622667,both_correct
11a580f8091ede61f3d44d0b8d29cfebc2d1bc3353dec34adf074cd5ebf1f115,declined_transfer,declined_transfer,declined_transfer,true,true,0.9033536155461367,0.8579650230404893,0.8702084567584718,0.8150901392348937,both_correct
11c9c76c68a5b21312ccb7ea32cfb6537153def79df4f1963809b4c2799e0c92,cash_withdrawal_not_recognised,cash_withdrawal_not_recognised,cash_withdrawal_not_recognised,true,true,0.8581893741087548,0.6723607330677353,0.8352952110159054,0.6137359292204785,both_correct
11d74ef3834bd1f2943d9bfe18ebcaca760168a328d8386e07aed8ee245b321b,balance_not_updated_after_bank_transfer,balance_not_updated_after_bank_transfer,transfer_timing,true,false,0.29273091859940364,0.6592678717407385,0.07519780783510435,0.4903039348293611,lexical_correct_semantic_wrong
124ab69105d32c1119ab555ec540e2b2a7f7d01dd5f4b54e260797cdf22895fc,cash_withdrawal_not_recognised,cash_withdrawal_not_recognised,cash_withdrawal_not_recognised,true,true,0.27075574330203955,0.5997927329215372,0.16500085799337488,0.5315142867191516,both_correct
12515ea33d38494af695db6bfa363e387d52723853137d3a9259f64b3f19c2c5,verify_source_of_funds,verify_source_of_funds,verify_source_of_funds,true,true,0.5268510748323845,0.842948545795318,0.4947523746866629,0.8268895761340473,both_correct
125221628df6dde5b51683c95e9b296bfbe5f258632bee3aaefe12b7a14d02f4,extra_charge_on_statement,transfer_not_received_by_recipient,extra_charge_on_statement,false,true,0.12219850442413736,0.1267418220699008,0.015863593956802688,0.040038996940746974,lexical_wrong_semantic_correct
127b5e1737928630c4ba7e8bf45e9a311419e1a4eadbc30cc355405f5cc9772c,lost_or_stolen_phone,lost_or_stolen_phone,lost_or_stolen_phone,true,true,0.46916118147281183,0.6319061198239392,0.3830145705857381,0.5798157101160516,both_correct
128537f616d8401d2a802d54fc654e60280fcc5bdae37eb213984ad04af6efa5,declined_card_payment,declined_card_payment,declined_card_payment,true,true,0.532956945713827,0.6054838400993564,0.4130683868595061,0.5233392078588521,both_correct
12c51ef2ace456f17d73e0b86b2026f651c2371777165159b044f6a1fa7f34ee,atm_support,declined_cash_withdrawal,atm_support,false,true,0.08886655498838243,0.7955796849626598,0.0015235752842624184,0.7749529893674203,lexical_wrong_semantic_correct
12d54f4aff6776ea458784953ca1ce3c1006fca09939c5b9544ae491c6b06f82,edit_personal_details,edit_personal_details,edit_personal_details,true,true,0.6402220987009574,0.9127953226562688,0.60695529892902,0.899357177489728,both_correct
12eb63311ac96a4a5b5181be59bb2950f7b1dae2034ec37f37589d07f7cca83c,top_up_by_card_charge,supported_cards_and_currencies,card_payment_fee_charged,false,false,0.2563907531059668,0.4019587056909355,0.07700662617131165,0.20928732986336965,both_wrong
12ec63cbfd481715abf8a859770aca901e37e9578c8eafecd4f5d0eff08720c7,terminate_account,terminate_account,terminate_account,true,true,0.79971036183253,0.8107489928681848,0.791100483963579,0.7958894409862801,both_correct
12f205b3788ded3fdf0185f4039f3dbcea9f0f4195f5703cb98031eb024b9631,top_up_by_card_charge,top_up_by_card_charge,top_up_by_card_charge,true,true,0.2770700049793695,0.6661382601844847,0.17449464417750882,0.5559258106024264,both_correct
12f538fc73ccd0f17fbd4cd06fd57bf9affe73277722af03f7ef39306f80c4cf,disposable_card_limits,disposable_card_limits,disposable_card_limits,true,true,0.5948546951355957,0.8555013247607187,0.2650325828418107,0.770244129870107,both_correct
133b96e13d5445780b9b9fbb0b3df23952413918bed1e31a643dd0743c183810,verify_top_up,verify_top_up,verify_top_up,true,true,0.7585250379293706,0.8529889596789045,0.7266602408968387,0.8270538081044905,both_correct
134605fbbf9999427a79e011e39b8ba240d29a461ad1baf44ffb89b6bd84fb13,change_pin,change_pin,change_pin,true,true,0.8680625756311244,0.8282780147539717,0.8261621251501297,0.754988715480612,both_correct
134996d1cdac838f0569e1c9b04d1496e61154066fc2c1dcb3a015e3b8a6c22b,compromised_card,compromised_card,compromised_card,true,true,0.7202236336162527,0.41733312674219236,0.6966427180196559,0.334224369366999,both_correct
134c331fd8bb8aaa3d149cf771c88f07193e6d0651e830844f4af239ca71120e,automatic_top_up,automatic_top_up,automatic_top_up,true,true,0.8657887547214614,0.7868183266962083,0.8375446301801205,0.7374159256706668,both_correct
13536a642d6c977d7feed806fd1a2ebdb0e1f1b46a998c8abb7dbd011f11fea8,compromised_card,compromised_card,compromised_card,true,true,0.7066505682792896,0.7090649742342634,0.6685640275328084,0.6398464226510779,both_correct
135bf67d35fb35b7a3542c64f8587446b11635f2dd5ed65c099f3a5847bbd3e6,pending_top_up,pending_top_up,pending_top_up,true,true,0.6117572686403855,0.364302729133602,0.500558101063822,0.10252022733090332,both_correct
138557920f8890f0dd1bfc27eff48b759b2e7e2016d345d4261de6102def2379,activate_my_card,activate_my_card,activate_my_card,true,true,0.6512529763832574,0.9059594008550622,0.6292904226873334,0.8923785842082943,both_correct
1391bd9ca5b73b1a6730e5fc32f034625ae9eea9a42cc9d3d285a10bbe5d19e9,card_payment_not_recognised,compromised_card,compromised_card,false,false,0.11164573697920474,0.43122355033603155,0.05804030867250313,0.3177646305001224,both_wrong
13aeedb88c09ce035c531aa01c648c4c084633a3cfe6b3a65e47bf719bb98bc2,pending_cash_withdrawal,pending_cash_withdrawal,pending_cash_withdrawal,true,true,0.9004582760700793,0.8007681738611386,0.8761438774462609,0.744117151493066,both_correct
13d3139d775bfb9ba9ba5ce36fad4fc0cdfc762f79979b4fc2e3e717ff3d4f47,atm_support,atm_support,atm_support,true,true,0.5165119767371654,0.84236693161021,0.48642972478140684,0.8141012203026441,both_correct
13f17593eacb39b14222456f37a5393270f63cefe779cbfca137f1bf694ef9af,verify_my_identity,verify_my_identity,verify_my_identity,true,true,0.774561672745481,0.5903068917634062,0.6519029426955075,0.36208997515249713,both_correct
13f206e9b1eea4d9aac27a4c8fb57d1b533b13a46bd8cee6e838cd1a1368cc6a,transfer_timing,transfer_timing,transfer_timing,true,true,0.37176730735146224,0.42079629487594317,0.1029229189422925,0.2294322012944351,both_correct
13f589bdd6fdb3b09d77995dedf0382cb18016fd8080f6af72cea8bd885c629c,pending_cash_withdrawal,cash_withdrawal_not_recognised,cash_withdrawal_not_recognised,false,false,0.26694199233354615,0.26011457215447753,0.004389981126655451,0.061352591039904564,both_wrong
141a973f3310a0cc842a59124e46d74fb6ae0e70e32f3e385692de759b07b3e9,declined_cash_withdrawal,declined_cash_withdrawal,declined_cash_withdrawal,true,true,0.5748505635068724,0.7007000656711831,0.4790559760251224,0.6426723160665251,both_correct
1422ae18fc1feee5de72fa58a7208a26ce0d901bc63417052c73742e25e35bf8,verify_top_up,verify_top_up,verify_top_up,true,true,0.7812652234588279,0.9071808287105046,0.7592645818414404,0.9004542941863919,both_correct
1445d65b110fca31a9c5ecb3e2b6e0b5111045d505c078abfec1bd5ea9b4757b,contactless_not_working,contactless_not_working,contactless_not_working,true,true,0.3216898509194957,0.26000307877334694,0.2933069433947346,0.18083173962638827,both_correct
146dc3b0cefc9c92a3cf263b94bb05c3d4c41e6a415950fa77c20715532b61ba,activate_my_card,activate_my_card,activate_my_card,true,true,0.3733864880753095,0.9219369927944489,0.32014679905544274,0.8917257838830562,both_correct
147cbd54756ee1c917742b0576e34ea4ef4790456040067bfab9a5b78ec580c9,verify_source_of_funds,verify_source_of_funds,verify_source_of_funds,true,true,0.6521007485836643,0.8500436522411671,0.6323060652202913,0.8363875216662824,both_correct
14880e82accc76127f012215c1a471e3660a508d7c02452e7ea20551763331a3,direct_debit_payment_not_recognised,direct_debit_payment_not_recognised,direct_debit_payment_not_recognised,true,true,0.9297055255698468,0.7744235553500814,0.9018379101770476,0.719028803905517,both_correct
14c202f11f8db411ece1b940692486bbc1b7d8834712f3febfd7254420b5cdc1,activate_my_card,activate_my_card,activate_my_card,true,true,0.8010720987140955,0.7855230277127145,0.7883776400371101,0.7592760434464034,both_correct
14c449f9bfb7c1143e2e3a0c452a3287b53569d099edfedc1d8eef49365f2f3c,verify_my_identity,verify_my_identity,verify_my_identity,true,true,0.6110466697784632,0.7926022527652373,0.41417034652990203,0.6803273682227157,both_correct
14d84068ca4e63cb0cdf71032c30399974473069a20f55128d5685794a721c6c,contactless_not_working,contactless_not_working,contactless_not_working,true,true,0.22968581118807954,0.447705627631275,0.17748797245087056,0.39672197193818715,both_correct
14de5e943a5848f5ca6adae307eedf6cfbb1ddd730a40d5025e7f755038fcfee,contactless_not_working,contactless_not_working,contactless_not_working,true,true,0.4579810228441482,0.5300012906250892,0.43247821493161254,0.46948228555930505,both_correct
1500403a19e79bfabee88a885da024e06d57156abfdf4ff88623e229287a9873,transaction_charged_twice,transaction_charged_twice,transaction_charged_twice,true,true,0.28550935205865613,0.8583979227154459,0.23585895425558887,0.8270730402808927,both_correct
150e4b9df0bf773e82b90134b1de3e07e57c968487bc7e6b7766543aea03e4f6,top_up_by_bank_transfer_charge,top_up_by_bank_transfer_charge,top_up_by_bank_transfer_charge,true,true,0.2717048349868601,0.42307348849873505,0.21013844603350382,0.32051943223469337,both_correct
152067137c65817e6cc05a6e5cabca706be42ad2777ff5abdd04d09fa7e3088f,lost_or_stolen_card,lost_or_stolen_card,lost_or_stolen_card,true,true,0.21651358661746095,0.6209032426722108,0.05918757982187581,0.5233758940481142,both_correct
1544eb719a3724fd9ce69ec50f4845ff12abe1b183c047cf64dc146d6f89549d,card_payment_wrong_exchange_rate,card_payment_wrong_exchange_rate,card_payment_wrong_exchange_rate,true,true,0.7004511596702017,0.7643952314490986,0.5844373936421619,0.6937911801646006,both_correct
154feb0d7865703804b7099a71fbc54e61aa100fe9034fafa426bfc8854b81b1,pending_card_payment,pending_card_payment,pending_card_payment,true,true,0.8286316612411571,0.8883890491167928,0.8079421462460034,0.8575035876205582,both_correct
1556aa5b727e9f7276a3f56aa4512b2d3e810a1229a43d24860bfb8904494369,visa_or_mastercard,visa_or_mastercard,visa_or_mastercard,true,true,0.7753644562381917,0.7281808213456777,0.7654538271696542,0.6774376552129987,both_correct
155edceefbe02c5e3d54c202e26a98bff986c0114fa445023fdda0a8191613c3,card_payment_fee_charged,card_payment_fee_charged,card_payment_fee_charged,true,true,0.8621652668947095,0.817215507220931,0.8171807330523959,0.7828524158530432,both_correct
157a60d78c54ef5eef8b35b23df0dcdcd0f711602c4464258fe4071ed4caabd6,get_disposable_virtual_card,get_disposable_virtual_card,get_disposable_virtual_card,true,true,0.7999372770883073,0.7500547372455026,0.733682387840335,0.6864422899280276,both_correct
1597d14fe9ef377b0d5b44cf11d20aa3ee422a5e279d58572c3e6e286d56fb7b,unable_to_verify_identity,unable_to_verify_identity,unable_to_verify_identity,true,true,0.6360565560523822,0.7000779874386197,0.6199320618604134,0.5969981224053972,both_correct
15b9eb6095e7dc1db3cf5077066229dde5f411fca8658c6572c37555dccfc4ba,transfer_into_account,transfer_into_account,transfer_into_account,true,true,0.42244986123073947,0.8626346784941474,0.34152720224228916,0.8310316517600206,both_correct
15c540d7a93edb7993d9447a8c495a30f0c07898eede0505ac5e7dcb8e535ddc,pending_top_up,pending_top_up,pending_top_up,true,true,0.29986163891913376,0.8195812772481977,0.15814163736638084,0.7607379133642552,both_correct
15c8d710ec88abec42117520d93380c21f249de55771297af33b2649c2dac869,activate_my_card,activate_my_card,activate_my_card,true,true,0.84461746976291,0.8652124748045515,0.8237744599352352,0.832028462520974,both_correct
1608209581b58798899b27ea54b5825f33b56ed8b68724e090bbd7958d2a01e1,Refund_not_showing_up,reverted_card_payment?,request_refund,false,false,0.084387530424404,0.283277168285453,0.02489795368345442,0.029077846277764274,both_wrong
162d7808ad23a9622224d1ab826b6eca9205fe471fb841e6e1fff2c390af1a3a,Refund_not_showing_up,Refund_not_showing_up,Refund_not_showing_up,true,true,0.4370667067702127,0.754506654445334,0.3075446056376059,0.6141286387637802,both_correct
1641cfcdf5057f7e2db2729641920a3eeb4dd81c55b13df7408a5e89f8ca13a8,card_delivery_estimate,card_delivery_estimate,card_delivery_estimate,true,true,0.36442806085653995,0.8793401947246029,0.3345620019563888,0.8683638917748907,both_correct
1642f897fe42fb9e5f3ef5a616e048f48961ba3d359a5264f4bb1283654521c5,top_up_by_bank_transfer_charge,top_up_by_bank_transfer_charge,top_up_by_bank_transfer_charge,true,true,0.23931396598279137,0.4867985122196569,0.021732332654031294,0.22089932912725796,both_correct
165793c3a2ed0e550101a60021903d69924584770a8f5fe4dee4c5730d74f109,edit_personal_details,edit_personal_details,edit_personal_details,true,true,0.7761243003090598,0.8626419996603015,0.7309743479000258,0.8463848764106869,both_correct
16677f6d08bf03d522c460cfa124a1ec8250f67939e1cc19fd94e6e30aaf4de6,verify_my_identity,verify_my_identity,verify_my_identity,true,true,0.6609043140813693,0.7123753005582564,0.45270693788161565,0.5933602762105176,both_correct
166a788b3ce8bd8e88a5b066c9e7b1f9708382c78ccb918890588be88a848913,receiving_money,receiving_money,receiving_money,true,true,0.45727532295126444,0.7817809431522926,0.4227482100565277,0.7655727693727535,both_correct
166dc7cccf0375e76ab3a89d9e9220ac5e1f67163b63d67121175037bce2c4f5,pin_blocked,pin_blocked,pin_blocked,true,true,0.9201438247475411,0.9702169321794535,0.9141082973304926,0.9657945120050889,both_correct
167d95558b7387ae3cac333dc76b131dff6304654d32ff3596a72c6b729e8586,unable_to_verify_identity,unable_to_verify_identity,unable_to_verify_identity,true,true,0.5749083792466643,0.8241026158533349,0.3614109881200602,0.7727081146814428,both_correct
1690d850f685e7c5fdb964b0b8ff038bad6def1aa5163b55a4ce906995286bb1,wrong_exchange_rate_for_cash_withdrawal,wrong_exchange_rate_for_cash_withdrawal,wrong_exchange_rate_for_cash_withdrawal,true,true,0.45095353242144964,0.37482565387371325,0.3047297928363838,0.15452738767877408,both_correct
1698e211eecdaf120e627aafce109359307af51e9bf32af5f95bfb8c232beebf,request_refund,request_refund,request_refund,true,true,0.7316851190893555,0.9238923553733643,0.711781275827712,0.882285334795233,both_correct
16a6fe55dc0f690b035d97695f4d6e82534fb65b078b7c8e66ad55a1a65de3b7,declined_cash_withdrawal,declined_cash_withdrawal,declined_cash_withdrawal,true,true,0.3364272947417904,0.7280017177130408,0.2121134365200257,0.6973400309366935,both_correct
16bfcaef3e73653762ee777432b46a51585208bd817555c0468c5b3bb3864ebd,contactless_not_working,card_not_working,declined_card_payment,false,false,0.08640942187397906,0.16658214586301665,0.01881207436176313,0.08324972788037037,both_wrong
16cdce17a1901d0b3584b75a4cc317e1cdb40b93e5c05b60a8972c8df279dd6d,pending_transfer,pending_transfer,balance_not_updated_after_bank_transfer,true,false,0.33949283640904326,0.2737999455785424,0.07499472343514935,0.0328712638872683,lexical_correct_semantic_wrong
16e92971fe705d6a3f4c501f27be7221fb3af952bd513f7b6847f58780d9b071,compromised_card,compromised_card,compromised_card,true,true,0.1926947654092355,0.5645415045764844,0.14062091370735846,0.5160163088868784,both_correct
16f38524d9c07f8c1e9b2a9eef80d9f93b50b00bfed861990f84bac870e0b7be,unable_to_verify_identity,unable_to_verify_identity,unable_to_verify_identity,true,true,0.29188968238453855,0.5182824520677847,0.19630901835242714,0.34722899052742495,both_correct
171113918a17fdf34d95f012df234bf707a35474f3367ac293d8d9ab9fb4d064,pending_card_payment,pending_card_payment,pending_card_payment,true,true,0.3470111438038196,0.5446191569317672,0.20557436405806115,0.4749798889912524,both_correct
1716562e65c9ce1ea19176871a9e57c170a9db1284ed716318a15ee42494d169,top_up_by_card_charge,top_up_by_card_charge,top_up_by_card_charge,true,true,0.44673913073174953,0.6661571012451349,0.24164530041439425,0.6163638435756028,both_correct
173ff6e1919cf39a1e98c0c62f15e6f5d650ce909a42d443b39b26b0c005bf75,order_physical_card,order_physical_card,order_physical_card,true,true,0.4200823981155099,0.5241744332369301,0.35858842985572154,0.38531887202452575,both_correct
174b134703550d74e445966ea23dc4d8ca814507ff5b81734db7645f7024e8f3,wrong_amount_of_cash_received,wrong_amount_of_cash_received,declined_cash_withdrawal,true,false,0.282500939579676,0.347356018028212,0.18397138317667294,0.04644069998008643,lexical_correct_semantic_wrong
17965faf22df7905fd96a3283f8a55afe1182e3106fa5ccf638e8293e57a664f,wrong_amount_of_cash_received,wrong_amount_of_cash_received,wrong_amount_of_cash_received,true,true,0.897784711915977,0.7620453505632906,0.8858904568531025,0.6462795658530448,both_correct
17974c59929137ea51f978da6e919bdd6889f9692fd4e621a81d6483b1a00d79,card_not_working,card_not_working,card_not_working,true,true,0.5566880762788602,0.804169349053464,0.4717699422231175,0.7517782474253145,both_correct
17a620da824f87c7cdd0b1db28179764e58115ddd0c44384dde8115b52398a75,topping_up_by_card,topping_up_by_card,topping_up_by_card,true,true,0.16721847746145987,0.12991733109713144,0.12390413472134956,0.006164484525019387,both_correct
17ba724b4f62569a6063be8651b53aa32d6bbfc048a896afc23d8f6e5a792f2e,receiving_money,receiving_money,receiving_money,true,true,0.7437415802557875,0.8693702762836515,0.7317213287240817,0.8438834419247974,both_correct
17bae9586ca0f7bc379c9be48d2346599aeec8b5dfc77773e86d3e8e5b6ca02c,automatic_top_up,automatic_top_up,lost_or_stolen_phone,true,false,0.1929468890852613,0.10631168224279178,0.1236809648783953,0.03230979737535042,lexical_correct_semantic_wrong
17d3814c11a69f0d499f73e01c9892ce204322ddd1803fcc063f3742c70fe36c,pending_card_payment,pending_card_payment,pending_card_payment,true,true,0.22351435392542668,0.514688826275417,0.0930210055985416,0.3250803211236737,both_correct
180a4251fc73bf3080ab3bde603aa4ab692fc386ec3ff19127be3bccc43f2324,topping_up_by_card,topping_up_by_card,pending_top_up,true,false,0.19306409371764885,0.28044504667705467,0.06940980084571594,0.0067841028653103375,lexical_correct_semantic_wrong
1810fb662bf99df094f24f4db018e664d81e333f8af754fd9ed18dee2a3e3063,top_up_failed,top_up_failed,card_not_working,true,false,0.1917018645456055,0.3604406662844769,0.15441462424739716,0.09410719578837795,lexical_correct_semantic_wrong
183cf448eaf01b6cbc083daa45a192b9bffb38fa8696d2f32b650b5eb46aa328,transfer_into_account,transfer_into_account,transfer_into_account,true,true,0.5024376729122937,0.636706250530476,0.40814930306257546,0.5338882965530378,both_correct
18615c4a24239883f56180f1b02d229cc227e981e46771f4018a82581005a7ea,transfer_fee_charged,transfer_fee_charged,transfer_fee_charged,true,true,0.6232363697602279,0.7775042015621332,0.5821769074170137,0.700545207511587,both_correct
186a2775e67c88e7c2080a0597a6c75a0db7db108ef2dbb50ab6adf7640d6fcb,getting_virtual_card,getting_virtual_card,getting_virtual_card,true,true,0.5992788851944147,0.66031556102708,0.5536357584566924,0.5538166071691886,both_correct
18a647015a474511c1fcc208f7ea55083250ad62dbf7b0ad7a882b6b8154255d,visa_or_mastercard,visa_or_mastercard,visa_or_mastercard,true,true,0.33481535502382265,0.7964223972629515,0.31261801991127436,0.775282252809937,both_correct
18b6b7a691dd7688080f8a4e21d57c351dc948fb20f4d3bfb5f3b133e974cbd8,get_disposable_virtual_card,disposable_card_limits,disposable_card_limits,false,false,0.8756686192395572,0.9215697596532262,0.8576062130908395,0.9088770697794544,both_wrong
18fbe738f8dcde937c3cfbe664263d3f0a61e6cb6ebca851721d21fac4b1d085,card_payment_wrong_exchange_rate,card_payment_wrong_exchange_rate,card_payment_wrong_exchange_rate,true,true,0.6971688656485909,0.7459743743424125,0.5794502330579319,0.6550652476289202,both_correct
19033f624ee475ee0def17c1fdd9a87e6fce4fc39844da79242bda0e1e46044c,pending_cash_withdrawal,pending_cash_withdrawal,pending_cash_withdrawal,true,true,0.565484998281652,0.9021262528587285,0.5035511550550313,0.8865666173518836,both_correct
192229d2672b7eaed1880b13a14e8c8e4270e3d0662bcc0df59d8cd8336e9e6f,card_payment_wrong_exchange_rate,card_payment_wrong_exchange_rate,card_payment_wrong_exchange_rate,true,true,0.36904028033052244,0.6037906109788568,0.13392204617413098,0.39252552957687903,both_correct
19549570765c14505ccfbb9704503957d16ea09173c0a06b4bf2519165c5470d,card_about_to_expire,card_about_to_expire,card_about_to_expire,true,true,0.7748984499682615,0.8636094683000255,0.7609037794471485,0.8489741467219603,both_correct
1968364f844d3ac183111c8ad26119fb425db4f69b525110d7b602e8d6ff7e64,order_physical_card,order_physical_card,order_physical_card,true,true,0.9298385762947624,0.8505556051183861,0.9164705481941207,0.8315843905247006,both_correct
19a3045cb8744b3dec01f0f5da9ea846c2cef4adc7f655e985c7f0e27408d597,request_refund,request_refund,request_refund,true,true,0.7156672247156429,0.8351822787719098,0.6341760388000287,0.7244459331881321,both_correct
19b08be2d037c936fbed6909d92dadc062a3b2a8a8a5fa42f3e1bb8e40b88b43,transfer_timing,transfer_timing,transfer_timing,true,true,0.7312228148851412,0.7078327228895642,0.6738033941171165,0.6212224367931214,both_correct
19dc2d5bd1cd819241ec6454ce0c845af1ffccf4b84dffd41c538de6b3a8e674,top_up_reverted,top_up_reverted,top_up_reverted,true,true,0.4503662153024902,0.7962191022715812,0.39048011250418924,0.7048030131124474,both_correct
19dcbb8cbc24914eb51fe4a20a31e4b59480ab03b068b2a4a376d0cee651ffce,balance_not_updated_after_cheque_or_cash_deposit,balance_not_updated_after_cheque_or_cash_deposit,balance_not_updated_after_cheque_or_cash_deposit,true,true,0.40194478471611134,0.7337765810198736,0.3408371028948099,0.6445003983803438,both_correct
1a20d153605c7ff6f3cddd8c31b6b94a0a95b1e2afed065593b0048eb08e636b,contactless_not_working,contactless_not_working,contactless_not_working,true,true,0.44691650563821755,0.5574602096723104,0.4014410212981114,0.5259893100528088,both_correct
1a382a03823fa1313b34c005f53bc17329a28a46c61c0f7188ed4a936840ba1d,card_payment_fee_charged,card_payment_fee_charged,card_payment_fee_charged,true,true,0.7927951346624807,0.8601995934301686,0.73669280254281,0.8331236606674214,both_correct
1a8592309a9ae2093954e0bbf88b031a24c95279b552fb3b62d36efeab98877a,card_swallowed,card_swallowed,card_swallowed,true,true,0.23960388959626963,0.39224783711187355,0.03718637451727694,0.3000453119237615,both_correct
1a8626658259e7d1fa5c3c7bbd3c746af9eb106a499937b062247c0f38478a91,top_up_reverted,top_up_reverted,top_up_reverted,true,true,0.5096448456026014,0.6900540243935541,0.3787815885836191,0.6053584037981208,both_correct
1a8bd0a4c9b8c57d05706aa189bad29644dc6e861ceaa59305b1894c9a922fc3,lost_or_stolen_card,lost_or_stolen_card,lost_or_stolen_card,true,true,0.4960983536953908,0.4862490908841156,0.43795457555036355,0.4258768474461991,both_correct
1a9367ea29a3d1e350d95ba8985cbb57f22d950081294c8f47b8a23b16e94cf9,failed_transfer,failed_transfer,failed_transfer,true,true,0.5100996265141596,0.460719865031535,0.4510959637091249,0.3255676923542537,both_correct
1ad6dc29c16ce3ed179d8b7f844989332ee3e80d93096eea97f4b636e7de5162,reverted_card_payment?,card_payment_not_recognised,card_payment_not_recognised,false,false,0.18717317327816488,0.15623751390561055,0.08882335699865049,0.018648855496681133,both_wrong
1ade0b23121db891e2d6202e4a917d17f597a6752bc97fa4a45f5e3da19e4e8d,fiat_currency_support,fiat_currency_support,fiat_currency_support,true,true,0.6090296973227388,0.5412281346373948,0.5523077488695548,0.4346981653594691,both_correct
1ae6fccf50463e3f7d0e677d530c157a885bd87f7c20e68615122838bb07145f,terminate_account,terminate_account,terminate_account,true,true,0.7473590211141826,0.709403231448678,0.7351525104077427,0.6834663342069689,both_correct
1b182499aeaab3324c523965f20582a4242cd980945a5e6986d1980ac7d5e0a0,card_linking,card_linking,card_linking,true,true,0.8952591572626192,0.7885200922152175,0.8802385906085031,0.7630426486389006,both_correct
1b282eb11b337eb0d91d22e247345ec1eb2df65bc3c91741684b7e18870c5464,getting_virtual_card,country_support,order_physical_card,false,false,0.05338966893418054,0.3424507444228774,0.007140286998840152,0.18754530974144362,both_wrong
1b61f19d3ef2f8c60941efd7e664ef5b1d1dadbcfb01ca764d9b9071b7e388dc,wrong_exchange_rate_for_cash_withdrawal,wrong_exchange_rate_for_cash_withdrawal,cash_withdrawal_charge,true,false,0.1564741697893937,0.32947573236129596,0.1170097342919175,0.1000069858128751,lexical_correct_semantic_wrong
1b79962e581e9bf89541727ee50e6608b8ddb3d6f6d7739ab2233cb730e34f90,declined_cash_withdrawal,declined_cash_withdrawal,declined_cash_withdrawal,true,true,0.34616203934319156,0.3801235769192249,0.283564372588891,0.29509220930857494,both_correct
1b7f0d16b6e4e9b76cec62e036cf7b5bd25700ff473d93aef402233c2ffd46c1,transfer_into_account,failed_transfer,transfer_into_account,false,true,0.08826385470395977,0.16938124837009644,0.0020664756069211365,0.028847274682713142,lexical_wrong_semantic_correct
1bb7fceeb65ed1f21ccd5111922e79ec94685b3a2323bca9426ed96d653ab893,extra_charge_on_statement,extra_charge_on_statement,extra_charge_on_statement,true,true,0.1926936658501332,0.7942608386485788,0.12738851788254796,0.7736096191979598,both_correct
1bdbdcbc8e9ab0395f34ade73d26c30875e835fef981a5339999da508d167b0f,topping_up_by_card,topping_up_by_card,topping_up_by_card,true,true,0.1476348532690679,0.18380810066683353,0.0385958534313266,0.0018520689364361076,both_correct
1bdd10c511ea2f3537e392dccfb07b3f011f6240f70ff908fe8ffe66c9215721,pending_top_up,pending_top_up,pending_top_up,true,true,0.8757506735161404,0.8406144869136365,0.8518686269122268,0.7752032255260737,both_correct
1bec1c700676aa5176bd5ead5c75bdbb599b0ee45b391dfdb87a87ab69e8af41,get_physical_card,get_physical_card,get_physical_card,true,true,0.3349031711525833,0.5710929676748588,0.1208982560388823,0.3748537294475895,both_correct
1bf038f3bf2897cc7e1e94126906f4bfdf240f14c60ccaba58cf36a5e42ca5bb,card_not_working,card_not_working,card_not_working,true,true,0.24829240381944095,0.40929355853319105,0.20227853121219624,0.2594109480634578,both_correct
1bf18a06375409d92a9d36749a31abda834a4e7794c5ff51ecf1245e54519b55,declined_card_payment,declined_card_payment,declined_card_payment,true,true,0.39497350063531,0.6804262825293882,0.31140918811409996,0.59205530523291,both_correct
1c033588b536cfddaa663e6a67a3d417c76547c03a76cc96d2bd25ab8397cc38,cancel_transfer,cancel_transfer,cancel_transfer,true,true,0.5705215029334517,0.8128389426346948,0.5477944296679657,0.7898112456035212,both_correct
1c09c8a2108bbf4117f20f7269ac587a0125ca76e32003ffa77fccaa930369aa,lost_or_stolen_phone,lost_or_stolen_phone,lost_or_stolen_phone,true,true,0.8317303144042115,0.9028315045868494,0.8095567196968783,0.8817424647978364,both_correct
1c1786f2c2cda8e296bf442ac3e25422a6410c712439586784fe28ee7780a6d3,declined_transfer,transaction_charged_twice,declined_card_payment,false,false,0.2792271080347561,0.3141292153371549,0.1806680776898883,0.13630590100957785,both_wrong
1c3244f98629dcfc3c100cf6fc16a0d269e8023e0176dda203abd3de7cf0b6a7,beneficiary_not_allowed,beneficiary_not_allowed,beneficiary_not_allowed,true,true,0.5890368379691294,0.7969647523817984,0.5231071659766182,0.7453494604376248,both_correct
1c666c0e41056584eebc0ff201a693860d4d35ccca8cc969c8b93537c238cd87,getting_spare_card,getting_spare_card,getting_spare_card,true,true,0.2127429622648429,0.4027684823652024,0.04479007911931576,0.3207191113778992,both_correct
1c74fa7cd7f2621f998ebcafca6c6f38dc8d07f8dee35a6be54a8b036f35421a,top_up_by_cash_or_cheque,apple_pay_or_google_pay,top_up_by_cash_or_cheque,false,true,0.18306490758388963,0.3264373653197655,0.10887982127654684,0.189069348490437,lexical_wrong_semantic_correct
1c7dcf967cab9f553c0b8367377c9af1e94f6ec8de8b19c3244ed61a82960a00,change_pin,change_pin,change_pin,true,true,0.2834747836741513,0.7282336561788327,0.1360585988115766,0.5849159974993593,both_correct
1c85ac466e803514d6ac07671dd2caa2a23fd11e1366b10f8b4b404a73c783a5,activate_my_card,activate_my_card,activate_my_card,true,true,0.7008168466715824,0.865873431950136,0.6388203945741572,0.819544135389259,both_correct
1c9fc262b845624e2b0833a52f6886682bf120e574ef38e8168fcc46af297a36,top_up_limits,top_up_limits,top_up_limits,true,true,0.609239583090821,0.9046797481573103,0.5656129721536608,0.8803101837191882,both_correct
1ca9bf82c2f7c6c322d4d003009c54238e35609e99a3e10c42dd7f0492be54a7,top_up_limits,top_up_limits,top_up_limits,true,true,0.8487490601239337,0.8338964260420211,0.8305714422104419,0.7945084423503671,both_correct
1cdbd3a8e5e32d567181ef133f40e2f5cdb9547286e3f3b0b78d6039528f09d7,verify_top_up,verify_top_up,verify_top_up,true,true,0.9479206214704056,0.9130437303081388,0.9438597031042028,0.9065851648731823,both_correct
1cde8ed2af11290ec14c1bfbf60795e03593e55e73c927852c53c21f78108f8b,atm_support,atm_support,atm_support,true,true,0.6253706922032546,0.71275643397741,0.5690676181178597,0.6792345485345043,both_correct
1ce8ec7e05e08d1885ea4ac6a9bf7f44e4fb8ac9502c0b579405dce6e133cb65,card_payment_not_recognised,card_payment_not_recognised,card_payment_not_recognised,true,true,0.5560287449872714,0.6357017749905673,0.4663890491151235,0.5734143645819316,both_correct
1cf09fb90ccfd197633b89a9e0331573f9486c50760d270918c41029dfa6b8b2,transfer_not_received_by_recipient,transfer_not_received_by_recipient,transfer_not_received_by_recipient,true,true,0.19482030352340668,0.33172742516264936,0.12714213353177456,0.23825581675833066,both_correct
1d0348280a9d0356b229ef7d0310341a54bb5f95bbe6514d733631c0b9e776c1,automatic_top_up,automatic_top_up,automatic_top_up,true,true,0.7735686844144202,0.9322353576412478,0.7609147608686374,0.9251604926958659,both_correct
1d05c977ea363e37ac22c3de4dbe8a83b147a338ee79deee9bede444afbc683c,get_physical_card,get_physical_card,get_physical_card,true,true,0.4351944178822835,0.7004899383448033,0.32351671071994814,0.6179286464582995,both_correct
1d10fd0ee65f7ace40452d9a382fa9bc8fd4839ac737d4dfa5fb6d24907fbd7d,country_support,country_support,country_support,true,true,0.7427184696548929,0.9230652028256534,0.7181318992668464,0.9004513724490967,both_correct
1d42351bfd9d88407008478a5217bd30f9eb9e6df72ea7b817bf36e03c3d0703,card_swallowed,card_swallowed,card_swallowed,true,true,0.5193548341563672,0.5960417416062668,0.4398918218225398,0.5216328173315464,both_correct
1d4e369493ad91b22bd147dfb437a580b9db539a6ec0973d54019fee177b4b2b,verify_source_of_funds,verify_source_of_funds,verify_source_of_funds,true,true,0.5687338539085388,0.9057978464326706,0.5384750504511435,0.8978720058316694,both_correct
1d610f1d6771a5f07204ee2995c8e49ec1d0d6f7dc5c1ee6fffd4a569f0701db,visa_or_mastercard,visa_or_mastercard,visa_or_mastercard,true,true,0.8604031713725528,0.9637699131764198,0.8563089610955203,0.9580517426462155,both_correct
1d77cb61b0b17542b7a784c921fb9f700f0918e878dbffbffe99b2483d902b46,cancel_transfer,cancel_transfer,cancel_transfer,true,true,0.36920919580474143,0.732843741300457,0.2567578011734505,0.6994688626565153,both_correct
1d7ce02f893848ccdaf0a8b960183afb7fc5449e4cc9365475a389dd2d799715,lost_or_stolen_phone,lost_or_stolen_phone,lost_or_stolen_phone,true,true,0.04707805355292476,0.7463898518997748,0.004225140258880454,0.6987925962356816,both_correct
1daf7aa5c30537398d06400154fb606373229506bb2cf429575e95022ae83927,balance_not_updated_after_cheque_or_cash_deposit,balance_not_updated_after_cheque_or_cash_deposit,balance_not_updated_after_cheque_or_cash_deposit,true,true,0.3451031175445511,0.7470828530548458,0.3005216810412758,0.7236417436905029,both_correct
1dcd92353b7c06fec2394a9da4d4eddce01820a1a7bb08272604538989fca4f7,balance_not_updated_after_bank_transfer,balance_not_updated_after_bank_transfer,balance_not_updated_after_bank_transfer,true,true,0.6684544857102644,0.8301004882895924,0.6381108358011239,0.7888415427387389,both_correct
1dcfd014d7f50fefed406db77575606bf32c3e33d6c382cfb054986ea08220ce,lost_or_stolen_phone,lost_or_stolen_phone,lost_or_stolen_phone,true,true,0.5185781248208493,0.6694778338269682,0.38443481694089726,0.5700980183329102,both_correct
1dda9db714262ccd54b615d072f8ee8940e72dfa366ec5cd6e33815c1b127284,exchange_via_app,exchange_via_app,exchange_via_app,true,true,0.6402761042309782,0.8634788212253786,0.5827427978774753,0.8435602685780336,both_correct
1defcdc244f4a0deedaeedbaafef8a2912fc1e0fd856bae47ec688cdbb07d811,top_up_by_cash_or_cheque,top_up_by_cash_or_cheque,top_up_by_cash_or_cheque,true,true,0.6171900678338654,0.7877187486718833,0.5657894556344123,0.758591548464484,both_correct
1dfc40f4c06e66b86d2bd08146fc7f226642f365026b12110d3045b7d44a4447,getting_spare_card,getting_spare_card,getting_spare_card,true,true,0.5603363632050516,0.8968997680759774,0.393140407648381,0.8623529045263517,both_correct
1e00395dc9c44980506a36990741dd9a9b5833c6a7e997e95255c44d451b2895,card_payment_not_recognised,card_payment_not_recognised,card_payment_not_recognised,true,true,0.14695802390046694,0.3740286924038254,0.03764786538495922,0.24584744523973712,both_correct
1e020b94d4e3b9f38e7f77142a37e2fde3d64b02d4f52d55cee8c7081227f8a5,pending_cash_withdrawal,pending_cash_withdrawal,pending_cash_withdrawal,true,true,0.8342315283477374,0.7829134633810247,0.7878741547159829,0.7161993876946064,both_correct
1e1755c9ec028fdc38271ca07bcdcd10b0bb6270396d2ac0ed6c7dc4d52c5d47,cancel_transfer,cancel_transfer,cancel_transfer,true,true,0.8613775555890401,0.8726137760508128,0.8409250776908974,0.8338855675357594,both_correct
1e373c8a061c5855e6af229e6f28f9e36dc57670e3efd50019582e0894422825,card_payment_fee_charged,card_payment_fee_charged,card_payment_fee_charged,true,true,0.5555809306239886,0.8715540325809491,0.5115762811461131,0.8487993960218292,both_correct
1e4cbace1d67317256666400de1b4a94cdd471fe7bd4393184b6742448d90c0a,transfer_fee_charged,extra_charge_on_statement,extra_charge_on_statement,false,false,0.09950547138385692,0.21899544072414534,0.028041308066424214,0.012305670346468595,both_wrong
1e529bef361a70607d8c113e61c7de8b34b0f8777f7598a702d8209d101d4b15,top_up_failed,top_up_failed,top_up_failed,true,true,0.5057037224403147,0.616667659030208,0.3719576161922765,0.43937983089483745,both_correct
1e64f739ae05273efc307207f820589b6422f7ae1bf97d8c194bacb4f9a1756c,pending_top_up,pending_top_up,pending_top_up,true,true,0.4092769696087829,0.4788717681143352,0.32647359472876164,0.372414187896554,both_correct
1e65f5ebbcf0f5dcb91e8ff520407b37c5623e820de5d0823bed667c05e5971f,pin_blocked,pin_blocked,pin_blocked,true,true,0.3826917054020847,0.4302606290018879,0.2519769244269572,0.25921387109024663,both_correct
1e6a61562cd017c0ba1d01aef874396b103bf2cc91df423edf4e23696c1d9cc5,card_linking,card_linking,card_linking,true,true,0.8022566861604232,0.7019520017936746,0.7906383073237161,0.5962197997095275,both_correct
1e7bacb480d76ab719a256147f0f60649a70874dc1ffeebfb1eb04635df71e57,top_up_failed,top_up_failed,top_up_failed,true,true,0.6356105354717496,0.6568176745451124,0.5768959629993102,0.4912780987538297,both_correct
1e80604e52d1ee290683849c541695451ef1cef7e691c166ba50e46e48fffa49,card_about_to_expire,card_about_to_expire,card_about_to_expire,true,true,0.7526765656311325,0.8429729824267154,0.7297549144040847,0.8204462134380625,both_correct
1eb182b98f4fc6852337eae70ab4a62f81de0f0f451296a80181769c7d98032a,supported_cards_and_currencies,supported_cards_and_currencies,supported_cards_and_currencies,true,true,0.3598723484991216,0.3936567968020783,0.29369857594442983,0.21364943799624195,both_correct
1eb52af5b7b8880c9a6379ed66bcc4daf48cefcd2d019fa6d8fa36829ed5e36e,atm_support,atm_support,atm_support,true,true,0.7190336589889974,0.8292559207105065,0.6613545029327662,0.7754623215006413,both_correct
1ed96935908a7f1d54e74d3fc68497be9c2517e54e76f94431b8ad1dcd86215f,direct_debit_payment_not_recognised,direct_debit_payment_not_recognised,card_payment_not_recognised,true,false,0.12295708250832853,0.46008107380696045,0.003679928209019606,0.29787105935867886,lexical_correct_semantic_wrong
1eebeac0f1dd7b41ca3eedb7d5bbbbd0857a8e6ef6ef1be33ffa9b0dece2516d,card_payment_wrong_exchange_rate,card_payment_wrong_exchange_rate,card_payment_wrong_exchange_rate,true,true,0.6108581457046993,0.6622213599224891,0.5102737690537318,0.597786949277753,both_correct
1ef5ce0eeebde7a0b5f751bf7e4ba6f6c736be8162531d3af532688cb33f322f,unable_to_verify_identity,unable_to_verify_identity,unable_to_verify_identity,true,true,0.4772895097092456,0.6610313322697776,0.33777771617948493,0.47280627392199037,both_correct
1ef7fe05f39845dbc2e4ae086f9fddca90b6a3d0f6023099e6c96e9fbc7674ea,transfer_into_account,transfer_into_account,transfer_into_account,true,true,0.3649519042316455,0.1932758334068122,0.3087113213142241,0.08056020516753708,both_correct
1f124c4d23e72dc18f8c73dd06c6b5799c12a2f1d818b2e72cf30f34332a6609,pending_cash_withdrawal,pending_cash_withdrawal,pending_cash_withdrawal,true,true,0.8786591039800097,0.7482717481417868,0.8420905924658497,0.6924051562955403,both_correct
1f365f33454d2dffc1a4aca55eae8b7b44fb4569c3332efd388640de8c82d535,card_about_to_expire,card_about_to_expire,card_about_to_expire,true,true,0.35439945842671194,0.7368907245733287,0.26273348401532437,0.6999905428905847,both_correct
1f3e1ad5e7b48839ab37865f69e35411a705f5731531b1aef81fe9183924e936,terminate_account,terminate_account,terminate_account,true,true,0.8605977551664187,0.8103396666147209,0.8512189796196098,0.7962968947975636,both_correct
1f5b033e1566c7ad0058dc0221490fa7c9d546b9acbfd94b2df038194c99c1e8,lost_or_stolen_phone,lost_or_stolen_phone,lost_or_stolen_phone,true,true,0.8015234321522158,0.7373940054605911,0.7891544930032354,0.7026346709585014,both_correct
1f60281a067972cc51359f015e9a0291a2de43f9ad694243786c7bc1f8ac2bbf,disposable_card_limits,get_disposable_virtual_card,get_disposable_virtual_card,false,false,0.4022440067251414,0.5462703082039265,0.06703826665844431,0.27105886638491794,both_wrong
1f60551bdd15e7861e8b21af13f4e22e28bd6fbf74a9e1144c35c4aba3c81f80,getting_virtual_card,getting_virtual_card,getting_virtual_card,true,true,0.8593955363785282,0.8390242742853848,0.8149055079641452,0.7953641617580712,both_correct
1f85858300816d39ec25a279d727bff74aad891d1bee4833b7fc5153df48c505,card_swallowed,card_swallowed,card_swallowed,true,true,0.6190923732730741,0.5888637092499612,0.5815999480765695,0.47150857704392557,both_correct
1f963694d197c2da8f4103cd63898fbfea60fc4939f076afcbc09867065c4dbd,apple_pay_or_google_pay,apple_pay_or_google_pay,apple_pay_or_google_pay,true,true,0.7207290239099083,0.8505842055469981,0.7023943837789315,0.8331827270964667,both_correct
1f9afa2b081258e2ed2446b08fc87b296b4aef1129a53a4f40ecbd6b54bd6851,cash_withdrawal_charge,top_up_limits,cash_withdrawal_charge,false,true,0.11888334672722631,0.32266253667520745,0.041820363943303795,0.21026448631393208,lexical_wrong_semantic_correct
1f9e157865dd9ba89006cb628ca71183bbb79570b26059d5f6f14dedcb42d7ff,top_up_by_cash_or_cheque,top_up_by_cash_or_cheque,top_up_by_cash_or_cheque,true,true,0.6991958540042015,0.7741893152073517,0.6550449334421135,0.7349118309950452,both_correct
1fcea9182e023fc32f914eddc43fcaec2930d73e34e62bc0158c3ce83d97cf8b,extra_charge_on_statement,extra_charge_on_statement,extra_charge_on_statement,true,true,0.10315377630822202,0.409749355838279,0.06321183187280281,0.26910363524832315,both_correct
1ff95518fb8916306a278975f2173f54487f8f99e6ef3e48706b10f66d52bf89,receiving_money,transfer_into_account,transfer_into_account,false,false,0.1310516044735075,0.2531605171395175,0.05824711528092977,0.1102625413486133,both_wrong
1ffc2e92903e99dc7cd6c9c56b41f9148a27d19be8f57a75dc226e600e0751f2,apple_pay_or_google_pay,apple_pay_or_google_pay,apple_pay_or_google_pay,true,true,0.7797898819108963,0.7510074144648009,0.7583591821775011,0.7074805785901425,both_correct
2037c742ae16062a411ad55e58c0a7d44e010da5e018d9905e19f53d2a271cf3,pending_cash_withdrawal,pending_cash_withdrawal,pending_cash_withdrawal,true,true,0.35756310923042517,0.6510645323272803,0.24363782028704412,0.4928706444118627,both_correct
2046f231f8dd987d3f54a64587e9582a717d62f8d31e3c8589033acf72f07cdf,edit_personal_details,edit_personal_details,edit_personal_details,true,true,0.5447365537226887,0.8826876394437063,0.3620394078735292,0.8616583406954221,both_correct
2079db4d0bb9b68a6abc0b8c34515fcc23429c93528ad464eaa6ae0fc7ad978e,declined_cash_withdrawal,declined_cash_withdrawal,declined_cash_withdrawal,true,true,0.56120784123903,0.6406735217699265,0.3343924289605218,0.4226001675280633,both_correct
208eccfb5d64e21d57b8e7334da197ef945bddcfae1f6e6a3f1b25d110478062,card_acceptance,card_acceptance,country_support,true,false,0.1297358556321952,0.31294179145274637,0.08796451250550055,0.058888137898303605,lexical_correct_semantic_wrong
20b41950832275b5dd72a31ed79e588abfbd149abfb6385ada3e75b0bfdb08b4,exchange_via_app,exchange_charge,exchange_via_app,false,true,0.24829097920146267,0.5315014817512851,0.08396694112742065,0.4060118157038619,lexical_wrong_semantic_correct
20b4c02f83a748f153020b3faa174eaaa12319be68388d2e5abfe68ce3c33093,exchange_via_app,exchange_via_app,receiving_money,true,false,0.06671253898519292,0.14988553384713793,0.027350884896970296,0.043096250934054295,lexical_correct_semantic_wrong
20bb8413ad35d31e9c04b370f4e44adab85857f33fd3a85976a93e66304d4dee,top_up_by_bank_transfer_charge,transfer_fee_charged,transfer_fee_charged,false,false,0.29027818001235667,0.44126922282460046,0.19603632721499611,0.004364634549406943,both_wrong
20c0fcef17114f2182faeb8bb15b50145a95ee7af9bca0cd55e654e9c55e2427,request_refund,Refund_not_showing_up,request_refund,false,true,0.4988730948434731,0.6522316537691895,0.07189146115001172,0.42067845499648293,lexical_wrong_semantic_correct
20f31b7a921d81cdb35c63c6ac8916d6d42c750ccf4bb9a2029620ccd1dc23c3,exchange_charge,exchange_charge,exchange_charge,true,true,0.5855257382041327,0.791673961900231,0.5419195698094181,0.7480271907711922,both_correct
20f67a1017dc7fbaf68bb956248ee1a318dcfdb20b1d7fde9b0b9f8df93ca291,exchange_rate,exchange_rate,exchange_rate,true,true,0.48618600256278405,0.5088923775925118,0.36919485636113836,0.3246337463130763,both_correct
216dc0acf13e36b357baa8623169c23b070df2c85006b033b4f37c8707576f54,cash_withdrawal_not_recognised,cash_withdrawal_not_recognised,wrong_amount_of_cash_received,true,false,0.45354944675923925,0.3976537487484236,0.2273119868594412,0.23668151185396125,lexical_correct_semantic_wrong
2187299326fdf1a8257573dd19899aa9583a400a5fdaa80e74e29d3056436ae0,country_support,country_support,country_support,true,true,0.1889525529500905,0.7176313966317109,0.11643440735865342,0.6846796227010596,both_correct
21af629a1ef081b84040b48bda1793541a8aa95bdd6faba86e448fcff6b5b4b7,topping_up_by_card,top_up_failed,topping_up_by_card,false,true,0.12322117210092427,0.2622331995799143,0.006074581971558163,0.14338966016947147,lexical_wrong_semantic_correct
21afc05134a44fd1db0d24d323f7c63f2355a144e21749c9b5b5ad76b09304b1,automatic_top_up,automatic_top_up,automatic_top_up,true,true,0.5984192146428583,0.7140362863593369,0.556546911847425,0.6510586150831472,both_correct
21bbf6942236fd3578a792221cd74366b850b65ed3c334ecc45600e906140779,lost_or_stolen_card,card_not_working,compromised_card,false,false,0.08937498044119109,0.21344904027566963,0.04044802970200064,0.05923663325638967,both_wrong
21da78dfe19497e93d74b0ef3a610ac7b974f8badb9433b5caa2068917b65d57,atm_support,atm_support,atm_support,true,true,0.1987306708468698,0.7719929684874661,0.12249180890691004,0.740445157122199,both_correct
21ef1fdd091bc98df64cb8fcece57ae4e72e82d2933c30d31ef97680a901af64,pin_blocked,pin_blocked,pin_blocked,true,true,0.8202801366012816,0.7388037312557084,0.7750828892542109,0.6509826833361294,both_correct
21eff5667ad525c9d3491527f9570c9df035b61692d0b6a5979977a833f9195a,failed_transfer,failed_transfer,failed_transfer,true,true,0.5052829344896289,0.6930380710914076,0.48232194161725583,0.5727209426648424,both_correct
2200981a837b64937ca2de99cccf6fa28475b02c550fc91d46022ac7ed32ecaa,balance_not_updated_after_bank_transfer,transfer_not_received_by_recipient,transfer_not_received_by_recipient,false,false,0.4910381028121532,0.47074330816042226,0.2818575747007208,0.30788938626863405,both_wrong
2207390c5a657bf09a3af99978bd4a4d9f4fe08e9d54ce4861e92d529dde7e91,order_physical_card,order_physical_card,order_physical_card,true,true,0.6306047330111773,0.5003312823113849,0.579001923846854,0.29488745614114203,both_correct
2219c753e02785f821bf5086c74b1ba9db723ca137e6bf3d85c68bca1632bace,reverted_card_payment?,declined_card_payment,declined_card_payment,false,false,0.1136314545884925,0.5863299094466032,0.0598563506523851,0.49791849621384887,both_wrong
223bbd3a31bba7c52292548f84cb3e88c87e29872c3bb7b1e7947ea4fe45194e,getting_spare_card,getting_spare_card,getting_spare_card,true,true,0.8168314371402648,0.8464996476657074,0.7967455178947787,0.822820133549256,both_correct
224e77d69b8f1e9f4dd1c302f43b19c1c29ee26fb3355d3e06cfc8f865a778d2,getting_virtual_card,getting_virtual_card,getting_virtual_card,true,true,0.4594107987584601,0.7429775624491011,0.372869750974006,0.683192631980963,both_correct
225fa5173e54dafe8c2f5b0b6d75f20b23bd751b17ef88b4c905c42edb3bfd47,receiving_money,exchange_via_app,exchange_via_app,false,false,0.40456500806194157,0.46880683528586015,0.3000655235308675,0.33196589858496983,both_wrong
2271420213c4346dfaa1b585d32174c68e24ffba3441a157f0f857db6eeb76c9,cash_withdrawal_charge,cash_withdrawal_charge,cash_withdrawal_charge,true,true,0.7294365711526044,0.8498611034191355,0.6566914212973907,0.8280125051648886,both_correct
2278514ae8dd899342512ed7b75de3a84d6007baab11e18169361909c55e1b7f,edit_personal_details,edit_personal_details,edit_personal_details,true,true,0.9121248034903364,0.9479522709000573,0.9092625929928551,0.9440689417737692,both_correct
2286d6a22b6a61eb6f11fec8f247d7fb4b27b9040cb6d8ec1c4e804bcec364e9,card_arrival,card_arrival,card_arrival,true,true,0.2626679040975172,0.254029157970283,0.2342374631218053,0.12946753697409463,both_correct
228d83ef544087ef10c4377299510cab08b63b61bc32f496150648857c694778,get_physical_card,get_physical_card,get_physical_card,true,true,0.82095538725391,0.8513342742106756,0.7637730430861631,0.7925213026217549,both_correct
229f184f79734fa85ef074eae6e6a92d12a78ae25262635e5441d6dee2a26635,get_disposable_virtual_card,get_disposable_virtual_card,get_disposable_virtual_card,true,true,0.4502282453952845,0.7801692490615636,0.3459704695982533,0.710420950559682,both_correct
22ab72e96d2eecf72481f44c299535cdaaeceb7478b598407032bd1e08b3d7c1,cash_withdrawal_charge,cash_withdrawal_charge,cash_withdrawal_charge,true,true,0.4140662597204495,0.7105211309940852,0.16258770402028694,0.5911442160466822,both_correct
22b31bb173f2d5613d9f2b1242b1365bac6fa7d615c43c7498ca9a207f024727,verify_source_of_funds,verify_source_of_funds,verify_source_of_funds,true,true,0.6145420632615763,0.6779582634211777,0.5880622714655643,0.6495273723304528,both_correct
22ba32a9b0b020a194442ca64d08e09139b82ba7f48b8baf68e5d36b9b03c5a4,failed_transfer,balance_not_updated_after_bank_transfer,failed_transfer,false,true,0.258061198602455,0.34310906198321656,0.13603334268635953,0.17425800407707234,lexical_wrong_semantic_correct
22c8e62a49f8ba88040e995ac8725c094b79a0a763a85a5eb350dc9d6b2e2713,pending_top_up,pending_top_up,pending_top_up,true,true,0.1881078773623944,0.5269482392875043,0.027132252717274513,0.39025859094145526,both_correct
22d7700d4821702509f075721ead924161efeebdf945ab644a7954d0b42c874a,pin_blocked,pin_blocked,pin_blocked,true,true,0.8089723207353432,0.52678722254768,0.7956427566681994,0.4603613334103084,both_correct
22f72603ed7e3ca1525b495d5f5bc5955b1df7bd726faf69d424c76a87d98178,direct_debit_payment_not_recognised,direct_debit_payment_not_recognised,direct_debit_payment_not_recognised,true,true,0.23651278623623775,0.34255296055088114,0.09993446044641865,0.15582583896456592,both_correct
22fcc33b40439c79b4d3bae6f449cddaada15789c0d47530020e187fc8a8f135,wrong_amount_of_cash_received,wrong_amount_of_cash_received,wrong_amount_of_cash_received,true,true,0.8448783727596987,0.8315789953271077,0.778898480628684,0.7783422033195843,both_correct
231be00cf5a245f73d2aa4ac5cf2e3aa2891e436bda5ecbd7ce039a19fffda5f,top_up_by_cash_or_cheque,top_up_by_cash_or_cheque,top_up_by_cash_or_cheque,true,true,0.4588395988889817,0.7543232154410925,0.4021082048246262,0.713551077343257,both_correct
234efeeee2141d22598f99c56ff3d474db68a1fdda4f19687331d6c876a80b22,change_pin,change_pin,change_pin,true,true,0.3967640054517223,0.766430669491112,0.1878448662817093,0.654886788038587,both_correct
23503d5561c7a57380cd01530d5de703c77f41bffc370e2152801a43807c966c,age_limit,age_limit,age_limit,true,true,0.7727176191128573,0.8902730984236641,0.7594083900723593,0.8778246007219115,both_correct
235a9377159008e56610b0d9cb4c67fcea1cbe3cb21baab3525281043e11862d,balance_not_updated_after_bank_transfer,balance_not_updated_after_bank_transfer,balance_not_updated_after_bank_transfer,true,true,0.7637446843150563,0.7654425404326157,0.7192586712075061,0.7119945300290064,both_correct
237ba11d1a02f3170613ba486377ab294b94e5e790101b7d344d5606f4a9a9c5,card_payment_not_recognised,card_payment_not_recognised,card_payment_not_recognised,true,true,0.550625609129655,0.385242259305481,0.3983068946799168,0.1666928339797622,both_correct
238ee140b378deecfa2e90c54b7a0446b6db7c42fbdfee9c95401bdcca217db5,top_up_by_cash_or_cheque,top_up_by_cash_or_cheque,top_up_by_cash_or_cheque,true,true,0.4700871646550436,0.6990481219421828,0.4067316182155304,0.6556709903173426,both_correct
23ab2036f81675ed85d91e4fd0911e3624c19681ffbd9d749e6186c29ca34882,transfer_into_account,transfer_into_account,transfer_into_account,true,true,0.24477572174634946,0.5718076125903321,0.21468575421544653,0.5167452936502094,both_correct
23ab89ff31f8b018a0d2334736585ce9ff02114ddefe8dd292b3ce970dbef6b6,lost_or_stolen_card,lost_or_stolen_card,lost_or_stolen_card,true,true,0.4656498664521718,0.6801409234863455,0.4144158647795822,0.5908702897934262,both_correct
23ab9bb687661a8ef90dfc7dd6e788c62720f10158c6ca2e36f58827532ac773,card_not_working,card_linking,pin_blocked,false,false,0.2378468585961033,0.2955873928671789,0.10011207291423613,0.07988121368191911,both_wrong
23c3b87a56c6bb35d4366a7361de0a10f1e1f00b7ce55419ec5198831951168a,pending_transfer,pending_transfer,pending_transfer,true,true,0.9741512377349323,0.8705055143618934,0.9672411180362038,0.8534235867206662,both_correct
23f6a2c8262cd6ad793425ec8eb36d550b3be4928c3101b8a3caad1d1d68e97e,passcode_forgotten,passcode_forgotten,passcode_forgotten,true,true,0.5233995136507216,0.9072629969607346,0.3869537068597448,0.8931081805937476,both_correct
2411684acaf0d2522311b85385b563792f6fc1061e5ce7390bfc6498f5667462,transaction_charged_twice,transaction_charged_twice,transaction_charged_twice,true,true,0.8056200543681594,0.967384970462873,0.7885256861037159,0.9585955195960294,both_correct
241740d2ac3269e05f9038ad71c52d6650d1532a2c25b9c4a742cd2f1177da01,transaction_charged_twice,transaction_charged_twice,transaction_charged_twice,true,true,0.29524532073331955,0.963611023802833,0.25952691923995685,0.9553078546559611,both_correct
241ac18c10027e8afe694bef9f8d7f63ce45a613a280dbce49510cad879d85b2,cash_withdrawal_not_recognised,extra_charge_on_statement,cash_withdrawal_not_recognised,false,true,0.07227347724893117,0.5700726331963403,0.003622806718794447,0.5191416338095821,lexical_wrong_semantic_correct
2422dce05e037893abad06bbc7232c8fa8fd1b1b0b7c3bdd2fe855e14710707e,pin_blocked,pin_blocked,pin_blocked,true,true,0.9675706110229297,0.9618036436523518,0.9658911834680481,0.956830103338182,both_correct
243723f28ed33650cfe842d05f67d345e68851cba4dd2acf14cf9dda46f73ed5,transfer_not_received_by_recipient,transfer_not_received_by_recipient,transfer_not_received_by_recipient,true,true,0.7163635392318357,0.8058335197808315,0.6892135825937836,0.7560758186003459,both_correct
244b903eb0440001a031a5676757ec805fb555112ed353781b263162e4ffa477,wrong_amount_of_cash_received,wrong_amount_of_cash_received,wrong_amount_of_cash_received,true,true,0.5528987742758897,0.7257588292120905,0.5199229317590525,0.6670758214457837,both_correct
2458e888d20c2e6153d224226b4a5befc7df6248729fd3a091e23453565bddd2,wrong_exchange_rate_for_cash_withdrawal,wrong_exchange_rate_for_cash_withdrawal,wrong_exchange_rate_for_cash_withdrawal,true,true,0.2577806981738769,0.4033262195093939,0.16671231775313122,0.1086448866550867,both_correct
245d98baf5137ce59df79f6609b0a9fdce596569ceb7a6735def81934d33f046,disposable_card_limits,disposable_card_limits,disposable_card_limits,true,true,0.2439384389915533,0.5158147749037183,0.1864521804221488,0.3614246067497554,both_correct
2469770b4e486a012fe99b122aad2b0d866eb59dd37e9aea980aa6e925a5654b,why_verify_identity,unable_to_verify_identity,unable_to_verify_identity,false,false,0.38655642628556836,0.5121357711587771,0.10041503175322664,0.21636986722703871,both_wrong
2470c310988b32c2fb45d7c90047824ba796546c395a308ce9d0ac2a45ac1a20,Refund_not_showing_up,Refund_not_showing_up,Refund_not_showing_up,true,true,0.8747033191649497,0.8898773426717795,0.854678335071186,0.8525757177210576,both_correct
2481045bd1e8643b7b78ea088c5fa5c3606e243e204d4a86840e35de343940ed,declined_transfer,declined_transfer,declined_transfer,true,true,0.49065651502661994,0.28306200939016796,0.44807227781439396,0.1517633810663269,both_correct
24c64f987015a4a61ba99b2fe83b76f1b4e218bf1e4f9485c010c83d6394580a,top_up_failed,top_up_failed,top_up_failed,true,true,0.57382813293662,0.8224615716389745,0.4834793435803284,0.76644104477893,both_correct
24e9810c5c2130d2df0e1b31732379f5d72e6cb65ab6475d17fc66c36b00e1d0,exchange_via_app,exchange_via_app,exchange_via_app,true,true,0.2806584310166567,0.5193629036482301,0.1387696681467493,0.38463850651318376,both_correct
24fafd8e0f676c2031c41c4a6d52c0d56c6955df338dc6d19b6b96c742c505c4,order_physical_card,order_physical_card,order_physical_card,true,true,0.8182814658809843,0.7059048088243608,0.7829029102373966,0.6482371903744896,both_correct
25015fd1815d47ad4f985cc0905a110976c5e48039514c743a9cd13c06ae36e7,top_up_by_card_charge,top_up_by_card_charge,top_up_by_card_charge,true,true,0.5176701121225982,0.5800388697045811,0.4545205123513143,0.47552231236290193,both_correct
25072b54e79a297b2905a026ba4783437e0ae7950d97b97740f5c39621653715,fiat_currency_support,fiat_currency_support,fiat_currency_support,true,true,0.5416234218569788,0.7286014861807523,0.5011095692722847,0.6671910877186956,both_correct
250967454bd192e680d332af75af16b41f75491e5f45b0ead25000da1b10e76c,activate_my_card,activate_my_card,activate_my_card,true,true,0.4446076229319729,0.5684587890028073,0.41226469139578853,0.5153418550765411,both_correct
25121e42338ff2de015bd3e86fdb150cb040c5d5b7c1e5b454e263690bfe6221,pending_cash_withdrawal,pending_cash_withdrawal,pending_cash_withdrawal,true,true,0.604843559371774,0.7000064369014872,0.5045125161872189,0.6008204672009902,both_correct
25259548f857bf6bd39883108aa5d539a0257904886a62465bd8e9b29e68c832,country_support,country_support,country_support,true,true,0.8164914957575106,0.9064455812443738,0.7860363968716408,0.8790164459606222,both_correct
252f50c7f50e1ffe40c14e43e61109c047fa3fa2cef1f65955f51b9c862a27ac,apple_pay_or_google_pay,apple_pay_or_google_pay,apple_pay_or_google_pay,true,true,0.17377010827746409,0.5084598060768749,0.05064486283850529,0.3830999735259415,both_correct
25460bcc68fe6844a1cf07fd3989400176de59e2e1659a3d11c2403722d572e0,edit_personal_details,edit_personal_details,edit_personal_details,true,true,0.6055330514198153,0.8135736466138727,0.5920774015688438,0.7918835755136714,both_correct
254d5524cc740742b3cc63eee41363a5f212b9f53b7474e891e1004f9a89d334,transfer_into_account,supported_cards_and_currencies,transfer_into_account,false,true,0.40787446100000674,0.3874589039614649,0.2984066341979643,0.2350755738116251,lexical_wrong_semantic_correct
2564b3ccce7ab49d2d8cccef6da5a7b91ec0c907ee2ee5a811f31f44cbce8be6,atm_support,atm_support,atm_support,true,true,0.6282126103443088,0.8098081601859417,0.5884479389726276,0.7753684083814875,both_correct
256b171ba2810bac5750c0b7160696153c4cbe39e9282399a8cef0c58b00ed9f,declined_card_payment,declined_card_payment,declined_card_payment,true,true,0.21876413555000856,0.36323855395687726,0.10298714694487654,0.13180030628465503,both_correct
2598a17a8f4a7549793b8678a3de53596335976fb0c1c1b39d7e4a21756ef7c3,getting_spare_card,getting_spare_card,getting_spare_card,true,true,0.5466566783928095,0.7834216328839071,0.5216711493462419,0.7532178711549318,both_correct
25a42be3ee532bfa6cd499528854cd567c36cae4e3646326504b609e5213d305,topping_up_by_card,top_up_reverted,top_up_reverted,false,false,0.19463234660556708,0.5514566936174342,0.018962980417049358,0.40338418743685567,both_wrong
25aa107241da1e6a090c181345fe210374b9d5adcb686a0bff633906922683e0,cash_withdrawal_charge,cash_withdrawal_charge,cash_withdrawal_charge,true,true,0.7188300592398482,0.9224607578384043,0.6552504047093853,0.9049842330098825,both_correct
25b6a5432a9a98e1088e8fa9266e76724b444d14a39dd2909a37a4daac77c7a8,why_verify_identity,why_verify_identity,why_verify_identity,true,true,0.8569051847144912,0.8091255918668079,0.7995120229073457,0.7100335129992594,both_correct
25c67440261d30f51d64b1feaf55b6a9f5fc6bf9b225bb771d47001c481da42f,virtual_card_not_working,virtual_card_not_working,virtual_card_not_working,true,true,0.2202930613086614,0.3250122105854461,0.010206780342818939,0.1897419671060821,both_correct
25d6b197f6032583cbbf337694465b1a7b9adabd60d524d4aba82b17a2f44b18,lost_or_stolen_phone,lost_or_stolen_phone,lost_or_stolen_phone,true,true,0.7992918930874787,0.8546011795893933,0.7781712693138579,0.8292092247528384,both_correct
26158896e6ceccc09886c471c533e830a15e89d3a7d55bb7b52f46e7a4b52e35,supported_cards_and_currencies,supported_cards_and_currencies,supported_cards_and_currencies,true,true,0.8396447957690799,0.8063462307328929,0.8170998682077308,0.7824499913739669,both_correct
263884760ad5d2088bad447dabee95c5c67899f641c772e0751430a7608742e9,transaction_charged_twice,transaction_charged_twice,transaction_charged_twice,true,true,0.33828150247633526,0.8553828875834616,0.273921344945783,0.8325275095630869,both_correct
265da59925a5a75b21b77756d5125ebf846ef97e4534897c5cc932b64d6ae38c,pin_blocked,pin_blocked,pin_blocked,true,true,0.16295228914671114,0.33986669970538996,0.06248949285931055,0.13081994864878677,both_correct
2662b2c72028244a404dc6418e72d4883f03533f67207c717ecb8c3f4619aaf8,card_not_working,card_not_working,card_not_working,true,true,0.20012509655606697,0.5533341530712945,0.11546147718251941,0.4899940184642032,both_correct
2671a3e0efcc5c3fda24000061dcfe85012c8d0bfe7c2c4633236ced70913c7d,visa_or_mastercard,declined_card_payment,supported_cards_and_currencies,false,false,0.11346937266666651,0.2003626604486188,0.016693630091006384,0.05651632141913526,both_wrong
26c9efd39ffb8380b735495812f7c85df162b54b6621eb122550eed653d24031,terminate_account,terminate_account,terminate_account,true,true,0.051843586950850756,0.8575461937429141,0.0187416521699846,0.8444431513468179,both_correct
26d66d35da2ba1ce56d3f40e9cad58e9db05e0b65d4843240026e4ab09439f8d,wrong_exchange_rate_for_cash_withdrawal,wrong_exchange_rate_for_cash_withdrawal,wrong_exchange_rate_for_cash_withdrawal,true,true,0.4417547305152966,0.8228462530237821,0.2711101807511982,0.7730668431406005,both_correct
270354361e67d98d2f1a869c5f61f6fdbf9f41415dae945c29ade225653486b8,top_up_by_cash_or_cheque,top_up_by_cash_or_cheque,top_up_by_cash_or_cheque,true,true,0.7657853253787625,0.7575858088973135,0.7108867444403124,0.6928505817463226,both_correct
2707abdbba3d3fe2bc184211c0c62b42a1379806a0bfb2b37b058d1ce11315ab,transaction_charged_twice,transaction_charged_twice,transaction_charged_twice,true,true,0.8792382984475318,0.8946046992250539,0.8695676266538145,0.8661451333191799,both_correct
271a27965f98c763241348b98a105e90630c443ba6805b01d18d515cbd676352,top_up_by_cash_or_cheque,top_up_by_cash_or_cheque,top_up_by_cash_or_cheque,true,true,0.8805149343579571,0.933643459980029,0.8636852717659051,0.9251999187698119,both_correct
271be1c28a9c6d47b0fcf91381fab90fa7d65768d40138a2623fd858ffdedb1b,atm_support,atm_support,atm_support,true,true,0.7434189035696807,0.8208717922770356,0.6979350525394341,0.7779780081166909,both_correct
272bb108db51d751cb481efa1006dc1105ce1bcefca99160b8d069a59383001d,getting_spare_card,getting_spare_card,getting_spare_card,true,true,0.7801785054093411,0.7782214062102969,0.7666485227297373,0.7486262092680959,both_correct
2730405964b451b0e6e476f7fab74f00b4fb2a9b534416c05bd654b8059d7a53,top_up_reverted,top_up_reverted,top_up_reverted,true,true,0.610669741142127,0.5086509318205654,0.5616558005273127,0.4180493657614114,both_correct
27342a021e97a42be56c1b426a51053edd935ca6640557f9ed5852209010b29b,cash_withdrawal_not_recognised,cash_withdrawal_not_recognised,cash_withdrawal_not_recognised,true,true,0.22396843297079358,0.3894664753457884,0.15743784239574987,0.28023128964437577,both_correct
273ed545e825bc7c2bdeea4d5c96617f09ef5217012172b0ef12baa79e5fa214,order_physical_card,order_physical_card,order_physical_card,true,true,0.1892826333041269,0.4896540809187515,0.10078487048526041,0.3069407741244212,both_correct
273f14c2f17b70d2592521e5f1ed61c35c047c6eeceb0304027458b12b4c18cd,pending_card_payment,pending_card_payment,pending_card_payment,true,true,0.7022762629607157,0.8763133198539325,0.6571538409387669,0.850609540433614,both_correct
274264129268187e78f32541efcac8a23120762c18c5fec5cb6bb59a6df5d108,failed_transfer,failed_transfer,failed_transfer,true,true,0.11850912672921697,0.5284445207707998,0.01032213260462185,0.35260063701116773,both_correct
27454e3dae53a23c9380193c7cd14fdee92cecaa6afab367c21a1d2a8a3c90fb,pending_cash_withdrawal,pending_cash_withdrawal,pending_cash_withdrawal,true,true,0.8775853794911747,0.8015194992588431,0.844470440867897,0.7201964933408895,both_correct
2760df1a29e81d8e5f141667bcc30f609af3a48a46e84ffcbfcfdb4c6c23f24f,beneficiary_not_allowed,beneficiary_not_allowed,beneficiary_not_allowed,true,true,0.2086923884990815,0.3663228372505589,0.14773863401154652,0.2658938291277565,both_correct
2774575f44072032c0c9493eb8ad778a18d2950a6f0968baba7b880b068e500c,edit_personal_details,edit_personal_details,edit_personal_details,true,true,0.8158440771949979,0.8805916041553968,0.7995700652147169,0.8642380357680988,both_correct
27914ec992b8a58f0790eeec49d02b54eec61fca12fa407b590a95f98d7636e4,declined_cash_withdrawal,declined_cash_withdrawal,declined_cash_withdrawal,true,true,0.3185822599492842,0.7398953039445605,0.18682086135807158,0.7069238051123514,both_correct
27a440e37738bd475218a3496138727eb90a734e8f184778351e7513e88802cf,failed_transfer,failed_transfer,transfer_not_received_by_recipient,true,false,0.22507249267991544,0.31418216064055793,0.14703760239028896,0.024446698137946477,lexical_correct_semantic_wrong
27c06f8f5485b9fe64eda2624bb1aeaf91f61fa64dfea31e746ada9c3a7c3432,cancel_transfer,cancel_transfer,cancel_transfer,true,true,0.5741443649106074,0.8319213948568028,0.5324600787507368,0.8046235441168924,both_correct
27d4d115ca0197d5f5a40328702405efb56850329c4fa630a2e4afc4cd54994d,card_payment_not_recognised,card_payment_not_recognised,card_payment_not_recognised,true,true,0.5452875579612692,0.7400589088310663,0.428490903562679,0.6833400237621382,both_correct
27df9111e09fb3c91ef8719566114c759a657bd54da0a0c297fa264dc348bc9a,country_support,country_support,country_support,true,true,0.2932838633502689,0.6739178550828531,0.2118160321492139,0.6418117130466847,both_correct
27e595430838763bf8cbb8cabfd8b7fcb6bc2e63474e1f4240d89c03307c9709,cash_withdrawal_charge,cash_withdrawal_charge,cash_withdrawal_charge,true,true,0.7621011508983048,0.590626577697481,0.7042891544061864,0.5065395093284117,both_correct
280e165320aa26dce142f5f52a78a3802b80aef5c5d39eac3bd4d32902da6ccd,virtual_card_not_working,virtual_card_not_working,virtual_card_not_working,true,true,0.36943384152613173,0.6092645870550603,0.09676938804000712,0.3777241931570744,both_correct
28148386b682741994f2270c795dfbc9f7e6053eb4d2ad5e21293b7e67fcdcad,getting_virtual_card,getting_virtual_card,getting_virtual_card,true,true,0.7351258624001124,0.8434282022617242,0.6892713308804204,0.8032410379356152,both_correct
28194c6dd8c62fee02cf4b40642e2e0c82bb81cde6a36ba998ca7d09315b1b99,visa_or_mastercard,visa_or_mastercard,visa_or_mastercard,true,true,0.8284658035304819,0.9426469851333104,0.8216584027137721,0.9337041736022689,both_correct
2825716a21be066dde817ae7569b0c8092c854ae5432cfdfc9251c95ddc689bb,exchange_charge,exchange_charge,exchange_charge,true,true,0.5144218549802507,0.7578999078614627,0.39458629323810984,0.7082423335497046,both_correct
283479b8536efddebb70d222aabb7ac06d9ce3694376b29a8273a7ff4416867b,get_disposable_virtual_card,get_disposable_virtual_card,get_disposable_virtual_card,true,true,0.4450268940328236,0.5326305841672103,0.046212007368964525,0.15618696288038336,both_correct
283bcf3ca7e87fe4ffd5e53dba6388d517d4078dcfbef9b9a4f02b0c5a8aed16,verify_source_of_funds,verify_source_of_funds,verify_source_of_funds,true,true,0.8980881219481796,0.949098545860797,0.8919719938693673,0.9446549955313859,both_correct
28407878ab27b0118ab152c030d108e229228f42fc04379e39161637a4c3d493,card_delivery_estimate,card_delivery_estimate,card_delivery_estimate,true,true,0.500463031368038,0.7903129525215816,0.4478304072478017,0.7199887732183339,both_correct
2844edee79c40d8b4f71835a0fb8e7866003c6beaaf77d014deeccbd8f8b1b51,card_about_to_expire,card_about_to_expire,card_about_to_expire,true,true,0.6888156926471702,0.7200093437991152,0.6236502080838914,0.6092057784191406,both_correct
28636fe3de858f5b6e91b41175c7760f3f7fc767642c32bd52d3f33e8416a7e7,cash_withdrawal_not_recognised,cash_withdrawal_not_recognised,cash_withdrawal_not_recognised,true,true,0.1834505568701821,0.22470920213536477,0.14740258200512185,0.13779867443966962,both_correct
28777a9b5f3c14fe36522c7ccbcb5e25263563283670d62ff1a5a2ec4c6f3761,getting_spare_card,getting_spare_card,getting_spare_card,true,true,0.528343656174437,0.8901698418552635,0.501075558450384,0.8760798776575343,both_correct
287c45474238776c24b7293fdcadbeb4c064190603467848188bc620596289f9,card_not_working,card_not_working,card_not_working,true,true,0.6912961874940287,0.6851528095983648,0.6720725904931566,0.6421751759306887,both_correct
288ad6e7e865100c32a81f8154a3e286875fec7addd24f73e513ceb0744ad553,transfer_not_received_by_recipient,transfer_not_received_by_recipient,transfer_not_received_by_recipient,true,true,0.3929689824718183,0.4183554580478321,0.34583986149619883,0.2200948004494612,both_correct
28b1a892ec97882bad870484cdfcaa4e5c5c54d95f1c991fbc89b98124233463,balance_not_updated_after_cheque_or_cash_deposit,balance_not_updated_after_cheque_or_cash_deposit,balance_not_updated_after_cheque_or_cash_deposit,true,true,0.2530154526317377,0.4461177696172627,0.19827188651639774,0.3363239043301377,both_correct
28b3dadd1dac2399940e76e115ac180ac660cdcc257b341a601396040bd8516e,passcode_forgotten,passcode_forgotten,passcode_forgotten,true,true,0.26130344367868813,0.7901326510537786,0.20195367611492576,0.7590583941163486,both_correct
28b9526a666ce7388e384aff21c167285e127ef87fc6bbf9455a9f2261147ca7,pin_blocked,pin_blocked,pin_blocked,true,true,0.6973452441845509,0.8385015505214527,0.667600107407042,0.793119305473227,both_correct
28c968c7701a03aa8df52a4f911f7b2e95d1c144dd73b0bef85fa6401020cf74,top_up_by_card_charge,top_up_by_card_charge,top_up_by_card_charge,true,true,0.8431322977013105,0.8365056174100114,0.8246295155389021,0.8059905371747282,both_correct
28e249bf23d0bd85bc18c86aa5ae5798714fcf341727b01aeff02c4a2cb21987,topping_up_by_card,topping_up_by_card,topping_up_by_card,true,true,0.20386304042488954,0.17889556911338442,0.1290885539520933,0.07007695508622536,both_correct
2945c6e3f6f5e226f71ea4e57df73106d73165009a99dc8f2b9b66795b4acb5e,verify_source_of_funds,verify_source_of_funds,verify_source_of_funds,true,true,0.7483410423132185,0.8714683378993326,0.7172520016449643,0.8484860759374181,both_correct
2957e67a972b8940de5b5adac8fef07e576e55cc0acf4dcef4685e06324a35a9,compromised_card,compromised_card,compromised_card,true,true,0.1762386638958045,0.5396073997790048,0.11628317051766146,0.45324972102241146,both_correct
29612b418738e96be79e4c4d578fbcd90e18989b3713fa5e77717f64cb514184,cancel_transfer,request_refund,cancel_transfer,false,true,0.11449295732369857,0.24839823216883855,0.055168609369963456,0.11500366481165114,lexical_wrong_semantic_correct
296764fc036ff9a5d913cf637a50aaa6f14164734ce573f68b6f4103afdc8ef5,supported_cards_and_currencies,supported_cards_and_currencies,supported_cards_and_currencies,true,true,0.2922895957479039,0.3907354856374001,0.08556047006964551,0.11956138839202135,both_correct
2993be89f47aed181d953093affd7acfc45fd71c44e83bd02f76cf1f6215a77d,pending_cash_withdrawal,pending_cash_withdrawal,pending_cash_withdrawal,true,true,0.8434284380176625,0.7487426952873084,0.7977191049962427,0.6603515182082272,both_correct
2997bee4b17ceeb976df28f0df9d4d82c5ea32a32131633a98a47bed5bbe4bfa,card_payment_wrong_exchange_rate,card_payment_wrong_exchange_rate,card_payment_wrong_exchange_rate,true,true,0.6600361075595683,0.7152072296213862,0.46026736147834557,0.5023820858212418,both_correct
29a7cf1dbb2ae198656f588192c2346f4f28d87391ed217b14b59fb07aae9a95,direct_debit_payment_not_recognised,direct_debit_payment_not_recognised,direct_debit_payment_not_recognised,true,true,0.9687252755928536,0.9357488150062988,0.9607929059939881,0.9316433948142273,both_correct
29af003889841a48ef502024c8ed5c388fade15aa7ee65acaa351871c73c7a3b,card_about_to_expire,card_about_to_expire,card_about_to_expire,true,true,0.12971599661735472,0.7488289654252399,0.028445678417842,0.7083524069606515,both_correct
29d0164592456e621d43764af6d470dc71fd3b6022880f1a786ca3c4489878e7,supported_cards_and_currencies,supported_cards_and_currencies,supported_cards_and_currencies,true,true,0.1716933525029597,0.32477494856549055,0.06454718161328889,0.1831673748595098,both_correct
29dd216021592a7f7f9d058cac1f25803ac44abbc3be3b1570ca781c8996359f,getting_virtual_card,getting_virtual_card,getting_virtual_card,true,true,0.8180187617437191,0.5873267883209671,0.7313936273944719,0.5038719230653459,both_correct
29f4d136615ccfe7806ac0fea9ba314ddae565f1b9d72b85c7e38d9ddf3946f0,compromised_card,compromised_card,compromised_card,true,true,0.6040742843602964,0.49645518113076614,0.5596015438751726,0.41377820446350655,both_correct
2a11602abc51ef27e04c3d970a26b5c480c34f6f627e901a105b4183239be428,order_physical_card,order_physical_card,order_physical_card,true,true,0.4805047930486338,0.6870915487274879,0.38803945496615133,0.6306805177741054,both_correct
2a2764c2ffd3565e310750760ed96acca76ac2133f43afd6ca6aada39517a085,Refund_not_showing_up,Refund_not_showing_up,Refund_not_showing_up,true,true,0.4594540889042983,0.8969874223040817,0.40244101482233596,0.8703381787237375,both_correct
2a3257390a84951e90f1aeebf74279a48f132c1e25a5fbbe27a6b88bf956b9b6,balance_not_updated_after_cheque_or_cash_deposit,balance_not_updated_after_cheque_or_cash_deposit,balance_not_updated_after_cheque_or_cash_deposit,true,true,0.27887112883050746,0.5866963117975675,0.15437284847625843,0.4897542531993981,both_correct
2a65112b208656d6dc45043a7f20fb974933ee419867a9a420b2dd348b818879,beneficiary_not_allowed,beneficiary_not_allowed,beneficiary_not_allowed,true,true,0.8635396516637682,0.7203311732351129,0.8420561038629816,0.6593251926440095,both_correct
2a921a23add503fa64002a913aaed8bc6fa7daacc7a588e287b9bb93e768401b,getting_virtual_card,getting_virtual_card,getting_virtual_card,true,true,0.42633535686736995,0.711554462444945,0.32195470858383235,0.6236933321099443,both_correct
2ab3b94c9d8e40e7c374dbf9ea8a37fc07aba070f3bb7ce1eb7e030256087c3b,declined_cash_withdrawal,declined_cash_withdrawal,declined_cash_withdrawal,true,true,0.211950720739148,0.3824055634528476,0.11067731984032292,0.2934555301881577,both_correct
2aba6097c2309679c308289cd986260abbc2cb59c83b21f88aff51ffc881413f,why_verify_identity,why_verify_identity,why_verify_identity,true,true,0.4577024190991668,0.6825363765249604,0.4072785772533747,0.6007222168549746,both_correct
2ac6fa452dc5a8ebfa7e3788a04c486f6d159fb3acd3585077ba45225a2b8227,balance_not_updated_after_cheque_or_cash_deposit,balance_not_updated_after_cheque_or_cash_deposit,balance_not_updated_after_cheque_or_cash_deposit,true,true,0.369407106815581,0.7463894322706969,0.2014597708963342,0.6764883027361195,both_correct
2acad20eed1bae1d6c07a5657eea8ef63e03dbb21bceb5d69ed7f78a3c43e07f,card_swallowed,card_swallowed,card_linking,true,false,0.10122976217825777,0.20716410589611556,0.05787185412872105,0.016764526619980652,lexical_correct_semantic_wrong
2ad5261edc68e88e983fea65f7cb838b80dd583bfb0c6b2cf526434a7b9ac5ab,contactless_not_working,contactless_not_working,contactless_not_working,true,true,0.37886207637502106,0.5148800301794785,0.32644768069202,0.439005430856812,both_correct
2ad7092fd6f6a3f4b38abb44c5543e2a56bc98b6c88fdc27e7c1002a65bcad41,getting_spare_card,getting_spare_card,getting_spare_card,true,true,0.5777391860808533,0.48501310673010295,0.44904654144907674,0.19576227848965372,both_correct
2b1d2d1e79147b5e634df28cee1aab498910c7af92973ac37814407760ed42bf,declined_cash_withdrawal,reverted_card_payment?,cash_withdrawal_not_recognised,false,false,0.18748436849428204,0.17624123756552862,0.01797075232829945,0.004415904038491569,both_wrong
2b20a3f308cf2314dd5c214108ea2b3e4dd5b5430e6abb845ef952854da92fc1,get_physical_card,get_physical_card,get_physical_card,true,true,0.6161790052109216,0.5328782777921598,0.5061567659530088,0.469684455144144,both_correct
2b77ad3f2dc3297d5ff8fb9f3c361a19514c1ca92c1b9f88f3f40e4acc3eeaa2,terminate_account,terminate_account,terminate_account,true,true,0.5169031552568287,0.8943938321040814,0.5016176830927581,0.8820595653548778,both_correct
2b949a77e08b64d777e37caea5ff84dfbaca05241592df238173b4d9e914ef22,cash_withdrawal_not_recognised,cash_withdrawal_not_recognised,cancel_transfer,true,false,0.13155491737584285,0.19638594504437393,0.06486374021079465,0.08591287695738714,lexical_correct_semantic_wrong
2b9a70d69db8741ade85cf78eb41548cc38acc6a6da32d65f5ec9bf3382d3895,card_swallowed,card_swallowed,card_swallowed,true,true,0.23148201700864207,0.5366799641467215,0.11880017411718942,0.43225600481825466,both_correct
2ba2a154b49eb67b8fb7f2461d9a4d20202733b7a76290b234cb12e16399ae9c,get_physical_card,get_physical_card,get_physical_card,true,true,0.7325087598448059,0.6310218651664818,0.5961296666463096,0.48189014265313723,both_correct
2be6e159fda2bbea7943eb857f1e1d14c9f1f3527f8aa6345de5254dd62bc0cc,edit_personal_details,edit_personal_details,edit_personal_details,true,true,0.8224798427233659,0.8701635873364579,0.7687946456173969,0.849494953925139,both_correct
2c1c929a2ffcaf525b65c62ee905f7e8674a2d2139e874a51f02c89a141f7ec0,declined_card_payment,declined_card_payment,declined_card_payment,true,true,0.22430826528076148,0.4826998517916028,0.005275826867142064,0.350683001480783,both_correct
2c3dbe80df1fcde6edd53d923db66b614fd29ea163d13b91f89c5c5493e01625,disposable_card_limits,disposable_card_limits,disposable_card_limits,true,true,0.48326187195189146,0.6456345307334094,0.3616207027488615,0.4743410848202175,both_correct
2c4c5c9cab7212a929d22deaf87a6c24f6aab7c10f325407319a387b14d7edc5,card_payment_fee_charged,card_payment_not_recognised,card_payment_fee_charged,false,true,0.0988270329018377,0.5106163867353506,0.009007417848375374,0.4235976499094517,lexical_wrong_semantic_correct
2c5d567ae3c8a567ed0ba5651c2fd3b6966d6a3d8374dc340fb7d78a6820ae66,card_about_to_expire,card_about_to_expire,card_about_to_expire,true,true,0.6863995142292646,0.8283101514787348,0.6638279395072124,0.8025344008159573,both_correct
2c5e940f5798a70564fb1a3d31a62a5ce3c20a5454bacfa8dee626a86ffac54d,change_pin,change_pin,change_pin,true,true,0.7106005873945834,0.7647259716546391,0.6841704444955583,0.7049573614131723,both_correct
2c63ea0a00fb484b638fa249c9c541ad4655e07d4698d75e3ee1c30b5ca6009d,verify_source_of_funds,verify_source_of_funds,verify_source_of_funds,true,true,0.9112094950507044,0.9068070550895079,0.9042051485572089,0.8968125276070202,both_correct
2c6b5334cc6277fb92c2a3de00f3db6f72f7b60310fb35dbdaace9daa238e102,transfer_fee_charged,transfer_fee_charged,transfer_fee_charged,true,true,0.759656591163669,0.8602432751394719,0.6424224417526061,0.827328512181782,both_correct
2c7574714d742f4f7eacb105e12e5d11d3e27ebdb0bb4475100c03a51e6d27a5,verify_source_of_funds,verify_source_of_funds,verify_source_of_funds,true,true,0.8147195282128191,0.9433081767359002,0.8022082868349494,0.937823321991835,both_correct
2c8285e51c9114bf59f2718b20d3c264c7478fa9481acff4900a8a72a8d2994c,card_delivery_estimate,card_delivery_estimate,card_delivery_estimate,true,true,0.3972628496779223,0.8193669087814095,0.3587576278110228,0.7934050880411194,both_correct
2c85fc6738ef6b4beda2344eba7353af8ec0aa74168b849d188e4e2c8fa6eb3a,verify_source_of_funds,verify_source_of_funds,verify_source_of_funds,true,true,0.9242184212738509,0.8975233258996186,0.9215424860232194,0.8915697306982678,both_correct
2c8e2f3e94c3e9b513a27d4eb23b9ac781c5fef2ae6220aa4ccd8a277b448e36,edit_personal_details,edit_personal_details,edit_personal_details,true,true,0.8788053668570818,0.8986524250178073,0.8534484266399807,0.8883107156773978,both_correct
2c9c3d5d538e1497617dd3df25502b1d57850e4aefb4f6654e1c618964d1e820,receiving_money,balance_not_updated_after_cheque_or_cash_deposit,receiving_money,false,true,0.22055643796604782,0.3867313027346441,0.07844949751948208,0.19692917393839113,lexical_wrong_semantic_correct
2ca67fa1d32426f5f724df2e33fc6569a24d688d9d8c8e0b964a93f790175944,pending_top_up,pending_top_up,pending_top_up,true,true,0.7198216014904504,0.6692148044334778,0.6684825049693267,0.523335398063421,both_correct
2cb166ce8a13f10bcc1760c37bfcce710daa8bbd15935958af42f362a8f899bb,lost_or_stolen_phone,lost_or_stolen_phone,lost_or_stolen_phone,true,true,0.9560810873463756,0.9271759026452412,0.9454376881354042,0.9015259249971804,both_correct
2cb1a8d1a3d02082f422803fa941f46252e6c087f1415eb236e6de11209648a7,age_limit,age_limit,age_limit,true,true,0.4600754085146743,0.7718706327618647,0.438581303092897,0.7517656722744853,both_correct
2cd5cf00b22630d5afde5910e1de8bc0867f7a5a0401e455e12f7501952b15fe,get_disposable_virtual_card,get_disposable_virtual_card,get_disposable_virtual_card,true,true,0.8343850590802608,0.9019724355034775,0.7665487467417648,0.8469883731644278,both_correct
2cdcccdc4d1281b58810b6a23ba8aae64f8eff389fb5ea6ece9a716966150955,visa_or_mastercard,visa_or_mastercard,visa_or_mastercard,true,true,0.8857743111487006,0.9129179652914934,0.8762606146942684,0.8902772542649213,both_correct
2cf556e7f79f8c417f4579d314ffe56c92ba71ff373a4b54a800c9a3a2269281,edit_personal_details,edit_personal_details,edit_personal_details,true,true,0.8237599851507335,0.9251294976532327,0.8151965622316166,0.9198242061436211,both_correct
2d0828a98595f860c7b292dc96147d28da4e81760618af3fcfac516a27bb9c81,get_disposable_virtual_card,get_disposable_virtual_card,get_disposable_virtual_card,true,true,0.46162264565409367,0.805134686203047,0.37922235856212466,0.722905258604515,both_correct
2d2a0a78b22a4b9909276e2dc064149bba57451dc61cc0ad28937f0cea90fa9b,exchange_via_app,exchange_via_app,exchange_via_app,true,true,0.5098127600477491,0.675336323495391,0.3846207746093,0.593152183076018,both_correct
2d2ecd709cea586c159e6d725cc9da1a85f6bb8157ab071f482f2164eaad5426,extra_charge_on_statement,extra_charge_on_statement,extra_charge_on_statement,true,true,0.5064275241340845,0.9290086957115478,0.4684790883968195,0.9104721505644795,both_correct
2d2f6638ce8ef96e72f7552289021ca745163336d1286d8982f3446f2e9ffff0,transfer_timing,transfer_timing,transfer_timing,true,true,0.32220577781367193,0.5862144006983889,0.21099508790858384,0.4310612528536613,both_correct
2d427b18059699911679237657564d0f36ff05f9428917a2ff2bacbf989fc0d9,card_payment_not_recognised,card_payment_not_recognised,reverted_card_payment?,true,false,0.05865697949789836,0.2018576134186987,0.00886847844563407,0.014111972770653014,lexical_correct_semantic_wrong
2d6d1f6db3fa780da07025ddce05668ca7d29a76df6ee79e2667ac9b1c17b967,verify_top_up,verify_top_up,verify_top_up,true,true,0.37228643125984506,0.8512332830080135,0.305759087227324,0.8105097453601472,both_correct
2d73fd7d5b0e6653a68472fdb900ffd6b6cbc3b9d3e89fa8f892bd49603c53d6,top_up_by_cash_or_cheque,top_up_by_cash_or_cheque,top_up_by_cash_or_cheque,true,true,0.8550125603426028,0.7312467719853365,0.8265727988712912,0.6788075770044462,both_correct
2db1cf30abbd6a2d9de040e937fc91fad65afa85e581e687df70be0848089add,get_disposable_virtual_card,get_disposable_virtual_card,get_disposable_virtual_card,true,true,0.6882155410517229,0.7353598534690297,0.5633921821162248,0.5920721418198766,both_correct
2dd1b9a21d8a758d6a678e93092399e1b170f6a7d1febe202b2d6a5c3518a8f4,change_pin,change_pin,change_pin,true,true,0.9413262459238724,0.8669370661346597,0.9266318682804855,0.8380895387057826,both_correct
2dd4dcd7c88cf14815a7dd7960f366931aa6f35b460e131901ae45304b045278,contactless_not_working,contactless_not_working,contactless_not_working,true,true,0.695194275245674,0.37087931659166823,0.6811841681454734,0.3007715265831373,both_correct
2ddb371d257e15e172bb32e6dd03fb5146214eab9fb498f66373575455250266,top_up_by_card_charge,top_up_by_card_charge,top_up_by_card_charge,true,true,0.3445157434464627,0.4399583826392354,0.25989616624020384,0.1616978067478279,both_correct
2dff7096d442643dc879e784330ce4c2256a74cf3c311904eb077cde70e3cad8,reverted_card_payment?,request_refund,reverted_card_payment?,false,true,0.06277811872728686,0.4886483278839485,0.0009634503733745164,0.43526117646832085,lexical_wrong_semantic_correct
2e01943e2edaec3e46409e0bc22dc9ce3034ed8cd56fc039d526f34e2f485352,why_verify_identity,verify_my_identity,why_verify_identity,false,true,0.2954421362291755,0.8654449112450494,0.05180787179584026,0.7918657745117855,lexical_wrong_semantic_correct
2e31d0d82e3ff11321868059ef970d21d9776fe72ede537c681203f0337cd2e7,automatic_top_up,automatic_top_up,automatic_top_up,true,true,0.6399029845696488,0.8527401147436453,0.6097267608353899,0.8263384493303971,both_correct
2e3c9101ecf56e8f8fd64d1c51f9fce7a84e725a7728be116f67dc54098dce8b,why_verify_identity,why_verify_identity,why_verify_identity,true,true,0.6875569344580506,0.7063818552380635,0.5639004397938211,0.559008626142228,both_correct
2e5c1d5db193fdbf2f2c58f043a4dc34726fcf507cb48160556a6c969c24f314,pending_card_payment,pending_card_payment,pending_card_payment,true,true,0.9611199446304043,0.7473012729654971,0.9513863166020377,0.7151144915428707,both_correct
2e6afe543718ec752658313dc31d5c55da62920088bb384a1b7c05809bf68489,country_support,country_support,country_support,true,true,0.14301557013927613,0.6768207470318033,0.08894857614024604,0.6366604707651851,both_correct
2e7eafecd8d4719c98eb44c355ef0158b6022ff2773903895f03c3e94780c17a,top_up_by_card_charge,top_up_by_card_charge,top_up_by_card_charge,true,true,0.6935880999264967,0.7119474325696765,0.6644953912292062,0.6551697202404676,both_correct
2e8aab4f5c669f5b312ff333a0abe2322a0281ab74b7f450fdbc6b923fa1ed09,transaction_charged_twice,transaction_charged_twice,transaction_charged_twice,true,true,0.4894082550978468,0.7798902944933207,0.42456339857892167,0.7423431608335371,both_correct
2e9abad407c1f45f86c4d6b2f2928cdc2a03deebf76feadde15c5b51a71671fb,verify_my_identity,verify_top_up,verify_my_identity,false,true,0.07469635336040902,0.32626905230343073,0.014497110771496055,0.17091887872365283,lexical_wrong_semantic_correct
2ea9f5b668e5e3bd918e874418460ceccc7572eb37523e09b1008586990fd9a7,card_linking,card_linking,card_linking,true,true,0.8604548992366081,0.9043056291196471,0.852793736386992,0.8894469638930657,both_correct
2ead4eae627859dd067904c3571391e209154e169355525f4c1a77059a173f11,receiving_money,receiving_money,receiving_money,true,true,0.7309278945616715,0.8705615272017171,0.690669859836847,0.8479667876823277,both_correct
2ecc2fe7dc9c7db448c889f85ad785e7ce6dd1ec9eab94d4208d1e2ed318a98e,verify_source_of_funds,verify_source_of_funds,verify_source_of_funds,true,true,0.4890277602998923,0.8945923346356982,0.4097007715269546,0.8800924249806709,both_correct
2ee4a9af7aea1fa225f0ad1b73d3b9a9fe375cb4ca3c709c03d530a97303a30f,cancel_transfer,cancel_transfer,cancel_transfer,true,true,0.8076266172385388,0.8527305638835173,0.7809351537517555,0.8297085911671567,both_correct
2ee7905fdb27048de58130b7556d6113090d8cebcf062edd5f46c42d19a5666e,top_up_by_bank_transfer_charge,top_up_by_bank_transfer_charge,top_up_by_bank_transfer_charge,true,true,0.47686635124396076,0.5785938531057504,0.33278344123642234,0.33731172492149764,both_correct
2eeae5ffb1b03544e0ff5d18e94d6ff2e2ba9e879f197be4cf63971072667693,top_up_limits,top_up_limits,top_up_limits,true,true,0.8179857432486302,0.8816688740545965,0.7918405515528182,0.8565834442835174,both_correct
2ef1a096e0a8a19dd1605c6561ff15f1cadcdfd0eca0cc89e6e259747eeae3b9,exchange_charge,exchange_charge,exchange_charge,true,true,0.8811385397526557,0.8681536385515727,0.8569312842565701,0.8433473134138054,both_correct
2f07f655c7d3db27b5c03cd97ce96201cac9ee55835546a0b442efc35cb8bd94,wrong_exchange_rate_for_cash_withdrawal,exchange_rate,wrong_exchange_rate_for_cash_withdrawal,false,true,0.47697088957880057,0.5596811382633101,0.2402693142551686,0.259722832605738,lexical_wrong_semantic_correct
2f2d7d8d1c7e23a020b7dc00b9994fb2dd2e4730781b334b883ba625046dfdd7,card_payment_wrong_exchange_rate,card_payment_wrong_exchange_rate,card_payment_wrong_exchange_rate,true,true,0.7795168601588087,0.7745941358518682,0.7076314509597041,0.6431265225978697,both_correct
2f3e838026b6bb5a48e446b87a57cf3dd60123d33f7f762a8687912117be26fc,verify_top_up,verify_top_up,verify_top_up,true,true,0.2491120052236305,0.8474802992421683,0.1664661968407592,0.8263180080151011,both_correct
2f4b325b103fd0339feb66eb94c9d1df87b2dffc2b221fedf02505524b759038,top_up_failed,top_up_failed,top_up_failed,true,true,0.7596407582489101,0.7220488310228105,0.7056153598944191,0.6182295185495608,both_correct
2f57fe0fd306d37d1851b3448cdc9c67b4b53a0e8b3a008cf500f10b22c29b8e,change_pin,change_pin,change_pin,true,true,0.6428582422544541,0.8869741164819004,0.5797911352169162,0.8648577920003965,both_correct
2f6fac173d20a3504b510de894a664176883a445965b353de056f624a8b2a1d6,card_payment_wrong_exchange_rate,card_payment_wrong_exchange_rate,card_payment_wrong_exchange_rate,true,true,0.3416712009715028,0.6807578897048348,0.04499684984879537,0.5630536599821212,both_correct
2f873b1db60ae0f960246900325c6cfaa3f41a9bdf03c8422c4ed0f381e6f5e3,top_up_failed,top_up_failed,top_up_failed,true,true,0.5461882338307522,0.7350656471344923,0.4863004433131698,0.6703379385579982,both_correct
2f9644f17948b291b94bbcb9b837f56743c0167f323970f0dcd295bcdb566dcf,top_up_limits,top_up_limits,top_up_limits,true,true,0.4056378599876358,0.8977469946431068,0.3204049651818207,0.8677516069692071,both_correct
2f976997da7deb0986888b6f38b16711081a509a96426d3c7ab0aaa3b3f0d17e,getting_spare_card,getting_spare_card,getting_spare_card,true,true,0.6830621534539693,0.6568693349647887,0.5508419457381268,0.4707766572811166,both_correct
2fc7c3fa44126fdf04a3a1f7eca5a19a6a11081fe6ce68c9288385c3b1b8b171,why_verify_identity,why_verify_identity,why_verify_identity,true,true,0.5870141320202947,0.6315943761390389,0.36118382185380576,0.4286213060454939,both_correct
2fd3c808527c5ef46b063b6babca51ba665f58b6df27b4b51b3add3113d4575b,pending_transfer,pending_transfer,balance_not_updated_after_bank_transfer,true,false,0.37880398860817716,0.3003012255280396,0.19135229294317585,0.0473110785065593,lexical_correct_semantic_wrong
2fdd5c3629ccdd6ab4d3c3e162dfd5aa7d711d7a72225869efff90b7cd0d1a04,balance_not_updated_after_cheque_or_cash_deposit,balance_not_updated_after_cheque_or_cash_deposit,balance_not_updated_after_cheque_or_cash_deposit,true,true,0.5414102030107604,0.7140768229941663,0.5008629157216202,0.685921971774398,both_correct
300d93e41ee687380864e51051abcd79a0b6f436ff64a1c00f3921319891920b,wrong_amount_of_cash_received,declined_cash_withdrawal,declined_cash_withdrawal,false,false,0.6188812297186801,0.6178740254522458,0.490842329200815,0.532399230623108,both_wrong
3016001e90c8112a6556cc4b62bf872824eb409d8457f2fdfff4aaf05fd2d4b8,cash_withdrawal_not_recognised,cash_withdrawal_not_recognised,cash_withdrawal_not_recognised,true,true,0.6386577139361564,0.6757935005382605,0.5756742547087448,0.6117116552772652,both_correct
3023433584793b504e8aa0675e249606549de077927594aa224aba2ce40f0143,verify_source_of_funds,verify_source_of_funds,verify_source_of_funds,true,true,0.42092155243866947,0.9281629441381551,0.3927718292221214,0.9229488738874747,both_correct
302dd353dd3cb9860aa267d35077714086d505e5d29c24de1011169e91755817,pending_cash_withdrawal,pending_cash_withdrawal,cash_withdrawal_not_recognised,true,false,0.1454466420434366,0.12382099844836261,0.06635888299003033,0.015363792017197467,lexical_correct_semantic_wrong
30674b8198513658a39635612964120783aa795dcbd41365eef65adad524a096,automatic_top_up,automatic_top_up,automatic_top_up,true,true,0.7866600615366061,0.946262783212319,0.7599144566793431,0.9375826106506238,both_correct
309cd1c7e5836fec91a8013044fadde007c2587a403d58c1a1c13800b45c0d1d,get_disposable_virtual_card,get_disposable_virtual_card,get_disposable_virtual_card,true,true,0.32841510390614426,0.3861043830926938,0.2577389897911036,0.30669914741084997,both_correct
30a2c38083b1a543acdbbd596f8d6aa57b8eaaa4f3d2dc381d55aa4c9d5925ef,balance_not_updated_after_cheque_or_cash_deposit,balance_not_updated_after_cheque_or_cash_deposit,balance_not_updated_after_cheque_or_cash_deposit,true,true,0.43989210440684645,0.5770308327201671,0.38838708895572477,0.4948065706948618,both_correct
30b3fee151e817e0a47c6b4dad86c657a2da14ad23f411875a09cb001e886037,wrong_amount_of_cash_received,wrong_amount_of_cash_received,wrong_amount_of_cash_received,true,true,0.9571221914227381,0.9397744853054167,0.9542513473430798,0.9311276159549545,both_correct
3135d681f2006d5f01c1a0f082069813045eceb5e22704ae0edf9a7c4d9102bd,topping_up_by_card,topping_up_by_card,topping_up_by_card,true,true,0.27743331938020865,0.4859771037352653,0.21277498404175804,0.41704956751296823,both_correct
317ce163fadf7eb5f20464d21d651fd213c734843abd9e7a1a9c320bee1318f9,card_payment_fee_charged,card_payment_fee_charged,card_payment_fee_charged,true,true,0.4157652258677954,0.750980245367388,0.24719015176621492,0.7028246856169327,both_correct
3189883243c8b6d7a66eb824c2d38e62d88e188e7cd4965bcc0d8f52d1c1fbd8,top_up_reverted,Refund_not_showing_up,top_up_reverted,false,true,0.11035476316461834,0.4309298668837466,0.0021174762062809716,0.35388370112544226,lexical_wrong_semantic_correct
31c267b1f80484ccc9410c2a3c04589276a2d93eee31bf5f43d2aadb82e58e45,supported_cards_and_currencies,supported_cards_and_currencies,supported_cards_and_currencies,true,true,0.49325919862424833,0.5565854495149439,0.31232643907557,0.34299378262510494,both_correct
31d6cc45abc5788c2a999c656518278c55adb279dfd884bb1e6d847f72862358,getting_virtual_card,getting_virtual_card,getting_virtual_card,true,true,0.7191927759714968,0.8048723042950117,0.6537419813720395,0.7372083708304575,both_correct
31d9e816d91ba9f169a45b80cd1118cb278fa179b10fe00a9680a0600602c195,cash_withdrawal_charge,cash_withdrawal_charge,cash_withdrawal_charge,true,true,0.8644810088809941,0.6489789662480859,0.8222548985489171,0.514019072226054,both_correct
31db2609c53fe50dfe56d8da52aaaba3fe811b9da6de4cc47d3b49c984763b8d,transaction_charged_twice,transaction_charged_twice,transaction_charged_twice,true,true,0.930824138080536,0.9839170717048368,0.9251791857870613,0.9815490976389183,both_correct
3205809eb099aa1bdadd4511e956c9c4cbb6f1fda70c4e446d5160a853ac74e0,automatic_top_up,automatic_top_up,automatic_top_up,true,true,0.7127055439030365,0.4618979341582249,0.6027875744921858,0.11400548040731373,both_correct
321130fa2e3152afb3a8fa56a8659c2f8af5f729b9b6a08463abd4cb228143bf,cash_withdrawal_not_recognised,cash_withdrawal_not_recognised,cash_withdrawal_not_recognised,true,true,0.6117834721806538,0.6803813498598071,0.41753064283529806,0.5995898802351921,both_correct
321860526d9a96e259dff271ea098c10bd493e00af3b621369c94b2431292383,change_pin,change_pin,change_pin,true,true,0.823619426976847,0.7758730676654465,0.7765913850353253,0.7130135739307931,both_correct
3219c22306811afdc9f5f25b1b789bdeb3778fa4f1e1e206893c6c2891dde365,get_disposable_virtual_card,get_disposable_virtual_card,get_disposable_virtual_card,true,true,0.7619989012331067,0.7712650451922012,0.714202214932901,0.6802567680286877,both_correct
3224ba6f44176b78c2210d9f4e905a2e5457c627834d067d9034629b3e044319,card_not_working,card_not_working,card_not_working,true,true,0.3142242845798378,0.6197397386140425,0.060808194977606145,0.5671094418516645,both_correct
3225658a71dd919e82f84ebb5d045b07184b1242eefce57dddb7677c51d3bd5c,exchange_via_app,exchange_via_app,exchange_via_app,true,true,0.7242219879562749,0.4642335455544593,0.6473803546563631,0.33409557278049906,both_correct
32382079dfe31a554e6fe93ef7dd8812bfd68cbcd0bdc946b117c07304e039e3,transfer_into_account,transfer_into_account,transfer_into_account,true,true,0.21722225656747882,0.6837975439860088,0.15370023293739005,0.6446702324266912,both_correct
324399dafa35ce025e279b129a968c0dffd289152eb92339bf833631eb9433bd,top_up_by_cash_or_cheque,top_up_by_cash_or_cheque,top_up_by_cash_or_cheque,true,true,0.43039079508402567,0.7843108060511604,0.3440663392058289,0.721299459443862,both_correct
3252d05dffaf451800015b34dd914828b5fe8ad361edba91ff8b128bb1494213,age_limit,age_limit,age_limit,true,true,0.5276812839343534,0.9459763885816119,0.5067233460986797,0.9420399138618184,both_correct
3261fe6827495f9a7d9f3094058f84017b3d47ea36f42d3a2b9b3e86b31035d8,pending_card_payment,pending_card_payment,pending_card_payment,true,true,0.1115841300767515,0.5160367619333074,0.04842484697247024,0.43640870686560396,both_correct
326fa3cb81916df0b21711e5ba76710c1b1e95a1c9625548bc431d71fb81249f,verify_my_identity,verify_my_identity,verify_my_identity,true,true,0.5241740443699638,0.6884821855160305,0.4233338916362352,0.4389832988044361,both_correct
32733e083103213fcce8aeeb57c78f260d3a8fb221aeb4c781c751f1b5b53ec0,card_swallowed,card_swallowed,card_swallowed,true,true,0.6312029798150022,0.6648763987623635,0.5643279797136372,0.5951359485970866,both_correct
3274da5f25d1a454d07b6584ad4b372bcc2dc6a3863a0530045ebe452f31db27,cash_withdrawal_charge,cash_withdrawal_charge,cash_withdrawal_charge,true,true,0.6834594724886918,0.7995504720195263,0.5872611171349137,0.7545197430846171,both_correct
327731b1877832d906560c86bcf41f6c1b6ed5b3068657774ed479be07291b54,card_arrival,card_arrival,card_arrival,true,true,0.2103765342066565,0.43775887646688705,0.1827148234604818,0.20363497676159922,both_correct
327ca783d3deb3082131ba0792bb837b8ffcf1bbc88ccf8f041745a634429fa8,card_payment_not_recognised,cash_withdrawal_not_recognised,request_refund,false,false,0.12575452798879616,0.14585555958940127,0.05580998357667366,0.008750817379024861,both_wrong
327f0c5f0a7bdb23888a75aa7fe5c93ee1121341fdfd31c6c663718ecccd21f4,order_physical_card,order_physical_card,order_physical_card,true,true,0.46617303594358134,0.643723703123466,0.4178941326290856,0.589377735869448,both_correct
327f398367e1ab91294d8b3dcceec79232020d7e6d8f16c4ac5504ad63557987,wrong_exchange_rate_for_cash_withdrawal,wrong_exchange_rate_for_cash_withdrawal,wrong_exchange_rate_for_cash_withdrawal,true,true,0.8572931021025937,0.8976511865569896,0.7986281337999465,0.8735552639188693,both_correct
32a7579c4ac48ac78a4c218424cd28064426b1ed1d66d53bee4031e775e93cf2,transaction_charged_twice,transaction_charged_twice,transaction_charged_twice,true,true,0.8267255337073286,0.9223574340851323,0.8036946993941115,0.9130931785177586,both_correct
32b6e30ca25f07acd6aa305491c1633f0c291249fe7a6c922e6e2ae4865e1ba7,verify_top_up,verify_top_up,verify_top_up,true,true,0.9031576811664179,0.9255734358131212,0.8955796908559712,0.9206162650403324,both_correct
32c8c05a81b74442d6dc43ae57846b6841aacecb5ecd436e4d02430bf5c1ec9c,pending_transfer,pending_transfer,pending_transfer,true,true,0.20444740854871693,0.7956201852152529,0.09575131799838191,0.7635629082535688,both_correct
32eb9e814158acfbf72fd0b9cd8a532e436f25409a45821cb1921725f213a90c,top_up_reverted,top_up_reverted,top_up_reverted,true,true,0.5431979100322937,0.8521694856016641,0.4182214612094905,0.7743959430865573,both_correct
330bfec3579a7b93c2a08f6f0a56c2f26ab1bedbcc07b20ed94020aba7f392f5,atm_support,atm_support,atm_support,true,true,0.7434189035696807,0.8208717922770356,0.6979350525394341,0.7779780081166909,both_correct
33122458438ad21fda2f3601888183de90bb38cb78c0d9071415f3b70ef71933,unable_to_verify_identity,verify_my_identity,unable_to_verify_identity,false,true,0.10469042835727077,0.4128174596083587,0.035432126123737404,0.2028485178001098,lexical_wrong_semantic_correct
33158ae1d8573d00c279e0dbb393bd43aa30aa89dc7d22057bebf3fa2cde553b,getting_spare_card,getting_virtual_card,getting_spare_card,false,true,0.2253265617039929,0.4229639453486777,0.10580924678853505,0.1908495887378565,lexical_wrong_semantic_correct
33226a1d708f393b88920f807aba24923a902cd37196f06f0d4f0e4cc71d6474,transaction_charged_twice,transaction_charged_twice,transaction_charged_twice,true,true,0.921464531730921,0.9728113492033232,0.9140030363994088,0.964781799511563,both_correct
3327d3afc36f3f54a79aac8cedc146513d933a1faa0deb090c76a2ac959a32e0,lost_or_stolen_phone,lost_or_stolen_phone,lost_or_stolen_phone,true,true,0.4755332746492517,0.6549178743328868,0.4568028850658957,0.6182359084886513,both_correct
332e911abead4f300b0493cd1bd09f2f12b69b267b121d89177901a4da5099d6,fiat_currency_support,fiat_currency_support,fiat_currency_support,true,true,0.5054595618979373,0.8655802043450567,0.44138854012145295,0.8198436269465398,both_correct
333b87a3d83644188ba0003c2ad6486439b990b274a3742a7479d191bbf8fca6,card_arrival,card_arrival,card_delivery_estimate,true,false,0.2323114030877581,0.33345213264690915,0.1741012463481152,0.05637496526408742,lexical_correct_semantic_wrong
3345ab8e490c4744324ea81e9d5465534f6849105a8815f28bb24b6208e192fb,top_up_failed,top_up_failed,top_up_failed,true,true,0.7261512987742998,0.725039709570959,0.662215879935891,0.6213314512782209,both_correct
33567ac336c097fddb68bd4b017383eafea306061fcc2b20cb0512b170cb8360,terminate_account,terminate_account,terminate_account,true,true,0.6548528507689904,0.9351795237996534,0.6397580134861378,0.9291574419314877,both_correct
336c9526c297651697c0282de5b4902dc534718f8a6d6bc6c25141f80edbd956,transfer_fee_charged,transfer_fee_charged,transfer_fee_charged,true,true,0.670689548051634,0.7286620274656102,0.6109845196169966,0.6558934292674781,both_correct
336e7a98693bf08ff8ddc5d72e9700dce04c9d2337e09d72668fdd39dd3912e9,Refund_not_showing_up,Refund_not_showing_up,Refund_not_showing_up,true,true,0.5514664363684967,0.7700062987457755,0.4987274308574321,0.7164953238298366,both_correct
337243ba0b1c8e8cd8ce7ce4db0ec5c4ed813cfdb23f5ec513b62eb3257a015c,top_up_limits,top_up_limits,top_up_limits,true,true,0.8487490601239337,0.8546024598446295,0.8305714422104419,0.8217534828412765,both_correct
3392e9211f2f4090f1baf55370c632ae67ac0a31ed2827bec57c57fb70415dc7,card_acceptance,card_acceptance,card_acceptance,true,true,0.12490938482735596,0.31471857022156113,0.06163781370735423,0.195285358733443,both_correct
3398b61f949757c9a34c330a07c11d8838fe79e7a7f233f6b5278728870d1699,request_refund,request_refund,request_refund,true,true,0.7941648581986354,0.83408795347563,0.7824486385677478,0.8099954486579062,both_correct
33a4fa013e6adccafecee9e8aeffba2f2a1bcd26a000e5b3f05d740c1185a9c5,card_swallowed,declined_cash_withdrawal,cash_withdrawal_not_recognised,false,false,0.08227396960930984,0.23130982902691224,0.03514074844228554,0.15006229353721412,both_wrong
33a7addc21ce20621b6744811abdb45e7a48379deb023997a74e093d14612075,pending_top_up,pending_top_up,pending_top_up,true,true,0.7643320511237779,0.7608302903571238,0.7365780852298053,0.6691861049972959,both_correct
33be792a800de92f742f4bc0e0a31972509b1e0b227ef64e9862600a471ed449,topping_up_by_card,topping_up_by_card,topping_up_by_card,true,true,0.09291334475286733,0.1221116115643127,0.017305996062371556,0.003537924642057211,both_correct
33dca7f8db22a1f3cea71c842a600cc92023f93c97743a24a399b6a0ce0b1fa1,exchange_via_app,exchange_via_app,exchange_via_app,true,true,0.42541749691921094,0.6814442032846001,0.3309691593967339,0.566402452514581,both_correct
33e4f1a4c733c3a1103d7bf3bdd389439ec25708cbf89b66016e79997f6a3f60,edit_personal_details,edit_personal_details,edit_personal_details,true,true,0.17340413292621207,0.7398590408803174,0.12018568808075938,0.7124437955534703,both_correct
33ec9aa4799fcc6af137626c1e662af3b088a72b948c1b6f6ce6dd1af5afd430,lost_or_stolen_phone,lost_or_stolen_phone,lost_or_stolen_phone,true,true,0.9478200851933181,0.93886787851532,0.9305834254554075,0.9170122795854724,both_correct
33ef5a6641e452f42bfc365b82baa4b546632f2f157b88abe604d6c2e29ac5ea,card_delivery_estimate,card_delivery_estimate,card_delivery_estimate,true,true,0.11605897506987319,0.20898217931914534,0.012684148537627005,0.09329843366502354,both_correct
3406c384f1dae8874a8ec59a6e0dad935f2bd61642287730c2bf4bd46e53257a,cash_withdrawal_charge,cash_withdrawal_charge,cash_withdrawal_charge,true,true,0.4164989891541911,0.848773503559251,0.3569374028011031,0.7961380573988243,both_correct
3437b7f8492be3cf1ef589935ca4b8fe3e2e36b228ea4688aa36d128de47c0ff,visa_or_mastercard,visa_or_mastercard,visa_or_mastercard,true,true,0.8432172320433534,0.8349771237516865,0.8215356450884838,0.7492663114998328,both_correct
3458a3f22dd6ce033085efca029894897e4902b882cd4800c357912927d6aed0,transaction_charged_twice,transaction_charged_twice,transaction_charged_twice,true,true,0.5966744877332899,0.5525435345110535,0.5445882124630995,0.4602000651962788,both_correct
3463befa530113f6c6e7121a1de15c172939c5e5f6c6e265e47028274ee5442c,declined_card_payment,declined_card_payment,declined_card_payment,true,true,0.44409165415417806,0.5463669424963343,0.21913658106140052,0.42832589327509385,both_correct
3466be54e7097edc1568471da2f2e083c0732823d5e0836a5057b6aee0349edf,verify_source_of_funds,verify_source_of_funds,verify_source_of_funds,true,true,0.8042677534713625,0.9438290840052435,0.7953004559670828,0.9398559623578077,both_correct
348cae652aeac19028e1fcab28219ed198978a870abc53fe10a9bfd71edbd5c4,card_delivery_estimate,card_delivery_estimate,card_delivery_estimate,true,true,0.5063860177199565,0.8208865152406992,0.46636997356284016,0.8036021366648748,both_correct
34914b427e3cabeb01dc4e81c8e380fc595754d666a330f248751d20985716a9,edit_personal_details,edit_personal_details,edit_personal_details,true,true,0.8035828724413482,0.8861094492405455,0.7873482441238884,0.8709313108593657,both_correct
3499437e55aa3e1e978933402186f20d4ee3fad44f9c0ee43ab1fb90739a40a3,card_payment_fee_charged,card_payment_fee_charged,card_payment_fee_charged,true,true,0.646396520278716,0.9048322639436218,0.5237828949605173,0.8772747670252377,both_correct
34ab7fe52aee79cee9bb09746a7ef7d502f792fee8b19d39297902e403d30220,visa_or_mastercard,visa_or_mastercard,visa_or_mastercard,true,true,0.8512657620360963,0.9617586644909187,0.8453914249128666,0.9553164437612969,both_correct
34cea352f2ccbffad01f4721d04d3f78a7da3da61df6d74da9bf261ab0e80d48,get_physical_card,get_physical_card,get_physical_card,true,true,0.8106444132176339,0.6060978872373121,0.762830935106372,0.5386641138071312,both_correct
34d0a0fd77244544f7577c16b5243e521ccd3966f0719bbeb606a3151aae1667,get_physical_card,get_physical_card,get_physical_card,true,true,0.4774494322364185,0.8459179747013159,0.38814549199813286,0.7928705562983779,both_correct
34e228e93ec0dfbabef6bd8adb1214b7beef06a23202ed70bb22f50def9ab28a,card_delivery_estimate,card_delivery_estimate,card_delivery_estimate,true,true,0.6928777490649378,0.797299973489334,0.6773674283176149,0.7693465806072372,both_correct
3508bf8f4b84ca34feeff3667d2011c23ff4cea24ed50dda2ea9264f38646d59,compromised_card,compromised_card,compromised_card,true,true,0.16779511963131719,0.724068845625028,0.0404188429207501,0.6622641196315844,both_correct
3539038fa1e5a0cc33cf2de08d44b826efaab72f3b44f4e187c989fa8033036b,getting_virtual_card,getting_virtual_card,getting_virtual_card,true,true,0.518184327943667,0.6370743919396327,0.44710840820661424,0.5022063208573333,both_correct
35429c21f7035bcbfda7b4bcde886d9860b57b0504474d07930bedb008cd6921,transfer_fee_charged,transfer_fee_charged,transfer_fee_charged,true,true,0.7911369437714855,0.7818179160032064,0.6884357391330591,0.7311288785548643,both_correct
3569878991243fd19e0aaed3d02b47076031f563f81220721c6baa6f64d6a6e8,exchange_charge,exchange_charge,exchange_charge,true,true,0.5256799379194916,0.7309618969280308,0.4095639353593344,0.6187416024380819,both_correct
35893edd697b15aa9ca8927b757533e9e26e7ed7e4c0e0427fe7e56ad5691c14,card_payment_wrong_exchange_rate,card_payment_wrong_exchange_rate,card_payment_wrong_exchange_rate,true,true,0.8357580606877791,0.712207904420705,0.759391525746076,0.623939963866795,both_correct
35899875c22adfdfecb317bc0d5da821fc7c0d2083cefa49f82f8d667247de5a,fiat_currency_support,fiat_currency_support,fiat_currency_support,true,true,0.1911575804363607,0.4588506818598572,0.04229188455383148,0.20042834897653128,both_correct
358b6b0ae3126551f6b46be8dad77d9a6dd35aa706507f8dd8239f30bc4c12c9,fiat_currency_support,fiat_currency_support,fiat_currency_support,true,true,0.18488581989769143,0.5006516190950338,0.12990626331239508,0.33204246579268976,both_correct
35a5432e68f0c2e77842b7b380715437f27b29b48d3612544c68cc0e1adb9e72,edit_personal_details,edit_personal_details,edit_personal_details,true,true,0.21659527873682863,0.7426408943303858,0.17975608661595033,0.6783343565009123,both_correct
35ae490e8dba6c93afa54c559a89682f93f52ee65dd425bbde51cdc24e2c8008,declined_transfer,cancel_transfer,failed_transfer,false,false,0.10209428963946568,0.22531189022535408,0.022245682251350152,0.04152944975630371,both_wrong
35dbae45678a23e4d86b33fcb9e4b9073584470434e989e16cbb0edab7146bdf,transfer_into_account,transfer_into_account,transfer_into_account,true,true,0.6710074907290621,0.8036600736972507,0.6340555312950646,0.7430656059613442,both_correct
35ebed32e74da08af7337e82d8c472d5c6e82b6e5dbcdc82a613506b10ed328c,pin_blocked,pin_blocked,pin_blocked,true,true,0.5842351120765096,0.8765124999225881,0.5291676353968613,0.8474611530051511,both_correct
35ec87b4b624076dec65fd3a4c2c409740e4a194efe265d300c5b6d64e4fdabb,pending_transfer,pending_transfer,pending_transfer,true,true,0.4767915959310179,0.42967953365083555,0.3927909370173776,0.25184830505718836,both_correct
35f11dbf3c7ca9c5140ce64f12e697054b2138cbe0b1b5d81cf03304c9811e8a,top_up_by_bank_transfer_charge,top_up_by_bank_transfer_charge,top_up_by_bank_transfer_charge,true,true,0.8232388349279909,0.8171642943454381,0.7878103061992298,0.7697817750294308,both_correct
3615ea681a7958d849a31b10d4039f199a842f0f9d739e744f60a37add8de60c,top_up_by_cash_or_cheque,top_up_by_cash_or_cheque,top_up_by_cash_or_cheque,true,true,0.6674238263222575,0.9431686910018598,0.624206768468499,0.9332503577974723,both_correct
365349150d17246019be75a66912960d3aa4e4bc4d0e5f2519efb59e61af9760,verify_my_identity,verify_my_identity,verify_my_identity,true,true,0.24564938779793097,0.7146876303577763,0.08418833700462361,0.5936175770802814,both_correct
365d75b5fb45786876718e701ddeedcfcaeceab317a971671af1734c55c31d64,extra_charge_on_statement,extra_charge_on_statement,extra_charge_on_statement,true,true,0.5063614379004742,0.4807289823365256,0.43190337479987084,0.3825146273552643,both_correct
36699091f609a8724d5b3593f4acf4a8e6a4cb9024a429214be802bb4f862ff8,balance_not_updated_after_bank_transfer,balance_not_updated_after_bank_transfer,balance_not_updated_after_bank_transfer,true,true,0.8407622729066071,0.7820462951474302,0.8250719838890636,0.7103358820327689,both_correct
3674088ade06e63ab9b279e94111d469a57ee1f7de11346fbd444ff41e7327f8,transfer_into_account,topping_up_by_card,topping_up_by_card,false,false,0.4830033202636046,0.583897383221807,0.3524338083240506,0.48185877637260477,both_wrong
368bf597e5444d8cbde432daa0c5b576c595a5b7a9143d3b921358db1b4eda86,card_linking,card_linking,card_linking,true,true,0.4604683534929981,0.4773281260572843,0.2938765273409822,0.2675999366985561,both_correct
36d569f31a9aac62b5796dfe6a15cd4175d4cdd3e9a91bbad5e47bbfe1f5dfcc,declined_card_payment,declined_card_payment,declined_card_payment,true,true,0.9620555896659835,0.8709739015030415,0.9484441003731078,0.8331421702407396,both_correct
36d9dfd3b1743bbea86c4c132e169952c781fd1ca8407cd510d1fb4017f8a11a,atm_support,atm_support,cash_withdrawal_not_recognised,true,false,0.3187235818046625,0.1868064185480354,0.1914861326023478,0.007001025874796202,lexical_correct_semantic_wrong
36fe67c75b080a34df15c8530a9533eb81f8ce606e9fa55f778fa88329ee2ff2,order_physical_card,order_physical_card,order_physical_card,true,true,0.765547090543449,0.7699492275123949,0.738870752371567,0.7435567875096203,both_correct
3714461f27bc953bfe0debb89b9acd78572ea248e916ff9b6b1ba858cfdb339f,edit_personal_details,edit_personal_details,edit_personal_details,true,true,0.2291074661902573,0.6986491906065103,0.20192797606758817,0.6732234084392549,both_correct
371612ddf20b568bd9ceb789fcd35d15da5474a916ac3ef9e114a0fc2ae34bdb,age_limit,age_limit,age_limit,true,true,0.8301218645406291,0.9009845532835531,0.8072954930412067,0.8872478853523029,both_correct
37282bd1bdca8e87f3166720ec013fd4c4a76171c67dd3d0c867ebb879c6f42f,pending_cash_withdrawal,pending_cash_withdrawal,pending_cash_withdrawal,true,true,0.7454670688627489,0.7369063561166243,0.7065794401343096,0.6827181377674973,both_correct
374389af119b25784194200997b150678fe491da7f5a82835d290c5c3ff8f157,declined_transfer,transfer_fee_charged,transfer_not_received_by_recipient,false,false,0.062232285267651746,0.17943188945390756,0.006721022060476027,0.04743432443729628,both_wrong
376fb8db1ecdc80aee5e659c0f3029adb6060e8e10cf61bdb6434137f58d5865,edit_personal_details,edit_personal_details,edit_personal_details,true,true,0.944930937007675,0.7627373784154554,0.9335068432591934,0.6909743988787566,both_correct
3798f8539daae4e61577f36d13d74c90b3bb0f4d24f2dd7e5caedb42919f579c,card_linking,card_linking,card_linking,true,true,0.824553731114429,0.8053098520167294,0.8085894052762039,0.7789494325633571,both_correct
37beec4a183c423e95c9b4c24ac0249f98cf048bc7512f4379e1c2e8d253a0d0,verify_my_identity,verify_my_identity,verify_my_identity,true,true,0.08152782482575432,0.7198758576878305,0.025981641785405317,0.6609378823826484,both_correct
37c44e16b7e9e03ca70734d54bbf7b7474c50b87f20f43e9dcdedd24b80127f0,balance_not_updated_after_cheque_or_cash_deposit,balance_not_updated_after_cheque_or_cash_deposit,balance_not_updated_after_cheque_or_cash_deposit,true,true,0.4322634266433073,0.7908993521721461,0.36448117847365474,0.7511438354275357,both_correct
37eb287bc4103ac4fd3e0d8710cbdd5ae1bda67ac49a2ae091fc2522a4bfbcae,wrong_exchange_rate_for_cash_withdrawal,declined_cash_withdrawal,wrong_exchange_rate_for_cash_withdrawal,false,true,0.20322450145332197,0.37858335912292174,0.06201406650656452,0.1308743522290236,lexical_wrong_semantic_correct
3810561f700f74f6f6d06f08cf7107c5f25492660dddaf38d3b787c1ef0d2c3b,card_not_working,card_not_working,card_not_working,true,true,0.09290682886318778,0.6840556548268821,0.03419495545247179,0.6212790035975502,both_correct
3842dea564761675d497e5d57f23a48905b04641ab820cce83c6192d4a4fcc14,disposable_card_limits,disposable_card_limits,disposable_card_limits,true,true,0.7638534527134788,0.8700928666936889,0.6829552118447189,0.8108750165193406,both_correct
384621493fe47ded8f054815774341d32dc3d526d42c88d111c5aa0dcf879e26,reverted_card_payment?,reverted_card_payment?,reverted_card_payment?,true,true,0.9005555268400759,0.7153491838220035,0.8641225353007127,0.6110362394048335,both_correct
38482466b5006a8a0cd70e0651bd27ba94e580b9bb9b2f1781dce53e1acb8131,transfer_timing,transfer_timing,transfer_timing,true,true,0.46531708908460867,0.456529588478164,0.42710705218685907,0.31500233030736136,both_correct
38804c02f4268bef8c917c9f84cc040c790261a0467e4cf1e0a6fc1cd394e0f1,extra_charge_on_statement,extra_charge_on_statement,extra_charge_on_statement,true,true,0.648411881922652,0.8166776154979033,0.5530260447246843,0.7783640394823056,both_correct
389bb02c957afc51844a0800e836a85058f1484286a02125d87c60495e88d2f0,transfer_not_received_by_recipient,transfer_not_received_by_recipient,transfer_not_received_by_recipient,true,true,0.378465202460406,0.3184171186675863,0.18905559430278973,0.10088926614722893,both_correct
38a76994f2aa229977c1055514ec9ddf6c7864317636090bc37a824c1bc68eb8,automatic_top_up,automatic_top_up,automatic_top_up,true,true,0.30494393405109776,0.9219307037999083,0.25277000672775374,0.9129726967975466,both_correct
38b44f6bc92d27b4b859887f8d06142efcee22c4233c9df80fad050b8c102b00,atm_support,atm_support,atm_support,true,true,0.5619641017908238,0.7496402492811063,0.49365665101789125,0.6814275280954853,both_correct
38bb24156a1b2b3f4832490ec56ad298cbdfafdba4428936545a596cc1f34aca,wrong_amount_of_cash_received,wrong_amount_of_cash_received,wrong_amount_of_cash_received,true,true,0.8281716673320104,0.5432379260373275,0.8179119673500741,0.46167346103730494,both_correct
38cc4b6038c15548854b85633cccf29ee098d9409d582acc2bb016185a8708bf,get_disposable_virtual_card,order_physical_card,getting_spare_card,false,false,0.06873583161263495,0.1428702714489699,0.018402498272508026,0.05695628588678399,both_wrong
38f79b251ec522bf9e6b2af7a8c043323a689064f40a75d678f36b4f4331bc84,failed_transfer,failed_transfer,failed_transfer,true,true,0.5641337738457503,0.8190401328094,0.510063312699298,0.7341096154088431,both_correct
390291b37610bf7f889dab7ffd012a1f4530fd730e91cd550f420ec3bfc548e1,pending_transfer,pending_transfer,pending_transfer,true,true,0.4935635965078496,0.7887484362012953,0.3981221254029047,0.7597023806418521,both_correct
3907dd2962ec7e5b45ea9637e9a0a37050d3331f799f257730d600f8b1e3120c,passcode_forgotten,passcode_forgotten,passcode_forgotten,true,true,0.3836374965840298,0.7295009768661694,0.3276873972820446,0.6777997932650928,both_correct
392d6e90c24d9aad41d4f97483571efa8d3f6f6da23fe1be7979275257aaf4a8,card_about_to_expire,card_about_to_expire,card_about_to_expire,true,true,0.5544276070488926,0.8604200586229198,0.529240815673102,0.8447811885147765,both_correct
394d60b306c978824acb27ddb1fc3fd38a806871c222cf0d10b3ee7290de67af,lost_or_stolen_card,lost_or_stolen_card,lost_or_stolen_card,true,true,0.5071525218550714,0.42135341664738585,0.40659757762545995,0.27437359995014887,both_correct
395c28a42f0cc334331dbcc2e0cda6c6602937880ce1f7cbe02bf75fe2e42466,unable_to_verify_identity,unable_to_verify_identity,unable_to_verify_identity,true,true,0.6600331138507544,0.6680812090506243,0.5520167496323689,0.49112924973219213,both_correct
396a0da5f95afb9b621e95efdc860499cbda81634911dd3e3fe8ab35d371461d,exchange_rate,exchange_rate,exchange_rate,true,true,0.8250455387801535,0.8916095201149546,0.8096764931301923,0.8617293591035171,both_correct
397a7ee1d1db131a81ca69e3a96fe87d48314432c5c0edf04d6edc618c905b0f,declined_card_payment,declined_card_payment,declined_card_payment,true,true,0.3618940742938305,0.4570770913712627,0.24778569068819328,0.3587637620133047,both_correct
398154db06d9da230191a5de99002059c11402b15626838252d0767dacb08de6,declined_transfer,declined_transfer,transaction_charged_twice,true,false,0.11358956027862602,0.18005066210145435,0.012346846136488954,0.0739413866120999,lexical_correct_semantic_wrong
39c562314efa0b1dbba197dd6d845de03f5573384a3c9f538c49a3d44d5dc7d2,getting_spare_card,transaction_charged_twice,getting_spare_card,false,true,0.06939950251642035,0.4239421053308754,0.016672219655071763,0.3435367804016155,lexical_wrong_semantic_correct
39e735f0c942f4d3688dd57d3a0928e2433b523f2bca363e425aabd0451d0fdc,get_physical_card,get_physical_card,get_physical_card,true,true,0.10794421122737527,0.5432818047311169,0.028349022172751606,0.47300690298482395,both_correct
39ebd1e493a24401d7de851baa2c83c38ba7b90de5f0bd4ae49f8e4f340763ec,apple_pay_or_google_pay,apple_pay_or_google_pay,apple_pay_or_google_pay,true,true,0.49686495316044615,0.7128850038395979,0.45684407370808194,0.6122716413849348,both_correct
39ff715d2ba253fdf6fa7436cad9ea3669908c9f6622079a773d7e845581a281,balance_not_updated_after_cheque_or_cash_deposit,balance_not_updated_after_cheque_or_cash_deposit,balance_not_updated_after_cheque_or_cash_deposit,true,true,0.7975605025638054,0.6779327298912327,0.7631693279950649,0.6061284776835411,both_correct
3a2d92a92e23a84884558995b8dde772f1b11a84764a4f2bacc3b3f1cd93ceaa,lost_or_stolen_phone,lost_or_stolen_phone,lost_or_stolen_phone,true,true,0.22039882082096832,0.7707944545211587,0.18110971128092945,0.7041447671690573,both_correct
3a45c2ea0b12b5ffaf86dbbf9a667eea5ca7b7ca5e30bc854d34fb161137a1cd,cancel_transfer,cancel_transfer,cancel_transfer,true,true,0.8090959418875097,0.8254540021431666,0.7877744871113562,0.7879633434291263,both_correct
3a62ead74003bea8125152121ca29692cfb7acebfc36faa177c7a024576a3e8e,pin_blocked,pin_blocked,pin_blocked,true,true,0.6498075535990415,0.9251936284167197,0.5552538771060687,0.9050146298039576,both_correct
3a6e41acb4a41ca45212dc0455ec3027d50cb928cd178937a78fb85ff0ec328c,supported_cards_and_currencies,supported_cards_and_currencies,supported_cards_and_currencies,true,true,0.15085529068018524,0.20631939941312147,0.10762328611779481,0.12072765695105284,both_correct
3a878468271daf8124e10a60f72c9cb2bf278f16415b6d1440e48bdbc84d8889,edit_personal_details,edit_personal_details,edit_personal_details,true,true,0.6186233018436271,0.7551709777628234,0.5782234448803878,0.7127092805546827,both_correct
3a8c7958b986d52f45e5bd8af306b99d42c00e564ba2eaa7ed2a04225a3d59b3,passcode_forgotten,passcode_forgotten,passcode_forgotten,true,true,0.7851077881432263,0.8953079210786892,0.7775154615626481,0.86854327920257,both_correct
3aa30bf39a06af7617a4e7f4b522c08add4ac0c9edab3e75e1f8d03e76255c30,top_up_by_bank_transfer_charge,top_up_by_bank_transfer_charge,top_up_by_bank_transfer_charge,true,true,0.40806390699156153,0.6597449696913966,0.3181346967547892,0.5355669192532416,both_correct
3ab91aeb844539c7873da022114983ee07db286c8c10d25ada166dac503d437a,change_pin,change_pin,change_pin,true,true,0.2690258647905126,0.593678098260331,0.06934972495722211,0.3997133368285639,both_correct
3ac7cb9c15aa10fe4f89e08d98e7a556f7f62d92bbb190f2eda5f3488f92f41d,card_about_to_expire,card_about_to_expire,card_about_to_expire,true,true,0.38998757708042026,0.3960523316155172,0.35087608646442076,0.2511299105742316,both_correct
3ae6c8629f56fa292672213107f8ee4967560ad231dae9ffca02cb63235a659e,card_acceptance,card_acceptance,card_acceptance,true,true,0.11368523613253252,0.2513807462987141,0.0024390112911761713,0.11814702905049981,both_correct
3aeba9b9f7d1224bcb026542cb38ce4626455535893f295953ca6e35c7e99303,pending_top_up,pending_top_up,pending_top_up,true,true,0.5381419411060164,0.7792085657167686,0.5125718058272203,0.652290622353257,both_correct
3b037b59ca6741c32d815c1ee12b6be1b2a06d8cb8e84909ab6b534bebb18940,wrong_exchange_rate_for_cash_withdrawal,wrong_exchange_rate_for_cash_withdrawal,cash_withdrawal_charge,true,false,0.18543207450117105,0.5499105168117712,0.053129119886696524,0.4131699860601142,lexical_correct_semantic_wrong
3b0a4e05c4f015487c019814ec2b0ff68e8104592cd0e87d777bfa18ab239665,verify_my_identity,why_verify_identity,verify_my_identity,false,true,0.357923760054593,0.7455782459269111,0.030729318614538093,0.5915874294983761,lexical_wrong_semantic_correct
3b140ef9f379502e77cd313e9dd78f6f161228d66e0cc61f1dc329cc246551e5,transfer_timing,transfer_timing,transfer_timing,true,true,0.43810396394414736,0.4629146607823063,0.4022705751634586,0.30851167300513554,both_correct
3b6c41b5e3bb80d5d9fdab58e874c2459b6094c5e2bde904aea2f602aba538da,card_arrival,card_arrival,card_arrival,true,true,0.22069883590075443,0.40576237097516155,0.16285649203467228,0.35118465480031147,both_correct
3b6e27c602b2b7f79c3f03e6465414944c0e2584975d269082917a70f415a3dd,lost_or_stolen_card,lost_or_stolen_card,lost_or_stolen_card,true,true,0.6596975962704482,0.47996486975890257,0.5585918718401263,0.3452176663726896,both_correct
3b7c34f30dcd363559c831ffdcfd17248f233ea71889c53954b3f2c74276cc36,declined_cash_withdrawal,declined_cash_withdrawal,declined_cash_withdrawal,true,true,0.48997288939415884,0.45436372003015385,0.2524341454886709,0.10531089672112676,both_correct
3b80757e48fe299a78a586f7402748510fa6d19fd2250a47f19607dbddbace95,top_up_by_cash_or_cheque,balance_not_updated_after_cheque_or_cash_deposit,top_up_by_cash_or_cheque,false,true,0.5150219993545201,0.29434137722598247,0.3540914905363182,0.03190583402403824,lexical_wrong_semantic_correct
3b9c900b01b77a5512e69707724c2266196cd03012f8ea5f10786987b151de8a,lost_or_stolen_card,lost_or_stolen_card,lost_or_stolen_card,true,true,0.11311521938768586,0.2922019660229102,0.07146228397631246,0.14779547828643202,both_correct
3b9cc980cc09a04cd67d5bf63dddee3a4a70149ecefa869b1d4e1583cba783fd,age_limit,age_limit,age_limit,true,true,0.828118158835091,0.928719143399631,0.8213337689581242,0.9233130949515553,both_correct
3bc0ced971c57d40bb67436a56f37a96099dc07d8fa89071cc39443b43769164,card_swallowed,card_swallowed,card_swallowed,true,true,0.4560650728216497,0.47584445633225486,0.31137028846325954,0.2583421142191099,both_correct
3bcf36166b93fd0e5ee7ce303dde1abebfdf2924d5c431f9998a67336ed3a50a,direct_debit_payment_not_recognised,Refund_not_showing_up,reverted_card_payment?,false,false,0.10302676321379804,0.11174884830840899,0.034328748126588426,0.038410551557601605,both_wrong
3c001a63fca8d64eb8ba40598580f191038a9dcd99a6f24ab674bb8ff6bc7be5,compromised_card,compromised_card,compromised_card,true,true,0.6531329561607117,0.6667621475338896,0.6070862271742345,0.5937043878362793,both_correct
3c56d1241e9aec89d4525ec88c8e5206cd07f3de701324b5f57146e2b9647a0f,edit_personal_details,edit_personal_details,edit_personal_details,true,true,0.12518620143744058,0.8693778197835755,0.0697854215812283,0.8580006839859157,both_correct
3c621e428c89321b13937677f6c43474b55a10dac2e2e95d6e6c3fbab42b4a51,contactless_not_working,contactless_not_working,contactless_not_working,true,true,0.430855296527199,0.8636473689258272,0.38275779371039675,0.8482859856593162,both_correct
3c670359fc3902f78cc582941040c1edd3320e3298952feed8dd1646237cddae,reverted_card_payment?,reverted_card_payment?,reverted_card_payment?,true,true,0.4738725883606892,0.4166044886178172,0.37446128192726724,0.12754100868283713,both_correct
3c6c5b0703fe8d036c0b4b3d648ccc7d7ae0924758c7c5c53d43df8ea965a184,beneficiary_not_allowed,beneficiary_not_allowed,beneficiary_not_allowed,true,true,0.12164061638128867,0.32154574732930424,0.054678169014018674,0.2701940689434332,both_correct
3c71813b83760f45c7ffb78c4085539f810ae993b94ba61ab8b8604faf004eed,transfer_not_received_by_recipient,transfer_not_received_by_recipient,transfer_not_received_by_recipient,true,true,0.6733999387352247,0.8612623337279216,0.6416698545786672,0.8520038564998352,both_correct
3c806ea94c24f3c43fb28ab07d965f282d6581e1aab3548a072354c0f4a14699,verify_my_identity,verify_my_identity,why_verify_identity,true,false,0.4206155069176021,0.40780533210851816,0.19595074849142344,0.02193038650798701,lexical_correct_semantic_wrong
3c8aaa61b0c954c8dd1ff2ffcf08a9bc8fb338f688bc47e598f8ceaae37cab5c,request_refund,request_refund,request_refund,true,true,0.4953271737660796,0.896226131370205,0.35517187202930717,0.8247518617410072,both_correct
3cc1846a9da7f821a0eca42da5776220b16e8a9495aa728809821971a4cbcd5a,lost_or_stolen_card,lost_or_stolen_card,lost_or_stolen_card,true,true,0.3983914188055692,0.42030815868103927,0.334732729425996,0.36433117688950895,both_correct
3ce293573565078c407d0649bb7d25d5aa90e08cf133823b37fc6df158491507,card_acceptance,card_acceptance,card_acceptance,true,true,0.286874269613816,0.4928002614692649,0.18995806096893242,0.3885092460263858,both_correct
3ce49807222c16c95ff98184716e4c73d87ca59b269815f0e8688c97fa281896,verify_top_up,verify_top_up,verify_top_up,true,true,0.9161621322873876,0.8833994938412101,0.9076636651834608,0.8750677808738929,both_correct
3d0b051ed80f7df5dc8f55f8f2cc54a86e42f6184dabcb8c9c7c6ec01b2c1383,card_about_to_expire,card_about_to_expire,card_about_to_expire,true,true,0.7653068272258159,0.857324765462898,0.7447464220832744,0.8334173135186127,both_correct
3d321e124af4a5081ca3ef658f84d175c5a495fd5c8c8fc9e25da228a0a5e1c2,card_acceptance,card_acceptance,card_acceptance,true,true,0.36025773666054667,0.552868553798993,0.30295479715014906,0.4507600601476304,both_correct
3d46aa138d18a8e1e59b505afb377e47268a90488e6dea4175c1a3ad6fb39cff,exchange_charge,exchange_via_app,exchange_charge,false,true,0.2695628835309768,0.5343604233165371,0.07942358377700612,0.4293535774889248,lexical_wrong_semantic_correct
3d48fcc54b5ba216c11a35e227dda2e738d9ac747eb1eba7d0075ab6d70b4015,transfer_not_received_by_recipient,transfer_not_received_by_recipient,transfer_not_received_by_recipient,true,true,0.4753978726474643,0.39508687257256353,0.40493145641373873,0.26083177246892364,both_correct
3d5776a8792892d885fd732bc98e7078323e621110614a78c8cfe27ccb5328b3,card_arrival,card_arrival,card_arrival,true,true,0.3281709786207487,0.4096583755488219,0.2792871712723499,0.20365708049240114,both_correct
3d5dce0ceaef1b981270b75b56aec525ef7b0733bd93faf839c6f33238b237dd,top_up_by_card_charge,top_up_by_card_charge,top_up_by_card_charge,true,true,0.8063587743538917,0.7791614747489762,0.7772962520228481,0.7293709616124725,both_correct
3d68c7f9df50386d5795057327fef0ee0df38a2f23e51221109adb06df9d90cf,exchange_via_app,exchange_via_app,exchange_via_app,true,true,0.5646731097253598,0.6170790630308313,0.48615443917172524,0.5179373330928755,both_correct
3d691e5310044c34c8c15746503ddeee74eb5089386d16b224b44978eb00d1dc,beneficiary_not_allowed,beneficiary_not_allowed,failed_transfer,true,false,0.18426403533408614,0.40741712077431885,0.07257063098769041,0.12481415530164153,lexical_correct_semantic_wrong
3d74c0cf6116deefaec9379a5904d030835c43bbcab01e9012f4278eeb3509b5,card_swallowed,declined_cash_withdrawal,card_swallowed,false,true,0.09142088673429728,0.11384334542399331,0.019806539169006987,0.0017963102729900288,lexical_wrong_semantic_correct
3d9e5184eff846aaee8f2f0e1be0d63446ca70a775a7625ad3b0dfc49c439557,automatic_top_up,automatic_top_up,automatic_top_up,true,true,0.7288475490633666,0.5800337368573225,0.6520409675404046,0.4434879701041198,both_correct
3da0d1731f7582bb0b142c5d5c0d00be16bb3ad33ba3460c721a3ed08c7420a9,verify_top_up,verify_top_up,verify_top_up,true,true,0.9306393832777131,0.9332562470542413,0.9237976177099848,0.9264967131427054,both_correct
3dbdde44c672596b3f196b92b96c8def9ab13c3271f5bea02c59a9572d0aafb2,transfer_into_account,transfer_into_account,transfer_into_account,true,true,0.5971638480756241,0.8154559879126813,0.5459649109999417,0.7877306635472348,both_correct
3dd69bc7a86d78a3a705d8eef431a00ab5a772829d6aff14550766b14b6bbcbc,receiving_money,receiving_money,receiving_money,true,true,0.15581904940938174,0.6427373228223741,0.0951888277205189,0.5313347952584005,both_correct
3de186840b28cb6a21304aad462b6fa128a82aa5c9d0eb395eb0e7e06aaa8096,balance_not_updated_after_bank_transfer,balance_not_updated_after_bank_transfer,balance_not_updated_after_bank_transfer,true,true,0.6283930206001441,0.42261546593751037,0.5581704720947759,0.3190187637931643,both_correct
3dee603ab72b638e1293133fd23ca7332bd664f13dc9c486c7af86d28a28348d,card_not_working,order_physical_card,card_not_working,false,true,0.5249280863842419,0.4297222735509727,0.32838490075512805,0.3394741343013673,lexical_wrong_semantic_correct
3df48dbd71c50d6c2e73a18f4776f96895f2bc4c1d77c17501493b10314e19ac,declined_transfer,declined_transfer,declined_transfer,true,true,0.6943439205669002,0.8829095260860378,0.6487859739898868,0.8537427378471496,both_correct
3dfa91fe597d0f0ceaf8534e3c2b2fead15405dea3b8f54b23deb47640baae69,beneficiary_not_allowed,beneficiary_not_allowed,beneficiary_not_allowed,true,true,0.6216962605349069,0.7889432498399482,0.40572460473497834,0.7158724949813756,both_correct
3dfda28a1443e37452629d3178caf4927f900ccd1b27f3d04f34701382d23314,passcode_forgotten,passcode_forgotten,passcode_forgotten,true,true,0.5859096483106997,0.7165506997051251,0.5598936275614577,0.6792508239697734,both_correct
3e0bda79a269e3ac90f0f36d29d167b1461797678a9ae3bdecee3e084e7c718c,cash_withdrawal_charge,cash_withdrawal_charge,cash_withdrawal_charge,true,true,0.5449554481891261,0.7725124100371877,0.4583662111753545,0.7379453326883844,both_correct
3e364abbb84244093a130ed8a573c37b993f954c331489552ebb335f71ef48af,topping_up_by_card,topping_up_by_card,topping_up_by_card,true,true,0.5077003461335048,0.6701181784504393,0.4583181417018014,0.6276977929071161,both_correct
3e97ecefebb3fe63fff992ad481b124feafb66b51ccd4e3787128a17e33c932d,transfer_fee_charged,transfer_fee_charged,transfer_fee_charged,true,true,0.2567550992328148,0.40632549998511297,0.17867194809575193,0.3039834133847977,both_correct
3ea63fa64cc44ac346ad41912baa01f22277c197f0bc0e04f658a99fd74b0fcd,passcode_forgotten,passcode_forgotten,passcode_forgotten,true,true,0.5071234078530691,0.6288001494343031,0.4704265273912088,0.555170334744989,both_correct
3ea8db63836e486e2a544020538238bc8536260a94d0f70fcf3778ecb94b7e00,card_not_working,card_not_working,card_not_working,true,true,0.17159008255546185,0.40577986726938237,0.07860716146362233,0.25231717992775926,both_correct
3ebc4ceb1e7ff20296a79971e43b88e7ad92a95f3e843f60dd3bdc242f608bc1,top_up_by_card_charge,top_up_by_card_charge,top_up_by_card_charge,true,true,0.4199300841996942,0.626180143148848,0.28002942867811353,0.4841023535418798,both_correct
3ec983e5a8281f7377eba1bf637a1d81f6f4d8f852435920175fe1ffeef19c60,pending_cash_withdrawal,pending_cash_withdrawal,pending_cash_withdrawal,true,true,0.9750225666010649,0.9316193578307739,0.9667184248871394,0.918709173282577,both_correct
3edbdd66759384019a89b7fb8fd0dca9fa307ba6ea0c9c07229413cd1db9c86c,compromised_card,compromised_card,compromised_card,true,true,0.2863339170971814,0.33808841436285725,0.15376630498525748,0.1346886583346515,both_correct
3eee969a07d138b29825d8be95d9396211f136fdab091e7e067bf56e8778b35a,country_support,country_support,country_support,true,true,0.7313607884130153,0.9015731542339644,0.7098168276204501,0.8867875738097634,both_correct
3efb30f6d49f02a17942e2365906c4dc81088cf0e8c332818792627e352ff914,verify_source_of_funds,verify_source_of_funds,verify_source_of_funds,true,true,0.6736131690979262,0.8611532170660685,0.6641555299307392,0.8479125227392836,both_correct
3efcfb509268375047679c455cda04daff2e33984e0f0ae104ecefbd0230b1d2,declined_transfer,beneficiary_not_allowed,failed_transfer,false,false,0.32464258913453814,0.6307044508797732,0.05915815284717291,0.40624219379420035,both_wrong
3f025e02df1a40358cb44b2383412459e2549ea085deb42593bff03407d204ca,age_limit,age_limit,age_limit,true,true,0.9449095507631815,0.9690340118642281,0.9416489736756939,0.9667262137264718,both_correct
3f0575bdaad77917b4600fcd8f430fe8b2274db0a67d6d4e4b95a3322a5c20a5,top_up_by_card_charge,top_up_by_card_charge,top_up_by_card_charge,true,true,0.519706287120157,0.5982089010296006,0.48288486051611773,0.44648835059639713,both_correct
3f1a801a377acb57d6e58eac0fea06d0d3b75fb1998a60fa3493803634e67dd4,unable_to_verify_identity,unable_to_verify_identity,unable_to_verify_identity,true,true,0.3492120774667611,0.7836020463440123,0.2681449516870802,0.7621945815955543,both_correct
3f4a28f10cf2aba4dead15a79e729b82089a39cd04d8658af9fcacb4f32751d2,cancel_transfer,cancel_transfer,cancel_transfer,true,true,0.7114448713685229,0.8882452295915418,0.6847984910754438,0.8699905594402909,both_correct
3f888c0c71e97091c893cecc84b4ef7825467bd362d5973322ddd1828beb75b0,verify_source_of_funds,verify_source_of_funds,verify_source_of_funds,true,true,0.3241909016001524,0.7914575541526353,0.2709232569909301,0.7742718786240961,both_correct
3f8cc041540d145b6e06886cd4a6c2098cf7eace41f07422ea9a452568efeac4,card_acceptance,card_acceptance,card_acceptance,true,true,0.12272106585175839,0.48865146363600204,0.015586363926506294,0.3040808233305268,both_correct
3f8eeac5f164fab1d18427a282992725334b0f6a3e8dbb3c6a35abce8553efd2,card_arrival,card_arrival,card_arrival,true,true,0.3121363211085275,0.5826301169741698,0.1412303321975066,0.5229163901588503,both_correct
3fc24b8c8c639a371486dd45c7aec26ba7307bc6bf135f528915580f40a0bea2,transfer_into_account,transfer_into_account,transfer_into_account,true,true,0.7471190042208572,0.8482887138564269,0.7145931276128259,0.8173979392548228,both_correct
3fd2d035202963b0d85f38cc14fb8ea347f970a933da317105993e72c275876e,apple_pay_or_google_pay,apple_pay_or_google_pay,apple_pay_or_google_pay,true,true,0.7659256880325161,0.8672602178218748,0.7425847820694899,0.8538365786290727,both_correct
3ffb09cde62c304e67daa61c7fe65ddec49bafd07d330bb0fc1d4ec1309d38e1,apple_pay_or_google_pay,apple_pay_or_google_pay,apple_pay_or_google_pay,true,true,0.9086179485197954,0.7871927919819078,0.8579088579586521,0.6826967167791302,both_correct
3ffeb2073c19cdc8132ab14131d51713bd986c8387dfe2ef497ad014fcdc49b8,top_up_by_card_charge,top_up_by_card_charge,top_up_by_card_charge,true,true,0.3326448646310435,0.5858888596999021,0.21695540103913583,0.4720222927276809,both_correct
4003e5fca00ac637bfbbc81456d49a9a6a4d2c1f2192bc06dde7d9b8ddddf5c8,age_limit,age_limit,age_limit,true,true,0.8153864674252543,0.8904382618833532,0.8020991898272023,0.880877925904361,both_correct
400c92e3b4302030775ac52bf52b92fe5f2cdde4fd79f1235b443dbf72dc2a0b,why_verify_identity,why_verify_identity,why_verify_identity,true,true,0.48330615615292516,0.42338615658563383,0.34550442778908547,0.09270125014344482,both_correct
40380e9c4f723d7873b97775617d8346eddb02fcba4113fe527dcc1ef4f23ad7,activate_my_card,activate_my_card,activate_my_card,true,true,0.9645426598547022,0.8852985917599083,0.9563551198890794,0.8370166020869784,both_correct
4055e9d5a9a0426f00267dcb9e10db8937e37a2b69d66e6c17e84ab916706495,get_physical_card,get_physical_card,get_physical_card,true,true,0.6342310086616322,0.8131518304554876,0.4931868677200243,0.7618717063974332,both_correct
407942c0aafd36715ace6d29a315ed5caec5db8cab56d79ccacbc1c2519e38ef,exchange_rate,exchange_rate,exchange_rate,true,true,0.28907313833067505,0.8748979365454692,0.12669686198559119,0.8335332848555245,both_correct
40a4c3dec4cbeda39f366775ccb9386f3e0e0994508ab06c7a578de3114a69f8,top_up_by_card_charge,top_up_by_card_charge,top_up_by_card_charge,true,true,0.5882091667683372,0.8302490167821862,0.5442747430985888,0.7816300443484907,both_correct
40bb671fbca4720ff00c06400a19876f317cf2c98222fc0b0226fdf791909e13,age_limit,age_limit,age_limit,true,true,0.9119376760258272,0.9673399004120147,0.9075237891237032,0.9655067376482134,both_correct
40bd64f0cc131e7fd068b4c56ebe3b0ddde127da4b25388d1586cb9319fa6b6c,compromised_card,terminate_account,terminate_account,false,false,0.13562316394552323,0.41652785868466996,0.04779271137371503,0.37127009547227674,both_wrong
40cce409395c2dfa045ffd4aa802bd96208839889656df52100870c9b07ebf52,activate_my_card,activate_my_card,activate_my_card,true,true,0.5445637733238463,0.7993532997598672,0.3975849006942699,0.73581466619668,both_correct
40da09a05a09b3bd6526ab8d4379fd2a56b244434526ef20b2a0e331ac7f4dc8,balance_not_updated_after_bank_transfer,transfer_timing,transfer_timing,false,false,0.5037064096130244,0.4708379604051286,0.41811918240300616,0.24793754009188662,both_wrong
40f244cefd97a1dae8580e2bde34d8d496c8cbec075e298c90031795230223bc,wrong_amount_of_cash_received,cash_withdrawal_charge,declined_cash_withdrawal,false,false,0.13421896910963832,0.21785629702578257,0.016498327345052938,0.06063188039675543,both_wrong
41142563b4278858eac60f9d5f3834b301a0462105e875eaa5b9883164b74814,exchange_rate,exchange_rate,exchange_rate,true,true,0.9201515081146955,0.8650768652261153,0.9117380603585308,0.8312274424202623,both_correct
41203cc6001c5cc6465733594f662afd67a80f85091a52aca8079fc48a72d510,order_physical_card,order_physical_card,order_physical_card,true,true,0.24274372328766614,0.7378544975863488,0.13389647256196682,0.7035513021226767,both_correct
4145e525cd6af48988648b9c660ec4e16b2bc81c8a262c1bb429995db1f736ce,declined_cash_withdrawal,declined_cash_withdrawal,declined_cash_withdrawal,true,true,0.7646830137517839,0.6317145147270021,0.7020215256248548,0.551139975294827,both_correct
41545a5c6267ac8c4da382c8998ee82649fce06cec957cf9b30b78c4b978d567,declined_card_payment,declined_card_payment,declined_card_payment,true,true,0.5148456820697614,0.565258447237644,0.448096605351325,0.42445460010467284,both_correct
41b2a40e609387c4af1a99f34c6ccd733eed2086cfdba5b9ab7746f0d4aeb144,receiving_money,receiving_money,receiving_money,true,true,0.8088758190005799,0.9128017934159091,0.8015963087083565,0.9014117398749213,both_correct
41c70fe1fb61484444cacd13ab40ffd9798af4fd87deaa0f24ee52a0846cb8bc,age_limit,age_limit,age_limit,true,true,0.7701836201861253,0.8588201785393547,0.7581813967386526,0.8442407700629339,both_correct
41d6b492cef20b6b1152ad81a923b6bbdffc177edcc43d9dc7a1bfffec808a52,getting_virtual_card,getting_virtual_card,getting_virtual_card,true,true,0.18892669730012682,0.6883498552611459,0.12064554107822223,0.6042902615534438,both_correct
41d9c5cda2a87a7941f872ed99d43082e05e18a9228fcd3309238cdde92692f5,card_arrival,card_arrival,card_arrival,true,true,0.7315199642072376,0.8080505515424107,0.7128582451540605,0.7894647327786778,both_correct
41db3799180c002016480d3169fc6b6260534958330ab7c09e75e369f352b541,Refund_not_showing_up,Refund_not_showing_up,request_refund,true,false,0.45198875059703864,0.5113360950144218,0.20410668689471864,0.1386931358460074,lexical_correct_semantic_wrong
41f37012885b5d18ffb6fa21e674cb7d930e24696149a68404afeeb70df90ad5,verify_my_identity,verify_my_identity,verify_my_identity,true,true,0.4470227089283634,0.5677209189574327,0.054861897087379874,0.3457106505491391,both_correct
41f563742f38ae105316686a5c24a39dcc34585e85ff8daa4ff38f3e1a0643fb,declined_card_payment,declined_card_payment,declined_card_payment,true,true,0.3825033531927007,0.3089781060111183,0.21665854973096726,0.13930398644520323,both_correct
4231a48c940909fbd9398adc218502a46641bd9b18cbb6eccb88cabba42a7919,top_up_limits,top_up_limits,top_up_limits,true,true,0.8424427998092566,0.8309898593906403,0.8144353662520788,0.7776042940556145,both_correct
423aef84ee1a5033893ff5b1c3db227f553df316c3b8caff9e6f250833f292af,lost_or_stolen_card,lost_or_stolen_card,lost_or_stolen_card,true,true,0.7780788863041975,0.6279827330590572,0.7473264505576408,0.5441919139173748,both_correct
4245cff69af96caf1f198036a3ae6677897697caa4c3eae8e168dc9d902868cf,verify_top_up,verify_top_up,verify_top_up,true,true,0.9163695186470436,0.9425503320771054,0.9083950564383197,0.9357442136815078,both_correct
424b1829d5d9e075d0c596928727fbb0d671ffc5d87fb54313959447198d98c0,pending_top_up,pending_top_up,pending_top_up,true,true,0.31104313804243067,0.8463317214667971,0.25070793050871215,0.8229639676040204,both_correct
4254f1e4ba3b267406d6474c0bad179db2982f136a149e944e7351e18eba2276,pending_card_payment,transaction_charged_twice,transaction_charged_twice,false,false,0.5158773566362098,0.7156960729095406,0.47669422428608615,0.648932165806413,both_wrong
427f5ae40e3988b23178ca70f2a50fe444bd7b0dc005bb5f994aa9572227e939,cash_withdrawal_charge,cash_withdrawal_charge,cash_withdrawal_charge,true,true,0.6829294694501291,0.836653393009524,0.6561392446727685,0.7990777379560382,both_correct
4284297bb7be3124cd9a713df8124791766f57186ba150bff2286e7a8be65ee4,passcode_forgotten,passcode_forgotten,passcode_forgotten,true,true,0.8275253404961481,0.777949326469375,0.8210824762830714,0.7447098220434906,both_correct
42a197a7d076be32fffdeff2dbc9a3c5f918c52581c98180d0b8f4f270fbb41d,card_not_working,card_not_working,card_not_working,true,true,0.28565307498847153,0.7528456379838109,0.2500337996607109,0.7159960812089675,both_correct
42b0e9817148cde97700d4f60c84503e2a76102a3bf41a8561e529996a32d4a4,top_up_by_cash_or_cheque,top_up_by_cash_or_cheque,top_up_by_cash_or_cheque,true,true,0.7718886466012446,0.7782079829884514,0.7268927809248364,0.7406742232099127,both_correct
42fcd6c73bce21924d11328d25a452d5040ceff4ac38eb2c7eb501bb795df6a6,card_not_working,card_not_working,card_not_working,true,true,0.0574102390553681,0.2619052272567416,0.01501289709829845,0.14808377528349614,both_correct
42fe7461d00780cf4bdaefb07ef9bc34e44372cf52bb1517351b3b6b5a9d4496,card_payment_not_recognised,card_payment_not_recognised,card_payment_not_recognised,true,true,0.6689936973030067,0.6639669595084751,0.5761939555214604,0.5429034445111598,both_correct
43009231e686832fdc85dacea855246268255b5157ba3ccebe85246fb1708e27,getting_virtual_card,getting_virtual_card,getting_virtual_card,true,true,0.5005697403284174,0.8045103878201441,0.44244725436165483,0.7631019803716124,both_correct
4312ce79576282d279b11292ff02a789cecdadd45f6cf709d4209be84ef2bb65,cash_withdrawal_not_recognised,extra_charge_on_statement,cash_withdrawal_not_recognised,false,true,0.09927360931810472,0.37995165151865384,0.02692784858353399,0.2719424289966903,lexical_wrong_semantic_correct
431856645a4195d0d374eb02509c0b8330db6eeab22d651b2f9d5a543e8c51d5,terminate_account,terminate_account,terminate_account,true,true,0.6361815915109056,0.8286080306060551,0.6187866288317663,0.819313319106398,both_correct
4318e39530034c8c0e2d73b57c3ce6ed158552d1a1af5901b181e01b576e1d6d,fiat_currency_support,fiat_currency_support,fiat_currency_support,true,true,0.4609160794172244,0.3237076899002325,0.33520254835833907,0.1513154096427729,both_correct
435afb506f41cd5bf922e67c996af3aae23b8fe3b8e8d45a245819ad9a4acfb2,card_not_working,card_not_working,card_not_working,true,true,0.6188759549002655,0.7420306948584053,0.576115617734478,0.6940987689287054,both_correct
43650b16c0cc4995a7fa46ac3f971fa08c81418ca93c579c5a4eb50c7f839a66,terminate_account,terminate_account,terminate_account,true,true,0.7394201625381818,0.8072882114767557,0.7293762313792856,0.7957480013983204,both_correct
436e3a758505b9e2b2015dfa01464663918395db986283ef24dde93d2f6f5f24,exchange_charge,exchange_charge,exchange_charge,true,true,0.6403875662519788,0.6510805487577834,0.5831287708177921,0.5592943119673273,both_correct
4390afdfc1294fa8575eb219a8b6d71d30fda55a415555539fad3a34d75624b5,lost_or_stolen_phone,lost_or_stolen_phone,lost_or_stolen_phone,true,true,0.20604303339820287,0.5498139811082918,0.1166052562206464,0.4966805734559725,both_correct
43ccc208e4c1c2499352da93307ecc0e20aa0f74a3444d3c2845694c7b76072b,top_up_by_bank_transfer_charge,transfer_fee_charged,top_up_by_bank_transfer_charge,false,true,0.18576256318667436,0.358969991348276,0.07571987464587716,0.20999986940457177,lexical_wrong_semantic_correct
43f232e50c88b4432a562099e19975bc6c4b85610c3d466a60aa44ee54933cad,getting_spare_card,card_payment_fee_charged,getting_spare_card,false,true,0.2605814543450076,0.7130593098923581,0.0862121624078859,0.633720849246004,lexical_wrong_semantic_correct
440c3965570005fad7faf3e7c6410006497a5a7f5cd6d52321f0bccb31c456aa,card_arrival,card_arrival,card_arrival,true,true,0.8142275325274297,0.5655941397329384,0.7956029977669544,0.5153412871918008,both_correct
446690c1c763956ccabcf4ca579a5b90731839cb44357b396a62cfc96be40169,lost_or_stolen_phone,lost_or_stolen_phone,lost_or_stolen_phone,true,true,0.5159389977583108,0.9017850351796223,0.4659044843790968,0.8766043312834366,both_correct
446e69d47e9eaa80e2041a1941b8f7c9c01a7286645aa853d282dd9f5fec59f6,direct_debit_payment_not_recognised,direct_debit_payment_not_recognised,direct_debit_payment_not_recognised,true,true,0.931962490328382,0.944658380088789,0.9256246662286326,0.9331570699361181,both_correct
4477e587bcdd92dcef6101cb1481b3ad9d4df1147df728353c1d65eb9fc3140b,balance_not_updated_after_bank_transfer,balance_not_updated_after_bank_transfer,balance_not_updated_after_bank_transfer,true,true,0.4059280466387712,0.6688966130976742,0.343487136270275,0.6149987658185728,both_correct
449c62963e95d6a92fc71d88449db57c23cda3e116d577193d33c7b2539ba740,activate_my_card,activate_my_card,activate_my_card,true,true,0.6575353138945732,0.8819943024288548,0.6037172456250983,0.8445594301743153,both_correct
44b978e388190336bf9f43026e35bcc18008943321593040489064c70f4b8a48,exchange_via_app,exchange_via_app,exchange_via_app,true,true,0.5177688976439642,0.5343870802020813,0.3615453996095113,0.3842727843259425,both_correct
44bfd09fab65863c714c97429ed97191b32f49c3cdfb9a172497e415afb946d8,request_refund,request_refund,request_refund,true,true,0.1862771901687076,0.443031009692602,0.13885158404997808,0.29918801625791536,both_correct
44c4d21556244b754ff01cfb52d37f64db995805c8d26203fceb1dea5358e53f,reverted_card_payment?,reverted_card_payment?,reverted_card_payment?,true,true,0.21843104933980598,0.2725906880339132,0.16588314275530264,0.15484299880905072,both_correct
44caebe8d1bc773b6e86b370211938a245fe9c0b0e020ca25cfddc84922e1117,card_linking,card_linking,card_linking,true,true,0.5050236304352004,0.7751919776661172,0.4415410733944042,0.7272091178546898,both_correct
44e8ca03ffbfc3f81074648c75f609afd23d5206dc7f3cca3aa8069f5e7ef61e,compromised_card,compromised_card,compromised_card,true,true,0.2961922532687719,0.4733549882788256,0.184383284283967,0.37847411559499544,both_correct
44ec6bc1085eab5d18502be378682f4cf3d9e4cf7834709c3c4ef8016a45cdef,extra_charge_on_statement,extra_charge_on_statement,extra_charge_on_statement,true,true,0.6693241191016294,0.7567032850190072,0.6213023499334144,0.6839878625888438,both_correct
44eef3fa13fc4a404a1d2297b0fa8b9a6e78da9b555dcf027d7023b77841e681,order_physical_card,order_physical_card,order_physical_card,true,true,0.7084667296355477,0.5028657226497252,0.6802400918531465,0.4345008507270244,both_correct
450294baf317896396a99cc6caf4532f18e15296630a35762e4af071acc0e75f,failed_transfer,failed_transfer,failed_transfer,true,true,0.4787517565685979,0.3473488365048033,0.38872838024182466,0.13793657534833298,both_correct
4514030ad7a25213a1c034caf744e8340e4ddcbefc8811ceb841bc4cac9cb0db,activate_my_card,activate_my_card,apple_pay_or_google_pay,true,false,0.15057341050315579,0.06112648643645216,0.10952910179978592,0.00636472333383644,lexical_correct_semantic_wrong
4514220223a4305d594765f37b30a98669f971d590d1f4531c48435d982bb51d,top_up_failed,top_up_failed,top_up_failed,true,true,0.27922813040605365,0.5564166965965701,0.1399776777713693,0.4414876794357516,both_correct
45329decdeff968bfd9a6cf64d7fd94e392ca281c18dba5bd33462b748ed2705,beneficiary_not_allowed,beneficiary_not_allowed,beneficiary_not_allowed,true,true,0.5943976386746346,0.9451633695018061,0.5691204889279586,0.9411360885767733,both_correct
4563fea968264cc0f6af91cb3d9005c3baadd103646788f381776de8338e4cf2,card_payment_fee_charged,card_payment_fee_charged,card_payment_fee_charged,true,true,0.8858238967049596,0.8283934776504407,0.8280752373767495,0.7935602725521839,both_correct
456a83b806e80c824a6d559b77698539af53664fd8e0c09fc826e097b5ea65b3,exchange_charge,exchange_charge,exchange_charge,true,true,0.3217994110582095,0.7669849121772783,0.1854960630277682,0.6894467538703025,both_correct
456b052755334191ea1f9a323db322a1eb46cd61543865303a81af52c6cf7e40,get_disposable_virtual_card,get_disposable_virtual_card,get_disposable_virtual_card,true,true,0.7589236453748199,0.7688525027585401,0.6876193373996978,0.6886315651449967,both_correct
456b4f5edc9750cb5efc82015a5bd3f4e94e6a05bec6e26d3f236c2491ca9798,age_limit,age_limit,age_limit,true,true,0.693068757155311,0.929752362887638,0.6804446184629677,0.9230346023331257,both_correct
4574eaac0c0a558b7a4d676b6a9fc24ae3738aabfc02c5c2ad3191e1026f7d57,top_up_limits,top_up_limits,top_up_limits,true,true,0.5948339757919665,0.8822417481463745,0.5692399707130925,0.8609443591189744,both_correct
4581bf72f8e3c40aee4644e66a6f84e7028aa8ffad5b65966db70e77628958d3,getting_virtual_card,getting_virtual_card,getting_virtual_card,true,true,0.7523874414780737,0.7327215802101462,0.6572506033205505,0.6467022939872161,both_correct
4583939f16b235facc190441ef116629b342d52347bde34ab75a2fcd2d6b398d,exchange_rate,exchange_rate,exchange_rate,true,true,0.8511988896391026,0.8155070914000946,0.8402198623561138,0.7768259049393754,both_correct
459038f41f41b63a4df6b12dbbdc05147db2301faab8184a5a03fdfc0123e9d6,verify_top_up,verify_top_up,verify_top_up,true,true,0.5915642910490094,0.8793957489657526,0.5567567147251634,0.8683196543402183,both_correct
45910c1aa077e034e894bd6b3dd9b07b69604ec18666db65e90db560c7c6f240,top_up_by_bank_transfer_charge,top_up_by_bank_transfer_charge,top_up_by_bank_transfer_charge,true,true,0.31340313058707125,0.6337908671533752,0.201129859100815,0.5664604103340276,both_correct
45a709f01a6736f0c607b1f3e45d289193072b257db6240d328be82f3c51be1c,get_physical_card,get_physical_card,get_physical_card,true,true,0.39690383169433374,0.6445194460875519,0.29842623702734095,0.5113217278159514,both_correct
45b1b2b07467a621e9bcda2179d8cedd8d0b1bdda7165df38b7fda891151c3ec,card_payment_wrong_exchange_rate,card_payment_wrong_exchange_rate,card_payment_wrong_exchange_rate,true,true,0.6433478626434952,0.7898623962607322,0.5112276547994308,0.6618075763743367,both_correct
45bab5671cf64eb0fc72c7670241cf700f6d26409bf567dd82812cae2bd04073,supported_cards_and_currencies,supported_cards_and_currencies,supported_cards_and_currencies,true,true,0.6022764676418245,0.647971315413267,0.5356143625983045,0.5736614873484741,both_correct
45c0c11789bef3ff43bf9b4a458843e3c6c54da8496903055136b643cd2a2313,beneficiary_not_allowed,beneficiary_not_allowed,beneficiary_not_allowed,true,true,0.47306785199398277,0.5232965054672472,0.40316796412960654,0.29412593631111117,both_correct
45efde36114f5d5f5cce969ea29b1db1c794e30b3dc4515549f6d93da113e2da,change_pin,change_pin,change_pin,true,true,0.28497925621013487,0.735336276042338,0.08951106593043898,0.6503478574400718,both_correct
461169ac3a1eb387b598569ae2b6f7ffdad671cf331b3ff52a033dc3c20658f5,card_about_to_expire,card_about_to_expire,card_about_to_expire,true,true,0.3211151612633495,0.831219448666898,0.2385148700032143,0.8114446054037681,both_correct
4640235994d0fac7b41052e04e57be942938d1774aba22442c083ae8fed12553,Refund_not_showing_up,Refund_not_showing_up,Refund_not_showing_up,true,true,0.7168307188719651,0.9527613246658219,0.6846577973260495,0.9433524514212779,both_correct
46416fd6ba2129a069e1780b429d229be994a90f5135579de0171d68c9b1dbd2,get_disposable_virtual_card,getting_spare_card,getting_virtual_card,false,false,0.2527297993646557,0.5436676525076958,0.18567707555786378,0.4060972783229567,both_wrong
464fa617a2263d00dccde64bd90ed6545e67b8a3401163f3aac256f5d4785f28,pending_top_up,pending_top_up,pending_top_up,true,true,0.8757506735161404,0.8117587922455389,0.8518686269122268,0.7335881278109531,both_correct
465bef282173ca9cc4610cc5064572616e0305193b7c39769ec728e34466f033,top_up_reverted,top_up_reverted,top_up_reverted,true,true,0.6653385919372617,0.8827270195718749,0.6075777867789492,0.8514507950222759,both_correct
46678f757c49e45c3681d9b5ffd33bcc2f91e139e42919b47c9166418bcb795c,balance_not_updated_after_cheque_or_cash_deposit,balance_not_updated_after_cheque_or_cash_deposit,balance_not_updated_after_cheque_or_cash_deposit,true,true,0.8970923089221904,0.9349473896450682,0.8682561551025019,0.9175930505221321,both_correct
466f7a00211c6d6901749f88a1e202e0a5f47c562f449569b88ae94ec1e1ee3b,balance_not_updated_after_bank_transfer,balance_not_updated_after_bank_transfer,balance_not_updated_after_bank_transfer,true,true,0.23960461040448816,0.3789547109420147,0.046513805027523863,0.08192168385260423,both_correct
468df0bd474051d720f664876b44fb456f5c90dc6c68d88bfe911727fa91da44,lost_or_stolen_phone,lost_or_stolen_phone,lost_or_stolen_phone,true,true,0.35104978764389544,0.48709891788601895,0.3224376437653003,0.4454135715957075,both_correct
469ad986d1b93806af3ab5aff015178deba3c3ce24d5026ea749f597c19add6e,virtual_card_not_working,card_not_working,card_not_working,false,false,0.17843499743914754,0.28192000874747625,0.1274878145541494,0.16800447724700357,both_wrong
469d922910cdbbfba938ec24291e5c295b8eed510b8c59663b8a2c5f01d49672,virtual_card_not_working,virtual_card_not_working,virtual_card_not_working,true,true,0.3898965406241765,0.6544244528564416,0.1625536303343356,0.520021664120498,both_correct
46d93ec38d1bb06478621fd067f512f420aa6864ab15bb8c68f81bce7697dcbb,reverted_card_payment?,reverted_card_payment?,reverted_card_payment?,true,true,0.2526183861405848,0.2437180138861249,0.14868947223596607,0.03598649327951911,both_correct
46e4cd6ceb5f0eb56e00136aaf80043678ca9f939eefb6f31fd8022c6664594c,exchange_charge,exchange_charge,exchange_charge,true,true,0.7922722330748944,0.8142337481949952,0.7642463924168579,0.785812855106641,both_correct
46f1433cb2b7a0087e0e0c963e604b650d5f9205a1f784ae247d69e815ba34cf,visa_or_mastercard,visa_or_mastercard,visa_or_mastercard,true,true,0.9071530506806913,0.8989848110022695,0.9027811386888188,0.8848113397440978,both_correct
46f311041717bf6c44eef232d81af5e216a3855081a345bddbcee5dc8e1cc4a0,disposable_card_limits,disposable_card_limits,disposable_card_limits,true,true,0.7476056362115204,0.9137070690462101,0.6916122654494569,0.8910931828350779,both_correct
470f0694888e37a48327cf3addb31aab119a92c471fab6306499a491f819a2a8,exchange_charge,exchange_charge,exchange_charge,true,true,0.6822112955423622,0.736801549004009,0.6615051190215898,0.6966439149517969,both_correct
471ca64ee144114209092f7e0d92d67577bab9deca3fa6187fba5e8c6cea69cd,top_up_by_bank_transfer_charge,top_up_by_bank_transfer_charge,top_up_by_bank_transfer_charge,true,true,0.24918907211350194,0.5490954426279577,0.1622774768460568,0.4846269337567374,both_correct
472e76faaa8f7b0fa0fb035ffed71b6ce31a3a1222bbc2e6e2218fdd6568a7b6,atm_support,atm_support,atm_support,true,true,0.2791522476195506,0.8595750605213075,0.19403960794188232,0.8502056480063112,both_correct
47495e4d5f33b9bce635dbcb0af23f92922500de7de9b1bf83735e8125ec326e,pending_card_payment,pending_card_payment,pending_card_payment,true,true,0.5525638575477781,0.706469147426026,0.5263950264498112,0.6634783978593113,both_correct
474c681ec9d0f7304b3cb869dd7bc27fa061619cbee3903c05de613cf1c618c9,top_up_by_bank_transfer_charge,top_up_by_bank_transfer_charge,top_up_by_bank_transfer_charge,true,true,0.4382317460889594,0.5169752320583727,0.4001541011482641,0.4177268793154223,both_correct
4776f4e457cd712ec91f981a057eda03627afa12deac8dac5e015be0ec3393e7,getting_spare_card,getting_spare_card,getting_spare_card,true,true,0.18716450485548364,0.8268970825053166,0.0747096109508043,0.8004051333181623,both_correct
47c13e7ec11dd1d745d719554dc4df861da9c6159415457cba192710b7b34f71,verify_top_up,verify_top_up,verify_top_up,true,true,0.5780403644849783,0.80910802361495,0.5009184044005249,0.7697122698982329,both_correct
47cececce8916686ce5b87ab5c31d7d44b2b762693259cb83edb7872d723126f,card_acceptance,card_acceptance,card_acceptance,true,true,0.07667086620152173,0.12207482986562501,0.028845118650433127,0.06281905178788592,both_correct
47fa9d06dbecb79308e002a49a0000d3ab8ed23bba1ea1abd35b2ef8457c7781,top_up_limits,top_up_limits,top_up_limits,true,true,0.45810164634800754,0.8582637980951023,0.39036108189818697,0.8289383295783048,both_correct
47fb2d7112ea05c159f8955a97300ec2f24675ec2bf5a1594f26f3639f82deb3,exchange_via_app,exchange_via_app,exchange_via_app,true,true,0.5247916126896456,0.6686577986433065,0.20812127737275649,0.5788906219092999,both_correct
48107235121f758a97f8a715da66345221d4e85933e46f6d9908620310a214df,passcode_forgotten,passcode_forgotten,passcode_forgotten,true,true,0.37437679607179264,0.7135492025415502,0.3509567798502256,0.6630981775500799,both_correct
48284442d27834bc5c3480400a07aa2bdb3f4ba6a1628344e9c1105edbee0732,get_physical_card,get_physical_card,get_physical_card,true,true,0.40935063673942795,0.30257573965830104,0.26385855257902807,0.0822739583438033,both_correct
48299627fbbc40ccddb273c01839f093b7fb276d32fb2278351ea9803343f8cf,transaction_charged_twice,transaction_charged_twice,transaction_charged_twice,true,true,0.648852299316922,0.9431672906176434,0.6263642953090003,0.9293402183777113,both_correct
4829e589518750f58e382d79c5d35aed59556f36282b021167bd20e4603f270d,transfer_fee_charged,transfer_fee_charged,transfer_fee_charged,true,true,0.8479819735025328,0.8953878337563653,0.7762121876316087,0.8674806738003951,both_correct
484e9dc7e79aa0b5d93c77f76b1100ca8c3add53d7bdb39c3808ced347eecad5,wrong_amount_of_cash_received,wrong_amount_of_cash_received,wrong_amount_of_cash_received,true,true,0.7454930099673284,0.8697833342856466,0.7226612120041552,0.8587519929198393,both_correct
484f9e67344acaff1a374aa1ebf4304dd965c6dd155a2b91b667819c1a78203f,card_about_to_expire,card_about_to_expire,card_about_to_expire,true,true,0.8180040123034938,0.7390726181268951,0.7969219808234507,0.6981009525516505,both_correct
4874f504bef56ab154a098f2b00218c33c5f32ba40c03472d54d0f8d60bd49fe,disposable_card_limits,disposable_card_limits,disposable_card_limits,true,true,0.2619823645259464,0.54988229915788,0.18189118317425754,0.3662465896010766,both_correct
488f69937a97b5a1e3aad1f86f67813ccf16f86bcfb0c379ba24de79300eff66,top_up_limits,top_up_limits,top_up_limits,true,true,0.7751306496746876,0.5275927151624115,0.7287885205890512,0.40670556613214986,both_correct
48b49fcdd298c850ce51c99d303658274f8e4cf63c446856c1043302cbe6cdc2,passcode_forgotten,passcode_forgotten,passcode_forgotten,true,true,0.6384008603158449,0.905711172230368,0.6022027831085687,0.8876249025261391,both_correct
48d0c5203d81c8443b989b5153816e401657590409f1166167c90f61509ccdc8,get_physical_card,get_physical_card,get_physical_card,true,true,0.4911070985477016,0.7041344980936055,0.3761967906593741,0.6663952634196347,both_correct
48d5d911c7b4745f2077805f1523a0037e7532b8cb4fd3b3c339a429bca28c71,why_verify_identity,why_verify_identity,why_verify_identity,true,true,0.29769709913549813,0.7886212008542756,0.24629723376634477,0.7403344344024915,both_correct
48db0f43129f70485ef0a13400936f2f10032a5fae0c2930051ce70c64335a67,cancel_transfer,cancel_transfer,cancel_transfer,true,true,0.6989320931272048,0.5707921418177431,0.6646857121636127,0.526604339885347,both_correct
48e48fc13f53c3ed140fae91538321b491d2669593311c8907684804eb595147,exchange_charge,exchange_charge,exchange_charge,true,true,0.46034518922318246,0.8392096514627336,0.2656965400643999,0.7908588693543122,both_correct
48ec6915470e6db714754d45ba5f9aa4762020ccc45f1925165c37bbfef14ff4,declined_transfer,declined_transfer,declined_transfer,true,true,0.7512036779554753,0.8054259371141765,0.6457217001629264,0.7235130669454302,both_correct
490e996e5864c2ab59424fa6e3233db9441babdc654c7cca2777e2f9bc97399a,automatic_top_up,automatic_top_up,automatic_top_up,true,true,0.7115347490210049,0.8532737355248035,0.6920000028664007,0.8275144521255208,both_correct
491432929145cf6096c93a999d09e1d31b62cb4c8218098202fafc1bde950dc9,top_up_failed,top_up_failed,top_up_failed,true,true,0.41208770768019903,0.5806004270932357,0.3191501964902731,0.43748262280506134,both_correct
4914b44969649c2bf339368fc144e48048e05c062788e2d60242d7008168531a,top_up_failed,top_up_failed,top_up_failed,true,true,0.4837166242828045,0.6917563433806978,0.39307821308173124,0.6356987522847645,both_correct
494ca414e21b99f185d3c4da3cd4467718048fa8c15b173a1920593ab77c6a79,exchange_charge,exchange_charge,exchange_charge,true,true,0.10321876934311598,0.30602763056410054,0.057812874035660426,0.1725055464266638,both_correct
494e4af7a97cbfb268f5e44581e9712517cb6e9a9052d114552d57ce59f72c84,transfer_not_received_by_recipient,failed_transfer,failed_transfer,false,false,0.2166815460600052,0.20711860305941418,0.16154423665577625,0.0005933152691956212,both_wrong
4957c5eafcf35ff7846d7cc8166843ba2286a6d0ef8a11707a6ada84a818b3d2,card_linking,card_linking,card_linking,true,true,0.2479703893498725,0.6580276893191093,0.215447269421689,0.5747426965020765,both_correct
49d86b7c2f2c1cf43deae31dbc4c96abf685f75a5b8f7fe76deacd88d0a5dc14,declined_cash_withdrawal,declined_cash_withdrawal,declined_cash_withdrawal,true,true,0.6094336212391811,0.4550458895863953,0.548266316756871,0.31279065587502797,both_correct
49d888aba4927cbf19edfb5349719d904e36543cbec170abcef1e0a3dfb97e8e,card_payment_fee_charged,card_payment_fee_charged,card_payment_fee_charged,true,true,0.6820421431741005,0.6708413005746373,0.6391825604472922,0.6055469009879301,both_correct
49f19bb3b5cb81caaf9cdcafd319c2f02a7ead248e7aeecf31ca88e746ee9ef5,unable_to_verify_identity,unable_to_verify_identity,unable_to_verify_identity,true,true,0.4547301901529007,0.4900039271018914,0.39773820802256094,0.1991983299576786,both_correct
4a07c1d1b1f8fb447f911dff2615f8f5038c9efe4e5e9f0a25415ee92b751312,request_refund,request_refund,request_refund,true,true,0.26439387127624187,0.42192282032232303,0.13695892852213462,0.25994093069086127,both_correct
4a1177fa5c2e5aae6b34bbd7cb0c34e628a103536d980a5faac2399a90dd0f31,supported_cards_and_currencies,supported_cards_and_currencies,supported_cards_and_currencies,true,true,0.3206889830306396,0.5013304327517852,0.21748863377850886,0.25210229508439086,both_correct
4a3f1f442d4c5d56d60bee6c4c92f2f06a790b1171bda474dd300a003b43e66a,declined_card_payment,declined_card_payment,declined_card_payment,true,true,0.8210744948931744,0.7527351880494655,0.7757382435438168,0.710461690968415,both_correct
4a544d91117a420548b94a3f977dd7a5506304512acfb9d7c2277878f9a417fc,edit_personal_details,edit_personal_details,edit_personal_details,true,true,0.6618284073545987,0.8895370399802163,0.6395167715690645,0.8657774319712037,both_correct
4a565ef9398e56391ebb74bf749dcaf0b8fdeea801eba679b7302431a6dca8de,transfer_not_received_by_recipient,transfer_not_received_by_recipient,transfer_not_received_by_recipient,true,true,0.76074996020825,0.6857439957247367,0.7122663457981672,0.6450325551298377,both_correct
4a838a3ca9a531647eeb00a4da792910291269cdd7ea695ad59827c1accaab24,card_delivery_estimate,card_delivery_estimate,card_delivery_estimate,true,true,0.2003340788871987,0.5846969054524819,0.11437994664702311,0.4115708161444071,both_correct
4a8b4cad92cc82bc7992bc098c53bc42d93762e5e2e0d58ea4ccf95cc0811094,pending_top_up,top_up_failed,topping_up_by_card,false,false,0.11346666209131437,0.23439270711571997,0.05542737616049028,0.17122128960627403,both_wrong
4a93d2826bc8945bd7d1a1e94b6bfe7f22671134c9fcb892fac0aa6775689b93,why_verify_identity,why_verify_identity,why_verify_identity,true,true,0.730743658799315,0.8186032615626184,0.6552840468346394,0.7076488688091562,both_correct
4aba6378600ac44c047b2838948f94b0dd1e86bd984f3c7e16199f06291107de,transaction_charged_twice,transaction_charged_twice,transaction_charged_twice,true,true,0.42634594861498276,0.666018400869234,0.3884422344572906,0.6259228897545391,both_correct
4ad929f0d6d7510d7214c3942e899beb21efce8b904da4556641ab2fd7094faa,transfer_into_account,transfer_into_account,transfer_into_account,true,true,0.8408532151725582,0.8264184018136582,0.8025919612481608,0.7948807545854111,both_correct
4aec2638992dc346a336ff8563cf6152f1bcb54c72938c11a009d99731fa0978,disposable_card_limits,disposable_card_limits,disposable_card_limits,true,true,0.6725257858809903,0.8833705783576311,0.619683765176761,0.8578707161456135,both_correct
4af438bc5b9714787dd3309a9968d35446ac05cdfe18d6f69469268623fb3811,pending_top_up,pending_top_up,pending_top_up,true,true,0.3708128526735967,0.6548361888483992,0.22705264006209466,0.4780087487435859,both_correct
4afc7fef2148ac3063afe3f153b3b842c7b103c238428d9adfa1d84a77a13070,verify_my_identity,why_verify_identity,verify_my_identity,false,true,0.3201854036514818,0.702551612982061,0.053707155918968186,0.5914007111457291,lexical_wrong_semantic_correct
4b08c9aca909dae0d95c72e1fc3abebc13f303a04c324208831dc7408d9ab8af,top_up_limits,top_up_limits,top_up_limits,true,true,0.8487490601239337,0.8485007248252953,0.8305714422104419,0.8181818885962444,both_correct
4b0d05ec38044df82785ed0c9010b7637196a42603173b82e1bad1822139c076,age_limit,age_limit,age_limit,true,true,0.8736363617671561,0.8729800621843495,0.8585789752439977,0.8611590679303127,both_correct
4b0da5bf91b239ff49b2b564bb78ae09de78491ec2ab0ed98e5a8c55b74165d7,card_linking,card_linking,card_linking,true,true,0.7854636900037707,0.7867211076668843,0.7250517192667777,0.7099660847454091,both_correct
4b1c449d673840c06a70a36b7e61a1140ca96680359a9418e4cc87e61678827b,automatic_top_up,automatic_top_up,automatic_top_up,true,true,0.371070395170899,0.7563782069861098,0.3455009247155677,0.7286081536837278,both_correct
4b27f3b6d3a1d057aaba644f38bb94f1f9a6ad7ff57005fa3054aa8e6828a375,age_limit,age_limit,age_limit,true,true,0.24828239673545083,0.5546712116451264,0.2189091738894746,0.5228084083048135,both_correct
4b2be5adcf69edd4a74411c7f6e40285384af0919348222e0484c86ea4ea08fd,compromised_card,card_not_working,card_about_to_expire,false,false,0.08454984788966745,0.09544436488395687,0.008851021940688056,0.0036572353144249253,both_wrong
4b52099665a9768f205d614630d97b77be3ed348b207c323b83764b71d4dc6a9,transfer_not_received_by_recipient,transfer_not_received_by_recipient,transfer_not_received_by_recipient,true,true,0.763339774488903,0.6013371817009171,0.7495867739139284,0.5438663409774206,both_correct
4b5ae9bb924e4be0b3aaa22d38bbdf970c8719457dcb82d5b08765142b360895,get_physical_card,get_physical_card,get_physical_card,true,true,0.7568862876151868,0.7149506613992374,0.6363530023996976,0.662248128175517,both_correct
4b5b273744743b11311c24ab612d3ac45bc3a96a4b52010da93cb222ec36ec06,exchange_via_app,exchange_via_app,exchange_via_app,true,true,0.4842124869434123,0.4770954067211869,0.29129397271570856,0.21083117178021588,both_correct
4b5f372e3106c634acff1d1d594659c3246ebfa5f535e5b5e09b0f62489c85c9,terminate_account,terminate_account,terminate_account,true,true,0.8396013689791053,0.8272067686119009,0.8335799081938817,0.8143733879224726,both_correct
4b89183798e8ffeb2231d494f9e8902878700d7f645760afd6ffaa477cb78dae,verify_top_up,verify_top_up,verify_top_up,true,true,0.7880409865372702,0.903708984090813,0.7537263174001879,0.8832526687490595,both_correct
4bb175713f1364775fdb04720770eecba629ed095b79d75a6e220677da87e68a,top_up_by_card_charge,top_up_by_card_charge,top_up_by_card_charge,true,true,0.2216974220414767,0.572481803768876,0.1163048229727626,0.40032903353016924,both_correct
4bcc90e6f7d8a34da99ee972c79c64eca785e406c27846e9ef683536b9483131,transfer_timing,transfer_timing,transfer_timing,true,true,0.5097935129786564,0.5477225752406635,0.4099877907930485,0.3688654823055345,both_correct
4bd4b51b93c15387a54cfa70cfd385965437f33e95d1b7d8ceb9fd3b05681555,compromised_card,compromised_card,terminate_account,true,false,0.06244130786298883,0.2630491580097076,0.01420957838345898,0.16182271874921042,lexical_correct_semantic_wrong
4bdb9b18287bd812982aad468a5eeea3670dbacc86a53d2b3d8daf13d379c868,pending_transfer,transfer_timing,pending_transfer,false,true,0.25329816587712317,0.420524891142939,0.08410307358170613,0.191576955588042,lexical_wrong_semantic_correct
4bdcd87d3e2de67ab001028136388f4d1b236b721b5468217eac7a5d24d88a43,pending_cash_withdrawal,pending_cash_withdrawal,pending_cash_withdrawal,true,true,0.7662185979947723,0.8719360593534129,0.6941149836531302,0.8388669804577066,both_correct
4be590225758dbf6f51db1567a0e82affa149d4f30dac4b3503a4dc1082972ba,top_up_limits,top_up_limits,top_up_limits,true,true,0.5990163825718674,0.6403965116584325,0.5520024465938207,0.5937438505651156,both_correct
4c04f906111fdadc816a0394e54bde4c5e61882a2fd57a7b422f0566bd49d4a1,exchange_charge,exchange_charge,exchange_charge,true,true,0.5323925834700911,0.8405099827260194,0.4059201650344528,0.7993104579762434,both_correct
4c2293cbd82ed915645cebc647cdbf7ebbb1b59c86644076966eefa12d63d506,country_support,country_support,country_support,true,true,0.6842429409044614,0.8869943812467512,0.6617625441865216,0.8698655264489958,both_correct
4c5b0753116c4307d6890b6de3e79aa9c76e1edda2f6ca4b2c9ae7124624c3e1,fiat_currency_support,fiat_currency_support,fiat_currency_support,true,true,0.5828552848221663,0.7462238297310827,0.5241940146474942,0.7078274841307397,both_correct
4c5cdc99434ffc119d5c3b40ab2479a49465efaffce7b0072055ff7f0cb3b6fa,exchange_rate,exchange_rate,exchange_rate,true,true,0.6566219450040004,0.8343616337450095,0.6188260978372312,0.7952738814684738,both_correct
4c739edbe18d6e7d1f00e48436a4322fcef0d51eab0a1601699b395a2bbebebe,terminate_account,terminate_account,terminate_account,true,true,0.4723053637503342,0.7890834058967615,0.4427029210337268,0.7570872781874278,both_correct
4c7abb0ba53e182833fc8f0f5e0ae8774fa29c1a803ff4748f4428c876d34ead,card_payment_fee_charged,card_payment_fee_charged,card_payment_fee_charged,true,true,0.17648898299497412,0.37121562427665544,0.04533389197575308,0.17897477644163445,both_correct
4caa513b719bfbd11a8c631373d7557ce806cd8c7ff9ba687246f61bc831da89,failed_transfer,failed_transfer,failed_transfer,true,true,0.8819791899678455,0.7134820087789941,0.8590038306315184,0.6105598403900431,both_correct
4caff35652747977fc78729331d442bb16b33e382fd88eba204f0d681aaf3f04,age_limit,age_limit,age_limit,true,true,0.953953595815411,0.931524020385564,0.9508662135869898,0.9255198866214973,both_correct
4cb810e428e2b84e0e9074a86ed3a525afa5ef5aa814021dcf99041064a6e865,transfer_into_account,transfer_into_account,transfer_into_account,true,true,0.8365613184790921,0.8286721606852036,0.8033345994473909,0.7975938053971616,both_correct
4cc1c0992ec893482f3ece0c69782d706a2d01c1d2365cf24715989ed5e37a59,cash_withdrawal_charge,cash_withdrawal_charge,cash_withdrawal_charge,true,true,0.1608111038836824,0.6504246205119887,0.04441259104330454,0.5861218707819716,both_correct
4cf026420b04234586e5d78c18917882345dc50bbbaaabc4872342dc9f8f61a3,pending_top_up,pending_top_up,pending_top_up,true,true,0.2508456689438118,0.4588417223781155,0.0660530065656299,0.2205710679932829,both_correct
4d239e980f02bf9f114e174be41821cd2845a023a372e968e16b7627f2d5540e,get_disposable_virtual_card,disposable_card_limits,get_disposable_virtual_card,false,true,0.5675532638794721,0.6330720890488504,0.18607218734402498,0.33464215850094314,lexical_wrong_semantic_correct
4d2ae88b6ea974503e13fed84b3264092a2d49356424bb3ee3964d0566b43c9a,apple_pay_or_google_pay,apple_pay_or_google_pay,apple_pay_or_google_pay,true,true,0.9375302500881868,0.9052478802671718,0.925888431324417,0.87635095042746,both_correct
4d30c204cd475c755f0c178fed9c3b611fcf00a10230988f7604c65ba3f8b454,pending_transfer,pending_transfer,transfer_timing,true,false,0.30787535670716076,0.30574969688304493,0.05320219647410024,0.11914127061722063,lexical_correct_semantic_wrong
4d4d30c9492419fb46f0fe41cffc24f4732224220dd83e7ca5db671cc5b44493,exchange_rate,exchange_rate,exchange_rate,true,true,0.5377590585954942,0.4007248490618834,0.35228717610749627,0.2220951661208645,both_correct
4d53ae2df16b3da77079352c7b83c0dc73f392b36edf80716d8fe9f9ab25095f,compromised_card,compromised_card,compromised_card,true,true,0.5582458787460861,0.411972420937285,0.5245784352507,0.3587040359636313,both_correct
4d5654a8868b27d7e9c233ad1632d20fe35426cc31a526e783a3322ddfa6cee6,cash_withdrawal_charge,cash_withdrawal_charge,cash_withdrawal_charge,true,true,0.2848253260636393,0.5876090435965661,0.21618139662081695,0.4828126720569044,both_correct
4d5ab4ec02e2fc18b373d1e9ca4da81b252fb608dc459691a0753a4c236885cb,declined_transfer,declined_transfer,declined_transfer,true,true,0.24797226831208105,0.8882908210764722,0.18874483766190814,0.8666795630300319,both_correct
4d5f1711173514a258d76029cdabe62a768217d55095de63e22aa7eb693ae7d1,exchange_via_app,receiving_money,receiving_money,false,false,0.11583376025870419,0.1950264397776061,0.06331827726377563,0.015974244301096896,both_wrong
4d636d56af433ddd58b5a560116c8f9196689ee09f5359f2ee80e145cca64ba9,contactless_not_working,contactless_not_working,contactless_not_working,true,true,0.14362971638542046,0.7124210008516334,0.055563945199026604,0.6463398865100786,both_correct
4dc64a7857b1394438544c18639d1167f6e6659029c4eb03704d694d3999cd20,contactless_not_working,contactless_not_working,contactless_not_working,true,true,0.21103551476748292,0.2693586556677267,0.15613017394372541,0.14788926288518264,both_correct
4dc9e0622968405a6195c5b8b48c7f1754812918224c9a528d96365edc21f9ff,virtual_card_not_working,getting_virtual_card,disposable_card_limits,false,false,0.1343311119153526,0.17300404600984343,0.026001292629303466,0.039469798416035595,both_wrong
4dd28c59d9c0b2466c8791c3705a795af9deb9e6b38600a75704c1eedcfe83ac,order_physical_card,order_physical_card,order_physical_card,true,true,0.2420406385354505,0.5397600845859872,0.016544252890282496,0.45560222107062953,both_correct
4e10cc78aceed62735f2b62e10479c098be110aeddc037d7773d07efcb68f9a8,request_refund,request_refund,request_refund,true,true,0.9515503813883455,0.8724181338055694,0.9193031978593978,0.7869244985332088,both_correct
4e1464c72bec2d6f08be405066b5ecd3484bd737fe613f2b250b1839466dd187,lost_or_stolen_card,topping_up_by_card,lost_or_stolen_card,false,true,0.18719681185866863,0.17257636827803213,0.13595999653883323,0.09164121718511449,lexical_wrong_semantic_correct
4e3888ac49f13289421c7e18bc81f5151d2f230afd3e8a9ec3dc2e86b50ccbed,terminate_account,terminate_account,terminate_account,true,true,0.08508381215343752,0.8612566763340769,0.04546340057593756,0.8424490334532733,both_correct
4e3dcc4842d69af46d2aaaef8b8c4c7f6da576a6993da44f3cc6187c7761ea92,lost_or_stolen_card,lost_or_stolen_card,lost_or_stolen_card,true,true,0.5104367445962633,0.504913074321624,0.47423862501863856,0.395829967077846,both_correct
4e4e4377fbfead8472123de38518c7b07893d71252813cef3c11587c6a5f0fdf,declined_card_payment,declined_card_payment,declined_card_payment,true,true,0.28483253424112465,0.3942333998856968,0.11337542953711341,0.16443430204128043,both_correct
4e5931f49613720d96828a099f74d2c78f9faa366fdeff44e1e91dab6923fcd7,card_arrival,card_arrival,card_arrival,true,true,0.45776111264599095,0.43268641167029054,0.4266985590883784,0.36055799747806194,both_correct
4e5b7e45a87c9b19e78bf4a2667a3164a2a7430f18563e53cca620bab256795b,cancel_transfer,cancel_transfer,cancel_transfer,true,true,0.8106391381017862,0.943512648352897,0.7845639275731184,0.9295777049371177,both_correct
4e5e433384b73f626e25d6961be17d98c744282cff06ca5f215207b6173c87b6,lost_or_stolen_phone,lost_or_stolen_phone,lost_or_stolen_phone,true,true,0.8281414678425408,0.8722494528957646,0.8204139840308287,0.85878911905664,both_correct
4e5f1db1cb1a5c746906acdfa04be2f0e1dbe4d68cdd0af64ff08eae1eb0221a,declined_transfer,declined_transfer,declined_transfer,true,true,0.43358385111896824,0.4008852443479666,0.36126882522093984,0.2555923716167474,both_correct
4e7afa632664457e478a9d45d7635fed58231ac685b1a18933add3a735d2f2aa,verify_source_of_funds,verify_source_of_funds,verify_source_of_funds,true,true,0.873102998693996,0.8404320391530234,0.8651546597365153,0.8154691924331275,both_correct
4e7c610d1996b26d8758939b4f2ab7afa155c62689d93ad727e088832d349f46,direct_debit_payment_not_recognised,direct_debit_payment_not_recognised,direct_debit_payment_not_recognised,true,true,0.9008767062638305,0.8103110123931997,0.8889687705877469,0.7779657003145964,both_correct
4e7e19ce43e5b3783266df9e046d415f4acf6b74e2989b8303ca237f489c4c5f,pending_transfer,pending_transfer,pending_transfer,true,true,0.35831478380738807,0.7092451285304928,0.30664515951459553,0.6749077401632597,both_correct
4e8af3b3980f8af5525bb0d8ae9f03beebe11c46c3a19df0f2021598469f6411,edit_personal_details,edit_personal_details,edit_personal_details,true,true,0.6987688324830655,0.820981236969558,0.6439029973184549,0.79512911622494,both_correct
4e94b91e3e216855c715b73e01575fc717be47cc07adffb507376ac23eaaa72e,cancel_transfer,card_payment_not_recognised,cancel_transfer,false,true,0.22631306922966818,0.17078743872309896,0.06700340060878235,0.06370438101031003,lexical_wrong_semantic_correct
4ea14cd9240ac854148fbf20aa6864a9e506d42fcb428a20735e670bcc7139cb,unable_to_verify_identity,unable_to_verify_identity,unable_to_verify_identity,true,true,0.6501505903242311,0.7570243264748998,0.611251273838913,0.6729104611616529,both_correct
4f076c39dd1a2cbb7b1bece7f538015dc3809a586da13f842d6af26e2f77d8f5,receiving_money,receiving_money,receiving_money,true,true,0.8613239248986797,0.7330232824789034,0.851386880831324,0.6831252422930557,both_correct
4f19638c590dbb96e782b1a8bc726c9d6c410bd6468cf7d7b2b0ffe7e58126fa,pending_cash_withdrawal,pending_cash_withdrawal,pending_cash_withdrawal,true,true,0.3331723504088096,0.4149575826290464,0.0493910018030283,0.1920864109545463,both_correct
4f2ca08ef04d58416855495f1253f47bd6e99e4caa327dbf94d4b9ffc8eeb825,declined_card_payment,declined_card_payment,declined_card_payment,true,true,0.5403799017739438,0.6026991942778704,0.49386470274161964,0.540000428334388,both_correct
4f3fbb4f29a10b6611ca720517fb5773326e71b474f6b70ff4fd410bd537c136,top_up_failed,top_up_failed,top_up_failed,true,true,0.4084632837475688,0.5207136986028428,0.23343737337491927,0.25466210397899497,both_correct
4f45fc0fc23e8649f9f1877f1d4277054f321151fddfe2c052c43bba670d4594,exchange_via_app,exchange_via_app,exchange_via_app,true,true,0.7036238482820325,0.5914324519221148,0.6685153232473428,0.5506532252049586,both_correct
4f67462b1a224457d870090bf8cf087dbf34fc5062e9a87e70d21cedc34c874d,verify_source_of_funds,verify_source_of_funds,verify_source_of_funds,true,true,0.5686933847836223,0.9592629808673627,0.5579662031361856,0.9570226524208323,both_correct
4f6b901ee4274dd7ed388e279e776e0c57f4d05db3874957c68b17218ae6ab51,automatic_top_up,automatic_top_up,automatic_top_up,true,true,0.8345779684358776,0.8849560678314603,0.8237676488166668,0.8685612297050219,both_correct
4f7472cc9ace87c3c5d112acc24eb88f74fb1255dd8754cc6c39a35806d8226a,exchange_rate,exchange_rate,exchange_rate,true,true,0.42892325995763675,0.688956645611398,0.2287050508162147,0.5870099148391023,both_correct
4f7563c647d86371b4bd073a661d9d9c8c1c15cdd59873ab14978b94592b46ad,pending_top_up,pending_top_up,pending_top_up,true,true,0.21172444046276673,0.6543085801129921,0.0883008713902381,0.45304602874450894,both_correct
4f90d687ee5449c51142de680af3bea25872bbc3866a7edc86a39c6460c0af3c,receiving_money,receiving_money,receiving_money,true,true,0.512660545675713,0.8649745135697563,0.47446188091475394,0.8531944353229259,both_correct
4fb613af176792d4a248eba4469cc4a223fbc83036cfba6946616591d1f2c5e5,balance_not_updated_after_bank_transfer,balance_not_updated_after_bank_transfer,balance_not_updated_after_bank_transfer,true,true,0.558050876321663,0.4950362670124149,0.3892765029798123,0.26573867609260804,both_correct
4fc0fb95a15699c046f6900e8ecb0e33c543c5594a1eede36e30f487640860d3,exchange_via_app,exchange_via_app,exchange_via_app,true,true,0.5575299054220768,0.6748568944873115,0.4024055967147586,0.6073055849727693,both_correct
4fcd3bf7ba362b412d8c49a999b2eb53ad08012b1d5522b43ae7d42504fe6620,automatic_top_up,automatic_top_up,automatic_top_up,true,true,0.5747740295864401,0.6888500538863196,0.5025240859625522,0.6228588011657067,both_correct
4fcfcabb8f5f027dae1991fdefa8e12dd7472490687687362eda764e2506ee5f,beneficiary_not_allowed,beneficiary_not_allowed,beneficiary_not_allowed,true,true,0.2764047656213118,0.4555079078149686,0.1935046851931897,0.15095778387660058,both_correct
4ff13bd5defa257813fcab7bb1c791e6aeeca2bb0ae136c701d2990f946f2330,top_up_by_bank_transfer_charge,top_up_by_bank_transfer_charge,top_up_by_bank_transfer_charge,true,true,0.4058958220469298,0.7973596502040199,0.35726539848650457,0.7526612858165208,both_correct
4ffc8fc0ef3f1c45ed7567b4f0d12428f082a8b2695a68976f5479662dc6213c,beneficiary_not_allowed,beneficiary_not_allowed,exchange_via_app,true,false,0.08986730693782576,0.2472003516543433,0.05391504296905243,0.15241498973645867,lexical_correct_semantic_wrong
50186aa7a774fb9057a2783c0e751b6da23f7e789a0096612bc449732afd7f19,balance_not_updated_after_bank_transfer,balance_not_updated_after_bank_transfer,balance_not_updated_after_bank_transfer,true,true,0.916499704475509,0.7615697991499438,0.8964122827999441,0.7193778329837482,both_correct
5024a9d1e037090e9164f2ea5b2547057ae524c023dac38b57622ed282d98558,wrong_amount_of_cash_received,wrong_amount_of_cash_received,wrong_amount_of_cash_received,true,true,0.358124347370278,0.3413150895995651,0.2963684178854669,0.17826350358186446,both_correct
5036a7edfa6d69951fbe7a5ece5d9f46034207f33ff9613a451a9e7582d507fd,beneficiary_not_allowed,beneficiary_not_allowed,beneficiary_not_allowed,true,true,0.8328509926606631,0.7425702756725328,0.7755132857427541,0.6709677549854882,both_correct
504d95ea07ddb42c473b555d7a822a971a72d7cea07dd7aeb3e70a2e8a940ea8,visa_or_mastercard,visa_or_mastercard,visa_or_mastercard,true,true,0.5617615719715847,0.5562778525568098,0.5119437580479689,0.4972047027371634,both_correct
5061fbdcc788def56a52d3a0c8d79a0b65666a98834493edb8ed6a44d0875951,exchange_rate,exchange_rate,exchange_rate,true,true,0.3660103591362337,0.634319537685057,0.24362843213861843,0.49853492974642943,both_correct
5062e251a949fbc15e51d7568d969f082c1bf696abcbcf925ceaf248df8e2547,declined_cash_withdrawal,declined_cash_withdrawal,declined_cash_withdrawal,true,true,0.3301088065446792,0.7054522040886122,0.23842978133181034,0.6242028085232505,both_correct
506759b0c55f022b8670ff85e2780cbf7fde79b150c3522ed235057c322477b5,card_delivery_estimate,card_delivery_estimate,card_delivery_estimate,true,true,0.15966848719097862,0.9208479945124121,0.12285201492920474,0.9005629887171065,both_correct
506f831d328880f3199a67039c3c5d935a72e963eee367d6b041d085ace32d42,transfer_not_received_by_recipient,transfer_not_received_by_recipient,transfer_not_received_by_recipient,true,true,0.5402884414973101,0.2590049105729219,0.4838048913188542,0.16663167232437182,both_correct
507c28e7a8746afa4a428f477af2013a9f94fad99cb8a8d441f4d07cc0fc5ff5,exchange_rate,wrong_exchange_rate_for_cash_withdrawal,exchange_rate,false,true,0.19628565740458553,0.39202921281272707,0.05501528846319084,0.2728348495370691,lexical_wrong_semantic_correct
50c6d354dd22cd416fb1493cc22037c099959c2d78a8a09b646277447551288f,pending_top_up,pending_top_up,pending_top_up,true,true,0.5314441738324002,0.7172756816951628,0.49751767235801936,0.6622724902222867,both_correct
50efa250f6e51823a7b4d10e0127d7b97d7bc172d7b28dfe70fc54bb5b01a5f7,topping_up_by_card,top_up_failed,top_up_reverted,false,false,0.16959817772725252,0.3038004622960086,0.0427417781407782,0.1274190324096196,both_wrong
50efb10a9f07388610b82776f5fdbaa1a0c978cc4184ce4e8d4bdfa519a4b07e,get_physical_card,get_physical_card,get_physical_card,true,true,0.6944395616243775,0.5079307856560805,0.5999326407622684,0.31030559913685507,both_correct
50f8a3b174898d8c0e3ede25d69af3391af7f7f265dfb6acb3a72d9cdeacc02d,direct_debit_payment_not_recognised,cash_withdrawal_not_recognised,cash_withdrawal_not_recognised,false,false,0.16280968925171166,0.25359473297081886,0.03987459552922962,0.17522211888235406,both_wrong
510f8f9b95d3de7e8759213b5a2bd310f9e8477283d18b18f9ad3c5b6531a7f2,exchange_charge,exchange_charge,exchange_charge,true,true,0.3884799191469089,0.7533392254061617,0.33260129082319917,0.6904685008187309,both_correct
51186bf11ab4f5a7214d4249484334dcaf48d29d0a68f4eaa349d2fb831eaa02,card_payment_fee_charged,card_payment_fee_charged,card_payment_fee_charged,true,true,0.5904488028317796,0.738874406923926,0.46537779061361556,0.6730258011823527,both_correct
51243b554d3aa9dc4efb5c6202ec242110ead7446c556171c4a7ee5fe5501b3a,terminate_account,terminate_account,terminate_account,true,true,0.6473585827556827,0.9116679308598878,0.6311031373348216,0.903687836127037,both_correct
5124700a3985df0ccac458a0b58d5b0e6195fb500f3722370cbbf48d942c7796,balance_not_updated_after_bank_transfer,balance_not_updated_after_bank_transfer,balance_not_updated_after_bank_transfer,true,true,0.4978774482181961,0.7647090446659139,0.45047070505499304,0.7010771240143306,both_correct
513ae270754dc8ca43fc165e663693cb326f02b2d600c6682fc89c1b38a32040,card_payment_wrong_exchange_rate,card_payment_wrong_exchange_rate,card_payment_wrong_exchange_rate,true,true,0.9209606042774684,0.9337744855377222,0.8986609024661104,0.9071187843114488,both_correct
5143535607096e6442e1d14f0684dc33e9951626d22d3348a8659e5431732e33,get_physical_card,pin_blocked,get_physical_card,false,true,0.1342186457182533,0.6568023659693202,0.0177696200972111,0.6093368084401507,lexical_wrong_semantic_correct
5148d320bf081a571a3c2fff6be4273e5deb10e79cc7bed7da0e312346eebd90,disposable_card_limits,disposable_card_limits,disposable_card_limits,true,true,0.6661439606671354,0.7824996313947286,0.6040708071421762,0.68697049323038,both_correct
5175d1a4c24de67983abc766959f122af257eab44fe9a39deee8a5271f8506bc,automatic_top_up,balance_not_updated_after_bank_transfer,transfer_timing,false,false,0.09220590316212872,0.15980646758911912,0.05437965582717165,0.017630641304610895,both_wrong
517b6f51da234f5ab8ef85ddbaf9f28fbeba4fe0051991e431bf837060cd14f1,card_not_working,card_not_working,card_not_working,true,true,0.38853865749674293,0.6768351915356737,0.3429156404855692,0.6243655003996496,both_correct
5183cd613f1801f2dcb549c2fe55ee553ab4ff038205846ed5ef57d0ddae7eee,balance_not_updated_after_bank_transfer,balance_not_updated_after_bank_transfer,balance_not_updated_after_bank_transfer,true,true,0.7047601221004858,0.7994856050903096,0.6731351372539038,0.7745862664975011,both_correct
51a1d39e8f34ed6939bc109623cede00e8804a7a5d0cf2db37ee162c6904c337,balance_not_updated_after_cheque_or_cash_deposit,balance_not_updated_after_cheque_or_cash_deposit,balance_not_updated_after_cheque_or_cash_deposit,true,true,0.4779678890441321,0.7128558287402808,0.40215734102605316,0.6658216144062047,both_correct
51d72ac61ea09e6202dfb6e7454b728ab8ffa551ddaefdf73c4c1ae6ed552b8e,get_disposable_virtual_card,get_disposable_virtual_card,get_disposable_virtual_card,true,true,0.8087138351411726,0.9026353479780675,0.7431714591394568,0.8554277705017305,both_correct
51f3764981ff532fba63cbaaaf994c2f41d654cc80d4dc4048f25a1839270438,get_disposable_virtual_card,get_disposable_virtual_card,get_disposable_virtual_card,true,true,0.4053818369039758,0.6298635625815395,0.26982278589544983,0.5300333461425821,both_correct
52099d14a755f5191d0135df96eece5b0380d8588ac38aa02f558b91148af966,card_payment_fee_charged,card_payment_fee_charged,card_payment_fee_charged,true,true,0.930843402121085,0.810582689035156,0.918231705391105,0.7923385448456364,both_correct
526fc38b1aecafa3727e0eee899dec6629ca2905cfa5d073aa5da8327582c67c,top_up_failed,top_up_failed,top_up_failed,true,true,0.2884978664879176,0.4886328033738235,0.17114102858577113,0.3666072249196445,both_correct
52837e41d9313111452edc34eb090f055cf4be4e98d9adc1150f38149ff1ec11,passcode_forgotten,passcode_forgotten,passcode_forgotten,true,true,0.8907913608985638,0.9243643240899779,0.8839879960797038,0.9103033567536115,both_correct
52b7e3bd4db45d66342714e75ea1df10a2d2d50ece62cc7cdad86275ae9e5541,card_acceptance,card_acceptance,supported_cards_and_currencies,true,false,0.16386227621798113,0.20940391332701916,0.04421965298748606,0.08790833579578135,lexical_correct_semantic_wrong
53198e6117dcfd004c96acc60f8b7e2442068b8dd32be8c0d35f510a6eda8ce2,get_physical_card,get_physical_card,get_physical_card,true,true,0.6369395871987267,0.4167356201300578,0.564104153798223,0.32007619388578246,both_correct
532fcd3854a6f31ea44de701a1abeb928b8212df9e830ea88087ee3e34865c6c,disposable_card_limits,getting_spare_card,getting_spare_card,false,false,0.3372937253247261,0.3211621785660212,0.237032309693904,0.00926365385953809,both_wrong
533461dd62c166807a1670f02bba6e09997d7e736c51aa97611fa25d280a3d8a,card_not_working,card_not_working,card_not_working,true,true,0.04294122262574281,0.1455174872043307,0.0010447240887826795,0.0627655515525316,both_correct
535a98b62317352798f50b52de2eb83f51b7c1cc5482001963931b60e3c3c203,transfer_into_account,transfer_into_account,transfer_into_account,true,true,0.07253955489866884,0.4181982463932229,0.01083933284927436,0.3407276314562062,both_correct
53734586043bebab7970c2017c4f010c1f074f8a7dfa26b7d5cb970aaebc3355,apple_pay_or_google_pay,apple_pay_or_google_pay,apple_pay_or_google_pay,true,true,0.6481536012025922,0.7363286683776208,0.6217523388948313,0.6726038272014788,both_correct
537568ee639b7e3c6877c511bf962e0358565ea17619b8c105efec1566b9c412,wrong_exchange_rate_for_cash_withdrawal,wrong_exchange_rate_for_cash_withdrawal,wrong_exchange_rate_for_cash_withdrawal,true,true,0.40861742051931194,0.4543568105448628,0.010960529429456689,0.009464300492738997,both_correct
5375ad537f1e3e2fffb505e2439c0e60c35aba5d380459882a036c3303ef7ff2,cancel_transfer,cancel_transfer,cancel_transfer,true,true,0.4990665807718832,0.8809994863585654,0.46148752824992334,0.8421222347554206,both_correct
5386f1d6544117d8bfdd82530c8a5f10c0101113ab142e4cb043a6bca5add885,pending_transfer,pending_transfer,pending_transfer,true,true,0.4062143729060058,0.5043157791234415,0.3609942535320126,0.3806937302759499,both_correct
539e33bafcd089c0720c10c87357ad2a231828ed5382f00498e1852a3f5830b1,extra_charge_on_statement,transfer_fee_charged,extra_charge_on_statement,false,true,0.11835511077224609,0.5655583824414538,0.020846646768956353,0.48731028440660545,lexical_wrong_semantic_correct
539e9fa3c48504a235c20f86e82bc17ccba8078f0a8cad7ea63a0d7fa16803ea,verify_top_up,verify_top_up,verify_top_up,true,true,0.9399201773694096,0.9409150871678703,0.9344788634005207,0.9333107559269102,both_correct
53a93ef9abc95f2eb150fbbae7c39a7480616928cf7c0f70a27cfdea1726601b,card_payment_wrong_exchange_rate,card_payment_wrong_exchange_rate,card_payment_wrong_exchange_rate,true,true,0.588251476207447,0.8930327282484131,0.5346655288750763,0.8482500172514722,both_correct
541884567596bbf54c490a8b4477639ee058ff15c093be222ed1c4d4f22316af,change_pin,change_pin,change_pin,true,true,0.9335596371202093,0.8556254714822069,0.9002438607114037,0.7877539289683172,both_correct
541999097caa7f5a6ef31cee294e2172e1d76ce87cf9226979dc7bcea8f2e167,card_acceptance,card_acceptance,card_acceptance,true,true,0.06225425622483965,0.21663501417724454,0.006436080449051827,0.12734224732792773,both_correct
54652227382beabf76d8069acdc9fa50ccfc4993452c30267749969001f69970,transfer_timing,balance_not_updated_after_bank_transfer,balance_not_updated_after_bank_transfer,false,false,0.5696009843060431,0.5900258548153665,0.515557095948038,0.4574903678776393,both_wrong
546d8da92908b46f61afae25c180dc45b36ca8b682fbd0aa48ab134e8b9ca683,supported_cards_and_currencies,supported_cards_and_currencies,supported_cards_and_currencies,true,true,0.7097406263699976,0.7692977826121848,0.5772576909271909,0.6532537903225433,both_correct
547452cb559930ddaa92ec8cf0f38370e49a0fa49ee38f89b480c6f358895f36,unable_to_verify_identity,unable_to_verify_identity,unable_to_verify_identity,true,true,0.4541394040803026,0.6614238566181014,0.3250869895739783,0.5148600392785823,both_correct
54a915c2296c537bf7ce4d5b0e8846ccac73364a71ae4e91b5979186296466f0,card_linking,card_linking,card_linking,true,true,0.288784279647763,0.7078817153740353,0.20580774707915567,0.6267584843040244,both_correct
54caa92e876bcb1d729d08f646a5bb577159b355f1a3b57ea88cc6c4201ca1a6,balance_not_updated_after_bank_transfer,balance_not_updated_after_bank_transfer,balance_not_updated_after_bank_transfer,true,true,0.6861585081750157,0.7877136653371343,0.6515410836840716,0.6984828606799774,both_correct
54d2a541c3f1161f87aed3d9d65b4a9c36e73ea0e31de707ea3a3efd6a4de192,fiat_currency_support,fiat_currency_support,fiat_currency_support,true,true,0.8820994828896325,0.7880948542264302,0.8516603635785146,0.7334178899098437,both_correct
54ee93d81cf1432f22b336da534b5ab9b5528042a85a177e6ecfe1e14b5edfb3,card_about_to_expire,card_about_to_expire,card_about_to_expire,true,true,0.6730914211717133,0.8513403516262069,0.5997576616021248,0.8312637617414536,both_correct
54ff43bcb7a4c59b755c08bc6ef8a4ba2f60ef068c035c05ce2ee93a13417623,receiving_money,receiving_money,receiving_money,true,true,0.9161192572010863,0.9111646709280238,0.9073881339608662,0.898832886462937,both_correct
55247f92fb6a3efd5ca9789f96fa60701d24dc3e8d6983cc56a9f5b6fdbb3687,card_arrival,card_arrival,card_arrival,true,true,0.6389992635470879,0.5704456269621847,0.610983688231523,0.4893260482256227,both_correct
5533990b50cd6d0314c1ca4f90b36498ab25d32961776a9668ce0168db475022,pending_transfer,pending_transfer,pending_transfer,true,true,0.9603932908071915,0.8298896048985731,0.9511615573906571,0.8054070527967384,both_correct
55341c96c3df4d87e0bb1a000180e418a8797110e138d8f3c8c03b9042d3f340,why_verify_identity,why_verify_identity,why_verify_identity,true,true,0.6379207316132263,0.7565690892412723,0.5631409319228341,0.660225729298118,both_correct
554ab3ebad132feb86ed867bdb075869d47219111f482ad16db0b6a28545c032,transfer_not_received_by_recipient,transfer_not_received_by_recipient,transfer_not_received_by_recipient,true,true,0.30381337407003944,0.7472106012279041,0.23811710251559698,0.6816645931522901,both_correct
555a6e4d0563ecdbd9b6f88d136669843237b39b220a785841809e91f6e1459c,declined_cash_withdrawal,declined_cash_withdrawal,declined_cash_withdrawal,true,true,0.3310572495554642,0.8622264987489661,0.18919597342252836,0.8308339211165985,both_correct
555a711509bf26ccb4c4bc3808d78628a3ae199b0c764b1775f2ee6d7fa80bbd,top_up_reverted,top_up_reverted,top_up_reverted,true,true,0.5249878598992463,0.6837356800796163,0.4710645506884519,0.4926878105799798,both_correct
556d000c2c5466fad1782e8e5bad475752c8e18b2c113515c7f48805a4e017b7,declined_card_payment,declined_card_payment,declined_card_payment,true,true,0.43505628307510175,0.6373447854311324,0.4028766260246623,0.5421660170878367,both_correct
556d3b8168d8c20409a13d08078840541114d9daa393ef4a4c6060669a4f3dfd,cash_withdrawal_not_recognised,cash_withdrawal_not_recognised,cash_withdrawal_not_recognised,true,true,0.2791575593352593,0.4701302491923568,0.06229870080784525,0.18079389915382504,both_correct
5583e5f53a0b361fae1a2a0286be2b51d03e9b2c490d6faec9ba422b1633a19c,pin_blocked,card_linking,card_linking,false,false,0.14164612647630903,0.255648846443292,0.017522854065558813,0.06371260302870527,both_wrong
559e14f92083c2bb41bf5dc94b9760c0e20efd8e7d7eb6df9158f4f14e76e6d3,card_linking,card_linking,card_linking,true,true,0.8808548441877057,0.7680554157100287,0.8499913704609626,0.722742663792378,both_correct
559fbcc05eff2fa67e3539c7a41b4b773d6c0f246bcfc8ae871c8314958e68b3,card_delivery_estimate,card_delivery_estimate,card_delivery_estimate,true,true,0.34301490169441484,0.731613316003574,0.21003396045640313,0.6434910649016042,both_correct
55a333aea3dfc49d17d2e55a1c4e47da6e7f5ed4b3e81a48aa7e01c94df2efee,supported_cards_and_currencies,supported_cards_and_currencies,supported_cards_and_currencies,true,true,0.5169506250962929,0.7304891398308976,0.4161056782497742,0.6664334096419894,both_correct
55b3e62032afe475bec015afacc114e092fad168f92238fb3982cb0d05f3e036,transfer_not_received_by_recipient,transfer_not_received_by_recipient,transfer_not_received_by_recipient,true,true,0.12070246986418356,0.5596261239011334,0.05397428617502645,0.5287571027842667,both_correct
55c0f41d361505da799c88a028706587b208d52d025ee50889f6715f61523314,transfer_fee_charged,transfer_fee_charged,transfer_fee_charged,true,true,0.1817833014174149,0.5623824247642636,0.05910697105167015,0.34759164815656957,both_correct
55ce7b90f53a542a01f3b4034b13a0a9510c02cc256f6ebff82532adda8eda82,card_swallowed,card_swallowed,card_swallowed,true,true,0.3401723115910443,0.5064494903464248,0.2904958672100166,0.3813661900473361,both_correct
55ec0f9fdf7749b44d728e1f6644c89029a0ed213749cd7b23f4ab328272e5a4,card_about_to_expire,card_about_to_expire,card_about_to_expire,true,true,0.8083314261252443,0.8641798524669123,0.7866724117867523,0.8432206509569974,both_correct
55f3efb68c206c2efe631c479dd9de7178a5a17667e8aa370339e22dea7978f3,top_up_failed,top_up_reverted,top_up_failed,false,true,0.251171786393918,0.3189269063923345,0.08551989566484605,0.17537033820974302,lexical_wrong_semantic_correct
5621ced9fb36485f3ec2cabb101a6ad7523d772050290a2da9706a799dc34749,verify_top_up,verify_top_up,verify_top_up,true,true,0.528300950619162,0.8763168592275794,0.44840364412524614,0.8531349144607858,both_correct
562cb179edc9bb166ee52a5d0db6b059dd697e17cc751c8558623fdfa43ef8cd,visa_or_mastercard,visa_or_mastercard,visa_or_mastercard,true,true,0.2967164643254946,0.5553528681943015,0.25626614844884277,0.4972256538124862,both_correct
5646927e5108733e96ab84d4154e44635a5cdb660ae0c69d474c7f7c4e715fd9,transfer_fee_charged,transfer_fee_charged,transfer_fee_charged,true,true,0.5691690541104788,0.8499547475931711,0.4360491943654636,0.8270376899201911,both_correct
567339e0b758acc1ba1c826ee98fcf78233fdae12ac54383ea9b4d8ca1935690,card_payment_not_recognised,card_payment_not_recognised,card_payment_not_recognised,true,true,0.6550405062875456,0.6728532006367661,0.605402685378791,0.6137063615548393,both_correct
568fdaf8dcb1945dffc51f4c1d48d6adb94b00c2211a8ca74ae8f55cea59060b,top_up_limits,top_up_failed,top_up_limits,false,true,0.1372770080772102,0.37312055185324816,0.05116546360210458,0.25281229266777216,lexical_wrong_semantic_correct
56a011ca553d7d9530cf388ca27bfb4d18a6142e4a0218730600a711445e7c0c,atm_support,atm_support,atm_support,true,true,0.4510361162975778,0.7837614257556429,0.3913028115252145,0.7318998423263207,both_correct
56b94f8f47ddace48d28bada9019499480e767bb274ba7a446f120aa971b9efb,verify_top_up,verify_top_up,verify_top_up,true,true,0.9288755846802328,0.9544210105835809,0.9207404893026995,0.948056501260408,both_correct
56c4dd046c6ddf2498f5783295e3e7421ad0a63c5e4e0e77d0a733176a625c93,passcode_forgotten,passcode_forgotten,passcode_forgotten,true,true,0.6759303379394086,0.862450874312724,0.612659103455063,0.8410433029059593,both_correct
56ccad2f14ee3580f7fe79ba818da7801b814da646d8f2fdc2eb75f2bbefa799,passcode_forgotten,passcode_forgotten,passcode_forgotten,true,true,0.6037884966430769,0.9402498454893737,0.5939408070382607,0.9313233615274404,both_correct
56dae6f7d63192db08cd2a6c5627dd2621cfbc4ee95ae33c2476cdc43ac6aff8,terminate_account,terminate_account,terminate_account,true,true,0.9193863435755874,0.9011723090611633,0.9095889304002532,0.8904284342711718,both_correct
56df9499f1fc13962bd9d07e50ce651595b449ce159134673f144b7f99b18ddf,transfer_not_received_by_recipient,transfer_not_received_by_recipient,transfer_not_received_by_recipient,true,true,0.540306226772744,0.8282866883104779,0.522195935199791,0.8130700525269274,both_correct
56e114a054bec436353638f7eb7ad4bc2626985c246fe616118e9be877ac324f,apple_pay_or_google_pay,apple_pay_or_google_pay,apple_pay_or_google_pay,true,true,0.8249982955368558,0.8384863552816655,0.8109839659749226,0.786459265019481,both_correct
56f5a90e678d387d928dd5037588418de4218e58d2fa595b77b7b7560266455f,disposable_card_limits,disposable_card_limits,disposable_card_limits,true,true,0.8008174207188965,0.8864004375735803,0.7675783447028705,0.8642681304754369,both_correct
5709630632c0ae5e4be10ac886d4db29c2d688cceea85cc69dfb77b05b954a9e,supported_cards_and_currencies,supported_cards_and_currencies,supported_cards_and_currencies,true,true,0.41896036742072806,0.5451977085102251,0.3787832129908924,0.4787200552868053,both_correct
5710149e29209d87db4b75b66b96591495a6cf0c118a835c674cc07a11828db9,top_up_limits,top_up_limits,top_up_limits,true,true,0.4235722524395064,0.596618727685896,0.30468940826035945,0.5212013068501756,both_correct
572d728cc2236f59844f3d24ae07fd9a2a8eb3cfa8b4aef00af21927f6ce07ca,fiat_currency_support,fiat_currency_support,fiat_currency_support,true,true,0.5733705874582115,0.5795580939658932,0.5278997219177762,0.48388685717250224,both_correct
574949e48c3d82a4ca35942c9a07e8123f2f1a0f7e3757b082ed83adaaa61fc3,transfer_into_account,transfer_into_account,transfer_into_account,true,true,0.7822436624168414,0.7725900212028806,0.7615376475841579,0.7454019057423734,both_correct
5758304e5f0acab868f43e70ae7acf1423e469e22a574e031eb98a66988d9437,atm_support,atm_support,atm_support,true,true,0.5652338210388197,0.6535937198939025,0.5436983845895523,0.6068746830215216,both_correct
5780f6636ebe5536d9197d6d7f93dded9e3d61e6fcbbce2d66556949583e7aef,transfer_into_account,transfer_into_account,transfer_into_account,true,true,0.8650633583153334,0.8372776130528796,0.8350477322682133,0.8209263332408082,both_correct
57dabef2778e6b60717759edec2afdefd449afddabbfcd05aac6fc28ccd93882,exchange_charge,exchange_charge,exchange_charge,true,true,0.7980291564152386,0.7885167514669309,0.7646951889064252,0.7458558473673006,both_correct
57dce22c82ae35d736517a9dbd890f8d24e644844db8eb6e75435ab5e31a1580,card_arrival,card_arrival,card_arrival,true,true,0.4259968023024527,0.4802748543809747,0.398607000986649,0.4161290005831674,both_correct
57f22f0afb386d6daf79a91d032282c59d14f4c9fecc9832fb432f61e65a4be4,card_payment_wrong_exchange_rate,card_payment_wrong_exchange_rate,card_payment_wrong_exchange_rate,true,true,0.6600417959953125,0.843166755408244,0.5797359351218503,0.7876696780823135,both_correct
57f9a35580196c5ffc851c80d532af782f8819f5925ffc17f2befbc0e7e93ac4,transfer_timing,transfer_timing,transfer_timing,true,true,0.41944315985361186,0.8616323227135905,0.36768832894340414,0.8397984792155604,both_correct
57fee7e4208c735ad3fa3c05b639f51d9fb8b4051be273b4698c9ce54a534036,get_physical_card,get_physical_card,get_physical_card,true,true,0.4675904689964165,0.8234954802012566,0.3887283172105476,0.7704278602594188,both_correct
580d6386308c9cc42104b82f7a508d7ba34e8f97da0922241f3b37b8a7d4b930,receiving_money,receiving_money,top_up_by_cash_or_cheque,true,false,0.06219977688425645,0.22640003247288598,0.030725249307362215,0.02061333140499408,lexical_correct_semantic_wrong
5813b0c5a002553fd0542176d798e4fe24085c9780d5d95676f2fb9cbda7ef28,change_pin,change_pin,change_pin,true,true,0.3294214823003357,0.5316489893960927,0.1408590303019194,0.2906854373050109,both_correct
58348139abb7849e04737763d4864a67203eaa4de5233ce72fff0001e4505f1d,card_delivery_estimate,card_delivery_estimate,card_delivery_estimate,true,true,0.8849785742457528,0.7700634771923153,0.874006381048348,0.6838877238536549,both_correct
584d681d8620e44feffb51fbb720366962f1d6531ddd7a6cf2759fb83a6b6c10,disposable_card_limits,disposable_card_limits,disposable_card_limits,true,true,0.5707951673226366,0.8168762131315513,0.4758196358893787,0.7840499484142258,both_correct
58648e77fcbf3c7e62a32adb83b339416fa54c245fdc4ef5fecba7c55036eed5,top_up_by_card_charge,top_up_by_card_charge,top_up_by_card_charge,true,true,0.42470866345517366,0.677035695978812,0.31796957531526143,0.5779565606944846,both_correct
588f0f0b53c8e077f0b2ae3862bdcd3c4f141f0a498992e082974b753a669d56,wrong_amount_of_cash_received,wrong_amount_of_cash_received,wrong_amount_of_cash_received,true,true,0.7799941636262282,0.6526878795678668,0.7319585242144558,0.5677641943841046,both_correct
589eda6a7bf5e9ca61d0a262e6d81cdf5ab42f83dcc57f633f8ce89f5349f2a4,verify_top_up,verify_top_up,verify_top_up,true,true,0.44244554652171064,0.660892915116041,0.34897646451287184,0.574539832314261,both_correct
58a031b321bc59743fdb7d06663c8cb3547dc6cbcbdc0655be487118d8d01d68,declined_cash_withdrawal,declined_cash_withdrawal,declined_cash_withdrawal,true,true,0.8358126688729021,0.6555468503048707,0.7734703703160667,0.5720694988718293,both_correct
58a4ec4c5385b1fb7400b714841fbb821cc27047e1b56f3f439df271a4585f1b,apple_pay_or_google_pay,apple_pay_or_google_pay,apple_pay_or_google_pay,true,true,0.8745442307718208,0.870075413617847,0.8567801616879304,0.841509234726815,both_correct
58d046c1f33eb0de4c4b6e466cec43ccc4637efbf581d0205891d129db9c642c,Refund_not_showing_up,balance_not_updated_after_cheque_or_cash_deposit,reverted_card_payment?,false,false,0.09695239267924474,0.2338604099260642,0.0028954209809276127,0.06615807488062667,both_wrong
5916af9e5eea23407d87303fa4fb4e0b16b6341a1557be75449f58c50fe2f1bf,atm_support,atm_support,atm_support,true,true,0.6663775933217899,0.8088082952984474,0.6275457184075294,0.7841910630912267,both_correct
5916f0b82cabfc9869a1ec64e80530473b79d5f267584470ba15d1a6bd4f1ee0,compromised_card,direct_debit_payment_not_recognised,cash_withdrawal_not_recognised,false,false,0.0630920197833317,0.2858224115665886,0.014204941150382393,0.1865321790881968,both_wrong
593195dacdb80bf8eacdccf46b67f1a698c56d3c12d5f2507c086efbd4348bd6,transfer_not_received_by_recipient,transfer_timing,transfer_timing,false,false,0.29751471386455236,0.45282070202125696,0.14099763336259352,0.27925049327501417,both_wrong
594234aa849b60712c769b531b4259f8e6d88c1ad2006f5668c207560d7b504c,pending_cash_withdrawal,pending_cash_withdrawal,declined_cash_withdrawal,true,false,0.1941138172580051,0.17038872597055288,0.11061143119472604,0.00349167623839558,lexical_correct_semantic_wrong
596a96dfde43cf2dd7646d8d5abcc00b4fc3e774ee7af1e1d4abf9c8c5bf5a32,failed_transfer,failed_transfer,failed_transfer,true,true,0.40378849991632393,0.6838674600298021,0.16668163180270112,0.5241068903176995,both_correct
5971e7805f8b274a2eeee205327e54cfab488ab20df6d8e4e3c8fd2461505df9,declined_transfer,declined_transfer,declined_transfer,true,true,0.45223656030195936,0.7961898760636807,0.40767960099462813,0.7665552696347453,both_correct
59727c58115556b2d2b0f837e55d10af52965f3f9ab43be90cc6d57dd918fa41,card_about_to_expire,card_about_to_expire,card_about_to_expire,true,true,0.7679903376966258,0.8455051526695901,0.7480989620754946,0.8089602430345616,both_correct
59742d3eb8751a10d9f8babb979d8c1c5a7b327921d0381bf80a2aecf1e0ddeb,transfer_not_received_by_recipient,transfer_not_received_by_recipient,transfer_not_received_by_recipient,true,true,0.6927092243857835,0.796016742719592,0.630763056912777,0.7554494500640323,both_correct
59c5b74f5d75c40ebdc312028b43f14f124b159fe991d1e92f39edfb5f6bed8b,visa_or_mastercard,visa_or_mastercard,visa_or_mastercard,true,true,0.916206974782823,0.9699960232342015,0.9128355022317837,0.9607798255655704,both_correct
5a073299dffd0231f99ad84c40e2c8f9d83dd63deb4d8f51102c376cab5ecd15,top_up_reverted,top_up_reverted,top_up_reverted,true,true,0.5408857729643307,0.6217589145982981,0.4578703902114714,0.521973645370349,both_correct
5a5a797e6a09ac40e18afc4231a98b698e9155b1dcbbef1ef06f0496aafcc753,get_disposable_virtual_card,get_disposable_virtual_card,get_disposable_virtual_card,true,true,0.6751809086686248,0.7749113565247412,0.5945211386704152,0.710565463348203,both_correct
5a6c00b7f42fb3538fca8197949e7b3f43ae0aad5464c98efa633215fd2bc2ed,transfer_not_received_by_recipient,transfer_not_received_by_recipient,transfer_not_received_by_recipient,true,true,0.3169587203938485,0.5479109989068736,0.1563729584728705,0.3641647973680972,both_correct
5a71c86b9eef7324c98b49ee7d7a6f9e69ff3126afb883559954bc0dcd3aaa70,fiat_currency_support,exchange_via_app,exchange_via_app,false,false,0.3443147050645506,0.552804010138407,0.20780491234515638,0.3718908516415026,both_wrong
5a923cd9790878af73f936d0753082dd4ebba3146362740945be888653af9c7f,reverted_card_payment?,reverted_card_payment?,reverted_card_payment?,true,true,0.2558786451017202,0.7191402526960929,0.11863334672016945,0.6522795729784105,both_correct
5b3901e868f133598a7162a367864f0e30d4b2a5b339e91451154b63a109f784,top_up_limits,top_up_limits,top_up_limits,true,true,0.7719943603226396,0.7765077317702286,0.7346189852857868,0.7234032157080587,both_correct
5b3b853406e31b7fa26aeda305472279625fd54b2fb32373487f0b6ec3f5576f,direct_debit_payment_not_recognised,direct_debit_payment_not_recognised,direct_debit_payment_not_recognised,true,true,0.9659797713697237,0.9092047457101433,0.9627176834853826,0.903440783419567,both_correct
5b540a56e242e54474b06633c4bc67b0abec29b86cbb4d09cecf850ee290347b,transfer_fee_charged,transfer_fee_charged,transfer_fee_charged,true,true,0.06397360841259139,0.29813177699317395,0.013186723378245821,0.026793412889799806,both_correct
5b776027f62bc63fae98ba37b22586d167b96a5ab7953f448a4d3906efb644b1,declined_card_payment,declined_card_payment,declined_card_payment,true,true,0.8782068209853956,0.8516688345923988,0.8151923557364305,0.8153606877964176,both_correct
5b7c6ae279b3d005d8e8970b0885c9ea4be85e5918c541628d9d74b87b420263,atm_support,atm_support,atm_support,true,true,0.3641762187790234,0.7219999549138865,0.2526022591845556,0.6730877588167057,both_correct
5b91e2d0299dbba409e86cd1f174d0c468014fabe258704206b6a0781639c889,exchange_via_app,exchange_via_app,fiat_currency_support,true,false,0.35131082209731734,0.4508560441124192,0.12514530339352473,0.2077497938829448,lexical_correct_semantic_wrong
5b9aeeb22db837c179d5e84de7a2ff730674e53338d50662f7e5fe1be458539c,exchange_rate,exchange_rate,exchange_rate,true,true,0.5258067168340744,0.7492824063381803,0.4730253475552473,0.672653334646489,both_correct
5bb673dcee20489990ed110fca9431d9ae5fd2ab09a7372152e72cabd9dabe67,card_swallowed,card_swallowed,card_swallowed,true,true,0.3636878414206329,0.6850574825095095,0.32826894084912855,0.6351202142616152,both_correct
5bbb2a23a94c86b1bbfd43f1f39b023c99fe04463b4109f981f78cf68fb94324,lost_or_stolen_card,transaction_charged_twice,why_verify_identity,false,false,0.02857608380537315,0.09303332938498857,0.0006777309343464592,0.0022272745117693227,both_wrong
5bc2b888f56ae4e57058e9d0666d1f6053b9fa09979a2427e67c29de9f292f31,fiat_currency_support,fiat_currency_support,fiat_currency_support,true,true,0.6499574697960123,0.8285350570339031,0.5964184365324654,0.7866722408500025,both_correct
5c1d581e8c5d21a76966daf356c4046fb9b45caef60ad0ac1517119b96bd0a58,verify_my_identity,verify_my_identity,verify_my_identity,true,true,0.6122518802493545,0.5963094188959582,0.40951123963296254,0.38429008870065373,both_correct
5c432bb529c45966757436cb30a51ae56686862cc397fdb99504a84a71535429,failed_transfer,failed_transfer,failed_transfer,true,true,0.45512678363296627,0.7480509137956031,0.37847982733931707,0.6601705999868666,both_correct
5c46cb76912c21b79c785c49cf1df253c81dabab4e9f60ceaa664cd52b249e53,why_verify_identity,why_verify_identity,why_verify_identity,true,true,0.5689599595726116,0.8140505027248762,0.5262743228259469,0.7712575794521003,both_correct
5c478f3aa184a4896c7a137a43595c7dfd0a142d40df11902b5388d7be282dac,get_disposable_virtual_card,get_disposable_virtual_card,get_disposable_virtual_card,true,true,0.7320474020612661,0.7755133889036679,0.646786551473751,0.6948914452805335,both_correct
5c4f8b4a11bde40fb130f06746a24b1efb745e6b0e7fb27977911242aa976493,cash_withdrawal_not_recognised,cash_withdrawal_not_recognised,cash_withdrawal_not_recognised,true,true,0.26537563007457815,0.7147743045658571,0.16484533790251182,0.6572044041524221,both_correct
5c5e63e91ee858a075458453ff2003692383e5b9565462363939d14f541df0f3,verify_my_identity,verify_my_identity,verify_my_identity,true,true,0.6701652968878659,0.7465800068667234,0.5160283962308507,0.6312513310564772,both_correct
5c783241be15fed2b4ad393f05f2ffac41f8073232f2b7dad2a4f1b5b72dd90f,passcode_forgotten,passcode_forgotten,passcode_forgotten,true,true,0.8961429012723559,0.9125630659450051,0.8917747545830722,0.8872594853541874,both_correct
5c798b99d6ce983879fad897c18fd92e9790e6f1204a1b643fddb9c850f83968,failed_transfer,top_up_by_bank_transfer_charge,card_acceptance,false,false,0.06489223095786495,0.09490096091620989,0.010964215525138779,0.03339411274953866,both_wrong
5cb4e4454c0364317b66e2598b541eca78f174787b0c5bc6a0c117630f881a80,card_arrival,card_arrival,card_arrival,true,true,0.34550792332738756,0.6217559957850021,0.3039762817338289,0.5564262867634304,both_correct
5cc04d6293a7632c1c0d6aea332118baec00acde851f06ff6326932d578bab8f,card_payment_not_recognised,extra_charge_on_statement,direct_debit_payment_not_recognised,false,false,0.23176359854478412,0.2533188771370738,0.11826513600451141,0.08588492842237497,both_wrong
5cd7c20e2ffe3eaad544f6c6eeb0997185a826f3a053a5b8ea48f8ac61fd1d4b,direct_debit_payment_not_recognised,direct_debit_payment_not_recognised,direct_debit_payment_not_recognised,true,true,0.15572085659028365,0.62244647389919,0.10951786900805928,0.5779919433012098,both_correct
5ce6e6063081726038a02dfe85ad5b82623d64289e64331e744168eb79007c8d,automatic_top_up,automatic_top_up,automatic_top_up,true,true,0.12047974970456331,0.38207937422266536,0.06214529213176824,0.26714118965904876,both_correct
5d30f64bd9953a87157f7fd89f6193b2722f2dc20706d0ab9cf34f8c8eb80a19,getting_spare_card,getting_spare_card,getting_spare_card,true,true,0.1674719582333627,0.45318655610485176,0.12133228650336811,0.34056814193231255,both_correct
5d5578e7b1752c1376c8b7c768a0e1c39b2c9645e9ab9423afc845a663b6fa1a,top_up_failed,top_up_failed,pending_top_up,true,false,0.14364062230458569,0.16582917332754005,0.029763537802811643,0.09226705801571808,lexical_correct_semantic_wrong
5d664be3547a7c5b6191bed5c2ed4c32f3584458c5d940f8590178ab06e0a9bc,declined_card_payment,declined_card_payment,declined_card_payment,true,true,0.8880414267474771,0.8498960749923189,0.8703740872536112,0.8220286481178007,both_correct
5d6761723b2d6b06048829b6e07b856f51ab82ed5630d0f173f9ac6044f806b6,transfer_into_account,transfer_into_account,transfer_into_account,true,true,0.5706462167305641,0.9095449667165073,0.5369261600649708,0.9005450775095126,both_correct
5d7047c0b6df01a62d0af800de305edda01b84a05ee579b9c4e02775f7da784c,country_support,fiat_currency_support,country_support,false,true,0.051355477966292445,0.9252453035110527,0.004440696859652059,0.9138597209325573,lexical_wrong_semantic_correct
5d89a509efb069d51d8e1f8c5a029086984e47cf619bee86513801895f0b18da,top_up_by_bank_transfer_charge,failed_transfer,beneficiary_not_allowed,false,false,0.12523616714681832,0.18367389149268373,0.056669836841958046,0.03844576644862313,both_wrong
5d8ec29726a8d7b5fad18eaf7146e81a72e9584b65a31bd0f58a4526eb9b7262,cash_withdrawal_not_recognised,cash_withdrawal_not_recognised,cash_withdrawal_not_recognised,true,true,0.7953328271551259,0.6882239390457983,0.70310192716882,0.557547717489058,both_correct
5db0b966b65f82fefef7de74163941fe148d12a7f8c57c9d9d200b650f03f42b,card_linking,card_linking,card_linking,true,true,0.40631264187659405,0.35121261184171093,0.3586878199489213,0.04789765941916413,both_correct
5dc2983eaa5e49cd9749b90d51f0db10233dbef35fdd0687907fb812240c4a17,top_up_by_card_charge,top_up_by_card_charge,top_up_by_card_charge,true,true,0.5580171536386376,0.7954071334182331,0.4979345782513209,0.7593413392638846,both_correct
5dc4e38dd2904af0e1002c26410fed03624240e4bb924a92df97c40f8863106a,pending_top_up,pending_top_up,pending_top_up,true,true,0.12882971257380693,0.6630286173907994,0.0890939308764746,0.5690004590469654,both_correct
5ddcfe7835c375f8a0b949672f346272afb8d76f619122d297d639968079e87d,transfer_timing,transfer_timing,transfer_timing,true,true,0.3211507142199219,0.4256033513141912,0.18260320620003803,0.21765717633910206,both_correct
5decedb78b2483dcbad0bfc5a4b579f866ed3ed7af29e6443b20bda5d307e408,supported_cards_and_currencies,supported_cards_and_currencies,supported_cards_and_currencies,true,true,0.4660679907402062,0.7630506510137831,0.4313671174215099,0.7287073780871147,both_correct
5df190c90ba942bc8505e960b8c65c79477e4c20e57eddbcd2aa37d748da7d3c,pending_cash_withdrawal,declined_cash_withdrawal,declined_cash_withdrawal,false,false,0.07537261899012747,0.14668279731958025,0.0010942243792887024,0.012323776001994857,both_wrong
5e076fd11b7d917c47cdb57d34793fdff0abb415c016ca2e178ac592eae4bad2,age_limit,age_limit,age_limit,true,true,0.6158908520775794,0.8136140067336949,0.5938614330928623,0.780636406011445,both_correct
5e11d0c65ec158d937b38a44c1f2b49e8540d07d008e9d7dc146658c5dbe6a6e,virtual_card_not_working,virtual_card_not_working,virtual_card_not_working,true,true,0.45110359556671,0.5929184539789013,0.1504498348652934,0.42807158448512994,both_correct
5e11d799105c0b6507071f2eaf6b24dda1fff9c6e38bd8482d0daece42d28d33,pending_cash_withdrawal,pending_cash_withdrawal,pending_cash_withdrawal,true,true,0.9100535951799117,0.9185909817911655,0.8853048479132349,0.8968957652275903,both_correct
5e126ce72fcc9b31b2920abc22d07d43d6744fbfa39945c2b2e2a2653103966c,automatic_top_up,automatic_top_up,automatic_top_up,true,true,0.929961214578387,0.9571758645494196,0.9217656415668533,0.9510853782014446,both_correct
5e158d56a7e89e2b70a5cce9a87800c20d9265f71f7b0d92aa3d9bbea1362759,terminate_account,terminate_account,terminate_account,true,true,0.13265524087084954,0.9041576949496498,0.07787388277863647,0.8902021777572257,both_correct
5e286fbd930fa6f48c9bca6c56695b305356fc0d87af3cc5513d5be3450355dd,order_physical_card,card_not_working,order_physical_card,false,true,0.03386485161893672,0.2607397708823176,5.5358884595110847e-05,0.16458168118698502,lexical_wrong_semantic_correct
5e2a0e32aed8e017a2398b04a452bd4532286edcfbd28382a0395ee9d7221852,cash_withdrawal_charge,cash_withdrawal_charge,cash_withdrawal_charge,true,true,0.4689824262255028,0.8391315173432694,0.33319700864020113,0.8066149231061189,both_correct
5e31857b631d9608b6c2bbdad8cac424260547f73b753b1d68c2d47c396c4dbf,request_refund,request_refund,request_refund,true,true,0.2890160890532825,0.6949087288445968,0.2282908100134249,0.4524559936466068,both_correct
5e31eb79ba73ea2d0150339e537d8ac4bfb7826d4fcec135755e8dc8be9ce860,compromised_card,compromised_card,compromised_card,true,true,0.6400584915339131,0.5557097017822067,0.6048040446401229,0.44356050385745915,both_correct
5e504676e76b073a643cf620162025f090284fa800993c3fc515c44ac67b80b0,pending_transfer,pending_transfer,pending_transfer,true,true,0.587137486993885,0.8137031739416936,0.5135913628986214,0.7619336772680073,both_correct
5e5dccbdd733a50bd65c89d6b9a609967f5a318e90fb1e186ffaf68087f079aa,transfer_timing,transfer_timing,transfer_timing,true,true,0.23214220456943263,0.4034967837036818,0.12905095855831825,0.1697150038791944,both_correct
5e61c0802ec2c5c62110de1b1687cf72a924e860dcdc139b7593a11731d29c42,order_physical_card,card_acceptance,order_physical_card,false,true,0.15401970299100187,0.21782904016074509,0.043392879291959965,0.02966745347437727,lexical_wrong_semantic_correct
5e7c73ab810b055f7c45a0e2e29583dcaf8dca156c5a60c24d28e583daff1456,balance_not_updated_after_bank_transfer,balance_not_updated_after_bank_transfer,balance_not_updated_after_bank_transfer,true,true,0.12542848838414059,0.1660204748552884,0.011271370548874352,0.009612838472004837,both_correct
5e8b36c69885d6d7fd0afe5bd103c588856d2a7fa8a88d470bac67e35763e35f,direct_debit_payment_not_recognised,direct_debit_payment_not_recognised,direct_debit_payment_not_recognised,true,true,0.3973204666732594,0.45994870597982074,0.30547666293935427,0.36295595454966234,both_correct
5e8ec7a09ae403c132db2c30dd77b1ae52eda9d09af6efab76b8fa454f40a124,declined_transfer,declined_transfer,declined_card_payment,true,false,0.296805434834576,0.4784832839198683,0.16125278879206748,0.3295642314241074,lexical_correct_semantic_wrong
5ea273fb84f17bda933de27f70dbefc2b0000987f6d446b83ca9efae8df2fcf6,top_up_by_cash_or_cheque,top_up_by_cash_or_cheque,top_up_by_cash_or_cheque,true,true,0.4202922039356547,0.5793671816053512,0.05610390703700291,0.37507969976179745,both_correct
5ea593c356a11d8fabfd84e87885529aef618c8f4ab6b0479c913edd31e9a3da,card_acceptance,card_acceptance,card_acceptance,true,true,0.23217926526118576,0.5064995327932549,0.1360001076604489,0.36637071022012924,both_correct
5ead948b2d1fb37af003b541e1a24091c7aef491536c90526cffbd4742b3c868,pending_transfer,failed_transfer,transfer_not_received_by_recipient,false,false,0.20893670863227662,0.20210125107271837,0.062460271980247783,0.01409492360995021,both_wrong
5ebf36d0259467c816ab18f593cb55eedee512967e313b15019aeac4ffdd674b,cash_withdrawal_charge,cash_withdrawal_charge,cash_withdrawal_charge,true,true,0.4386420365053705,0.8116277425406885,0.3563052146802997,0.7752982008386906,both_correct
5ed6420c388d04acd28b65fe2b5d5be440961f67e4cfa727851847de245fe583,receiving_money,receiving_money,exchange_via_app,true,false,0.19041487946765778,0.2997850162885133,0.10423126573347856,0.12803373491043904,lexical_correct_semantic_wrong
5ee6951a463ee231c1b3ce9b8451a20113741326c23794a77a875f8d5f398c09,Refund_not_showing_up,Refund_not_showing_up,Refund_not_showing_up,true,true,0.9196133014035575,0.7852997537197324,0.9104376657759503,0.7023312738162724,both_correct
5f17de913d3ff163984f87dc61dbf0e0570bad801d57b17f29a57b833b268393,compromised_card,card_linking,card_linking,false,false,0.24001705231453133,0.19175192843636346,0.17592099478311915,0.06235889306198816,both_wrong
5f215cb4cea2be98f973e70712349231c0246c306eb7391db04a4b28fcce457b,request_refund,request_refund,request_refund,true,true,0.8097156574821155,0.8970536578110974,0.6857453611180644,0.8286695486294821,both_correct
5f47d756ec408ad442a3e3918ffc95f5392386a22a4dc5473e30f95a73232d68,beneficiary_not_allowed,beneficiary_not_allowed,failed_transfer,true,false,0.6742919005945758,0.5104113454143492,0.5386707959396994,0.19294670617011644,lexical_correct_semantic_wrong
5f63b6f94bf4f58f9467f13e6278e294e9642a00fa98913a943c9503ed35a63d,cash_withdrawal_charge,cash_withdrawal_charge,cash_withdrawal_charge,true,true,0.44602665530437074,0.2514368230513186,0.35836958252147344,0.1161800469740693,both_correct
5f64d21a117ec77b4fa66572926cd6edb24f3d6d72e76e089dad890c39cc0dc6,Refund_not_showing_up,Refund_not_showing_up,Refund_not_showing_up,true,true,0.29675817196894966,0.6665697381379073,0.22874945793966836,0.4987238423110065,both_correct
5f8c757df11d837a50c9d4deb6cc779ee093ab0937c430a43f2590551973b1db,declined_card_payment,declined_card_payment,declined_card_payment,true,true,0.8697348309789218,0.7572639306615571,0.8411969180287028,0.7038938448247641,both_correct
5fe47b00ca497bbd642b2acaa2e327877c56a75740a996313a64d2eb8b6950ee,country_support,country_support,country_support,true,true,0.7441431614653544,0.7138297494806684,0.7326775930938806,0.669514668750503,both_correct
5fee247bea862dc48319ea2d6b050f769d6bb24068310c7f289ec08739d4765e,card_payment_not_recognised,compromised_card,compromised_card,false,false,0.12338409369070376,0.3927740674911678,0.0786173017340833,0.16914359102125073,both_wrong
600438a5d0fa4eec14217b4c5f1f0446140da811ca25604e020ca8ff970c64ef,top_up_by_card_charge,top_up_by_card_charge,top_up_by_card_charge,true,true,0.566423018649714,0.6478337772546809,0.46575325419970126,0.5107623984383939,both_correct
6019cd8a8c6b34d533ba27bf3b4186f567894cb7259da0c6ff86aa89a76c7884,wrong_exchange_rate_for_cash_withdrawal,exchange_charge,exchange_charge,false,false,0.3815762594030774,0.44470315616660655,0.03751316571079566,0.2983486408149767,both_wrong
60226983bf140428e44027cb2dfd35b8d15081d0eededbb724ef7f7de48eb522,pending_top_up,topping_up_by_card,wrong_amount_of_cash_received,false,false,0.07084897962904416,0.14974817518674116,0.0034057208332164274,0.04019042011265658,both_wrong
60645555a76b213dc040dbe94235606fabe51c896d05c1cd6887a2fe743a1dcc,compromised_card,compromised_card,compromised_card,true,true,0.3576568846408939,0.3202428696601843,0.29123836102307743,0.22423242245323236,both_correct
6068cbbd6bf9a2fbe7fc67f229860ab218868df072ef629298768305dd5439cd,Refund_not_showing_up,Refund_not_showing_up,Refund_not_showing_up,true,true,0.8365560809774767,0.9366073720444978,0.8082823436698189,0.9265959401299406,both_correct
606b6692a579b1189a45c905d84446c415553771819f59bef488c12fada53c1e,change_pin,change_pin,change_pin,true,true,0.5705044549048865,0.7979368403313076,0.4327282167469735,0.696712985063245,both_correct
607a7466c00de1895757900a22d768e388511b1e7abe90a9600d8990a153ae21,why_verify_identity,why_verify_identity,why_verify_identity,true,true,0.500323736256291,0.3692857973180165,0.3621272595935929,0.2826912174190223,both_correct
607b1c28b6a2a192926b30bdfa07bc2d2baf3193f2c995345bba0ffde74431ca,passcode_forgotten,passcode_forgotten,passcode_forgotten,true,true,0.905957296643718,0.8872700320548147,0.9016191433149336,0.8737670231920098,both_correct
608aa3d34099d511297f5b96acd0a97c4f34305581a03b2b4ea99f6b91fd68ee,receiving_money,receiving_money,receiving_money,true,true,0.4933145539463913,0.8147867157043521,0.4599841297262152,0.769570278283346,both_correct
60bfc552ffe2518b56729a9f2b98c36f5f70777a1535248c10ec7111be574ca0,balance_not_updated_after_cheque_or_cash_deposit,balance_not_updated_after_cheque_or_cash_deposit,balance_not_updated_after_cheque_or_cash_deposit,true,true,0.8970242555561669,0.8830530763281849,0.8720781934806714,0.8313614178272163,both_correct
60bfcc17ca5775ec51ee356bba50961be04c64d395a187b35a6e76cb2ca298e6,supported_cards_and_currencies,supported_cards_and_currencies,supported_cards_and_currencies,true,true,0.5168090320116985,0.33178143345539685,0.45783915296216254,0.14607875592030997,both_correct
60d2d80ea836df17f1c8ec22eee4e0fa323b6746b8ecd611d7fc2f2654c74a22,exchange_via_app,exchange_via_app,exchange_via_app,true,true,0.879710157462403,0.7914425385610969,0.8336820850987458,0.7439856233799236,both_correct
60d8d7ec44449c93604cc38ea14621a2489fd2e5ed34528c9936e99b25f53f1a,declined_transfer,declined_transfer,declined_transfer,true,true,0.5740198660312739,0.8989060144263625,0.5266891629414187,0.8700586408793953,both_correct
60e4746a5d1353753aa078ed91ba07e894c949a0550f8bca9063ea91d2462010,card_not_working,declined_card_payment,card_not_working,false,true,0.2381123302508319,0.6143562761904254,0.060376272158716854,0.5374663985180698,lexical_wrong_semantic_correct
61169c6fcb8f768c2389a0a334ffee53f357e612396857a7d26a442ddaf6d527,country_support,country_support,country_support,true,true,0.8209568126108758,0.8923190110307394,0.806207185755164,0.876643419886496,both_correct
6118f352cf1c4707c9eb9cf0cd43b99c5f3b0cc60cfa1e6ea5c6cad188947d60,transaction_charged_twice,transaction_charged_twice,transaction_charged_twice,true,true,0.3933288832522967,0.9143472084261733,0.34962932724986884,0.8856372096861201,both_correct
611fd23794d36f595cb8e391dec7ce54a0f2777b55a38d86c31d6b4201a391eb,Refund_not_showing_up,Refund_not_showing_up,Refund_not_showing_up,true,true,0.6747497393594973,0.8806004330373295,0.6061084306979456,0.8328238315693521,both_correct
613a41f437073a2796cfcea52c726021d0d85c2f32f8d5a84cb2bb902df9a558,card_about_to_expire,card_about_to_expire,card_about_to_expire,true,true,0.7969564759680949,0.6089275628049562,0.7693486025350231,0.5687335100955438,both_correct
61451bd64164e976fe2c4a9505e979b415af77ece2624b839f73a894c1705172,change_pin,change_pin,change_pin,true,true,0.9531622738970774,0.8531194502433352,0.9441812166829255,0.7933825656782596,both_correct
614abbdef0ee6f8dacc514d55f0437e2b5591d5b533adf0f0618c05a4176b1da,request_refund,Refund_not_showing_up,request_refund,false,true,0.7009189416182021,0.709310026202537,0.4182782475845522,0.4882246170740032,lexical_wrong_semantic_correct
618a3f219489d245b1f0432b45eb358bb5f2ca9b4dd37f8ca6149695b9dcf930,card_payment_fee_charged,extra_charge_on_statement,card_payment_fee_charged,false,true,0.28425059342752845,0.310660545461655,0.01396877357763271,0.11490302881012829,lexical_wrong_semantic_correct
61a8f6dc9efc2f906ba3f20dfda0da272d115af73302c3cab3042811f5c32fba,top_up_reverted,top_up_reverted,top_up_reverted,true,true,0.43853595063354384,0.4004152401357124,0.3962252718990283,0.27833194592944716,both_correct
61abddadf15f1cd6c0e0c0c1c6cc92a1c157e19dbb3766d451aeccbbc7669b9b,pin_blocked,pin_blocked,pin_blocked,true,true,0.18626411418827593,0.37514861870538296,0.13738852712822086,0.25703208502127034,both_correct
61c663a11c2a4e1fb7d8f69e9118b68929a404a3475f7195e1595707c128cca9,receiving_money,receiving_money,receiving_money,true,true,0.4032703557442314,0.8614506419642983,0.37270702996238253,0.838592386930268,both_correct
61c8734554b74263db5dd20d062d0c5261b2961519b4be118f855a4d67dec4f4,cancel_transfer,cancel_transfer,cancel_transfer,true,true,0.8348863017758602,0.8958738408287352,0.8264553427106461,0.8793871337345487,both_correct
61de853d9a94ff50ddab56029314e66da32628b4b4489b0593c3d56f20514364,pending_transfer,pending_transfer,pending_transfer,true,true,0.4930823479762512,0.6607979617281612,0.42251053191216736,0.5747041717065986,both_correct
61e416b1fad1d0f1f2f1b7035e473af99e64234bb384545b07b3ef2b6a279873,passcode_forgotten,passcode_forgotten,passcode_forgotten,true,true,0.5359198367117282,0.6383713060059195,0.4970497174949623,0.5864514992896372,both_correct
620c8fdac98a196e77f1f41d47153885c305c79e7d4896bfafa5fe6127e04640,direct_debit_payment_not_recognised,direct_debit_payment_not_recognised,direct_debit_payment_not_recognised,true,true,0.9654527231368526,0.9636927333787505,0.9564971376466171,0.9584757469113737,both_correct
620d8a9217b1da2e79082c287e12e9d4adcbd880d26caad4bc5739d945192768,activate_my_card,activate_my_card,activate_my_card,true,true,0.6491487337046292,0.9169000640058358,0.623475976878434,0.8953920479227935,both_correct
620efa23f96cd6a2313852b89d07ef8892a772948ae1f72dd00abb0293830e15,declined_card_payment,declined_card_payment,declined_card_payment,true,true,0.5832912850056117,0.6242141860034998,0.4548269787433754,0.5233500058158109,both_correct
6218bae9f9e012e72e7e78db1d181b9522f941e214bcfb0823f7947689103409,direct_debit_payment_not_recognised,direct_debit_payment_not_recognised,direct_debit_payment_not_recognised,true,true,0.8631267907145793,0.8893806104988677,0.7975897739927201,0.8546120468750453,both_correct
62276dba3ff62136b05a3bdf98a83d89a0bf91f62bde896ab25cc76dec0403f1,virtual_card_not_working,virtual_card_not_working,virtual_card_not_working,true,true,0.2677894941841279,0.5444826293280784,0.050430788375507046,0.37840005656194187,both_correct
62281e5900b8f7b193dc0379f4a3fe1bcae39ee45b50825135d34da2a8455826,disposable_card_limits,getting_virtual_card,getting_virtual_card,false,false,0.19819145477086636,0.1865322546261081,0.10221993396466324,0.06769655098512183,both_wrong
6228222fb3708441b5d68de769cd74e7318e0da86182ceae149801572b7139b9,topping_up_by_card,transfer_into_account,transfer_into_account,false,false,0.2656246538847005,0.25098198198524274,0.18846379350214873,0.14712048631935534,both_wrong
622c206a4612519304e4b2c8e5ceacf04f81138a7e83b7c955c097fa2a33e9df,visa_or_mastercard,visa_or_mastercard,visa_or_mastercard,true,true,0.7642954974508732,0.5682781646006576,0.7076387448629279,0.45448819269428686,both_correct
62315890183dbd27423a35ec3b8b2be3c689a1b1f8727f046b20b6c3f0ce4d7f,failed_transfer,failed_transfer,failed_transfer,true,true,0.7724829335094208,0.7637103525057749,0.7536683333563932,0.6832864933152413,both_correct
623e086164872793b5d7d6dafe5666ba1e65d2a7492203200a1b0526d4ff47b7,why_verify_identity,verify_my_identity,why_verify_identity,false,true,0.4363275686175799,0.6976821979161844,0.08773291308072684,0.5201893907990908,lexical_wrong_semantic_correct
6284cdc6647dfc741877aa64b095543bc0c2514b7228f7b99fb973c57f2f78c3,edit_personal_details,edit_personal_details,edit_personal_details,true,true,0.8726423656970056,0.9048785037966497,0.8645837842259695,0.8987514866096964,both_correct
62c597b4696a467470a38e7a11262f35ddab89e883f1cd6b14f66599d93a82c9,contactless_not_working,contactless_not_working,contactless_not_working,true,true,0.14467552601509542,0.25621878122743363,0.02166865339123951,0.14707419582024836,both_correct
62d692636d5d92b15b9c5ec995c738b4d2aed5ba8506913f6c26bbefd1f94fce,get_disposable_virtual_card,get_disposable_virtual_card,get_disposable_virtual_card,true,true,0.7679219869338224,0.7857662417097452,0.676675840171188,0.7036922348455701,both_correct
62facefcdc5396f45fa0b9c2c7bda8361d805d7a56876b2d61ef426c7d7d8a9c,apple_pay_or_google_pay,apple_pay_or_google_pay,apple_pay_or_google_pay,true,true,0.9624615183079769,0.35309174267080135,0.9601818720805126,0.17978435233538648,both_correct
63307c3cf86172c73faa4342d2097c7813d99de45c3645264da6fc7a5d045f1f,why_verify_identity,why_verify_identity,why_verify_identity,true,true,0.5747573105276206,0.491987774006444,0.4109502592846499,0.1622521744444882,both_correct
63430417e43f967b07fa908610dd59b841eb5c0df0e0a328663f40e6f29cbb49,card_payment_wrong_exchange_rate,card_payment_wrong_exchange_rate,card_payment_wrong_exchange_rate,true,true,0.6530808302827835,0.7560348698518876,0.6257084844667886,0.6902951710323002,both_correct
636ab98a11a0f15524310782fa4eba5f4a78367354c2bf76a5f7da6b308313f3,contactless_not_working,contactless_not_working,contactless_not_working,true,true,0.7330174283175742,0.7431982392538529,0.7253799617399789,0.6909283492531615,both_correct
63706e4592ae7b248e97d9239599ce9afc1bf317eee925cb5cba87dd55e264fa,card_payment_wrong_exchange_rate,card_payment_wrong_exchange_rate,card_payment_wrong_exchange_rate,true,true,0.7759952448431398,0.9049421626594778,0.6860672586544068,0.862053834869872,both_correct
637f637f9a177dbb902f2b2e8005f0cc0d9a5c8d8c78f0c452c97c8350c5cb8a,wrong_exchange_rate_for_cash_withdrawal,card_payment_wrong_exchange_rate,card_payment_wrong_exchange_rate,false,false,0.3562844347808604,0.5838260210447487,0.2033962106352764,0.4118102267434548,both_wrong
637faf825f89956dde010101bb92933b61aec41dff73ee703509373f077e881c,why_verify_identity,why_verify_identity,why_verify_identity,true,true,0.27741069738047386,0.8720938996220599,0.11179955740783754,0.805833619925007,both_correct
63a8fd12e046fe2c5d2e5495998e7c95baf18f856090a59b01c00d166db802b1,top_up_by_bank_transfer_charge,top_up_by_bank_transfer_charge,top_up_by_bank_transfer_charge,true,true,0.47881804366735015,0.7663764504042752,0.3973300411970606,0.7152904785150198,both_correct
63ad2855e46d3afd6cf9759dca3f95f415e1beb57daf8f76eed7065ba65bba1a,edit_personal_details,edit_personal_details,edit_personal_details,true,true,0.9342775994005326,0.9317020558263975,0.9286082208686427,0.9250827399729472,both_correct
63be9201a6eec7476a1f024032555d15f8f445b99b6c2fec1b3df392ca9f3be0,pin_blocked,card_not_working,card_not_working,false,false,0.12568230526903376,0.45546436872351026,0.07282020542081444,0.3635478027862562,both_wrong
63ce9d4df783b2136c3e2dd6f7407e940e9a69b53ff5f9534e53e2c136208cf1,apple_pay_or_google_pay,apple_pay_or_google_pay,apple_pay_or_google_pay,true,true,0.7728878124406948,0.8345771917616502,0.7400543999532749,0.8148995470474962,both_correct
640cae151c6adab6bdf186c8a42142602a822d16272b1985adadeb462a805b29,lost_or_stolen_phone,compromised_card,lost_or_stolen_card,false,false,0.16037818338523785,0.46490703405602685,0.05362913526021801,0.30932233146209975,both_wrong
6457b0d5207d637f3d7ca052d8074f8d00508e5548a75c85cbe8d0d5e03209d7,transaction_charged_twice,transaction_charged_twice,transaction_charged_twice,true,true,0.07439158080131657,0.4947959278752984,0.037878712838894546,0.4636970010351256,both_correct
64597952931e39d25fac4e529f352ee3f1a77445770a68d9076530d7eff648db,exchange_charge,exchange_charge,exchange_charge,true,true,0.6491912704292404,0.8063295668911018,0.6015199997608609,0.7771260381093917,both_correct
64690b1cce1004613d21973786eb65cc388466485e04dcf57261cf7dca26cbf7,Refund_not_showing_up,Refund_not_showing_up,Refund_not_showing_up,true,true,0.7280256546440681,0.8955705488983654,0.6902075067039485,0.8791763506944816,both_correct
647396f601e81ed5716ceb625291f59a14410940ef7fd42b83eb0415e738db7a,card_linking,card_linking,card_linking,true,true,0.2252902952271861,0.5135326242758791,0.1741730226617809,0.4606406528684503,both_correct
649967bfb26230d08ce4a0b3bf6721aaeae9a5723abad9eaf46d1c6610396a5b,automatic_top_up,automatic_top_up,automatic_top_up,true,true,0.6767734565870639,0.925111901938184,0.6505246814087522,0.9114607282864677,both_correct
64a1926e5cdf26f051cc8393a56f699f01920a656faa3ade3486fe777a19da16,balance_not_updated_after_bank_transfer,balance_not_updated_after_bank_transfer,balance_not_updated_after_bank_transfer,true,true,0.4960117369417458,0.6003877666619081,0.4320124424299585,0.4715028182255206,both_correct
64a4824ba9a41d960aaf79da7ca4e28c51fdd64073ad2a37892e82865be21ff3,contactless_not_working,contactless_not_working,contactless_not_working,true,true,0.31876737214321904,0.6923513858352118,0.25018417619323996,0.6609274038634164,both_correct
64bd239f76f14210f405f32ae55773ca1bd4c859dbe4d261a145c1d532c3b56f,card_linking,card_linking,card_linking,true,true,0.5915613097177526,0.35324074368853386,0.5259830600654118,0.20816184313097105,both_correct
650fc7bb7b31e0793c839a863aaf124ef9eabf060b0681e64c1b4f2061feca3e,reverted_card_payment?,reverted_card_payment?,reverted_card_payment?,true,true,0.4810399639408048,0.47825931640351005,0.4292776184445539,0.4147369452380361,both_correct
651e13994c84a46fec6dc410b55ea71f913680de772733a1834d94039e3e31e8,getting_spare_card,getting_spare_card,getting_spare_card,true,true,0.5406947507974181,0.6474531433634876,0.5167284218690867,0.569871709059495,both_correct
654366a78e64eca7db1eb379855d972573508cf9ca6069aa5a8fe2249a3c9710,transfer_not_received_by_recipient,transfer_not_received_by_recipient,transfer_not_received_by_recipient,true,true,0.8360093593199279,0.8096535003027184,0.820055631730129,0.7856682762554424,both_correct
654d18aedb55f77884569dedffc899a901b60d0430acfc505366bbbb1cd44b28,card_linking,card_linking,card_linking,true,true,0.4589654302690505,0.6266010429653455,0.3932589142532752,0.4557950668866747,both_correct
655d2d991e62e142ac03e180b6f0e48f6a84f8fd505e9290871dbdb3b5713890,get_physical_card,get_physical_card,get_physical_card,true,true,0.6639718813736497,0.31449205473495756,0.5840097237444826,0.01801622131366587,both_correct
657226c1099326ff184d8d5a25ab2f6f4a31057763f63c37aab2be84b2209f01,fiat_currency_support,fiat_currency_support,fiat_currency_support,true,true,0.5408175737903543,0.6807839905767226,0.4780509123219061,0.5708030440650251,both_correct
657a7785e883929c2c750e9c2b0c7812ffe420a980feccb42705366166fdb406,top_up_reverted,top_up_reverted,top_up_reverted,true,true,0.5816847877369696,0.8974924756675254,0.5257247389070098,0.8457372049261466,both_correct
657ed11e766011d9a156c2e437190b1374bee9104a7a16caeb8e08a950866c16,top_up_failed,top_up_failed,top_up_failed,true,true,0.3273546503413183,0.6050761705389005,0.2178532570578232,0.3699187207530419,both_correct
65967aa0dd0c393296c7dc32ef147044ed593361832d6bd19263dbcf72ee52c0,lost_or_stolen_card,compromised_card,lost_or_stolen_card,false,true,0.1872832963074347,0.24521446476328823,0.031309267627544934,0.003613535926674988,lexical_wrong_semantic_correct
6596d46fb7e22d323b92ee4e4ff00c66ef29609a596622fa1f3154b8fe1344bf,top_up_by_cash_or_cheque,topping_up_by_card,topping_up_by_card,false,false,0.4662540622680095,0.5165248071877395,0.3532471745489113,0.3995911374864628,both_wrong
65982f8a5e56d857d9d1fc124000b31a587093835a1495b1285785ff451351d9,getting_virtual_card,getting_virtual_card,getting_virtual_card,true,true,0.4437755736083329,0.7505387021399373,0.35653189699107013,0.6927369260192848,both_correct
65b2e03687fb7d9ffe9e266ffbafdb66a11dc5f203bc8cf2a33f22f625e53b5b,transfer_fee_charged,transfer_fee_charged,transfer_fee_charged,true,true,0.8139070995356548,0.8921237275498816,0.7520848642395436,0.8763879601460528,both_correct
65d851c98be8969ddbfb0fb7f0d7b44019d7ca00e613ff2bfe6bc013e29607d7,card_delivery_estimate,card_delivery_estimate,card_delivery_estimate,true,true,0.08717889245858046,0.4140552308143672,0.00901240348648906,0.3230408995497478,both_correct
65e002f9075f6504966fe4efa5082bbd36e85ea26c2895e32491b5a0b29f9ac2,verify_source_of_funds,verify_source_of_funds,verify_source_of_funds,true,true,0.7108504904359058,0.7662393759968621,0.6955880315156331,0.7374822777854793,both_correct
65f9022c9417c4b62230eb73277baf1eca53eb60a94ff460c4c378ad36d748ad,card_swallowed,card_swallowed,card_swallowed,true,true,0.541676871648781,0.5147061419572427,0.41934969537753897,0.32008007032661434,both_correct
65fed264f2cd93fcf55f751225ba59d8a4f78775c35b8b0d0cceb5929ca5ec49,verify_my_identity,verify_my_identity,verify_my_identity,true,true,0.7153474799340902,0.7222302177804232,0.6226108942120834,0.5608493444785073,both_correct
660825e9aff60c303ccde9fb094ab15d55c95a97b7768e63af2199b9912d0997,disposable_card_limits,disposable_card_limits,disposable_card_limits,true,true,0.5729089166239556,0.8774465530104426,0.4767542889045626,0.8428592547325638,both_correct
660867f435af714ff60ff90744bfdafd86a0d13dc0c08f2cacc1f82f2c8746c9,compromised_card,compromised_card,compromised_card,true,true,0.7936104377029848,0.5636164477582387,0.7501709412439505,0.4888791503312823,both_correct
6635d09c177eeac3cb919fa769784bc624c662efb7450c049fbc29dba61138b5,card_about_to_expire,card_about_to_expire,card_about_to_expire,true,true,0.40440603301768596,0.21881179017819608,0.18790986326497708,0.04164160692632274,both_correct
66985a3bc64836062f53065e3ac59d45f039d3d4f28e9e7771c2a169b78d9baf,extra_charge_on_statement,extra_charge_on_statement,extra_charge_on_statement,true,true,0.9201538824517365,0.9340244088975375,0.9093492474603554,0.9166308775553345,both_correct
66c84151ecf8533c46ac8e2793c6e232d84b3811c81dd0c5cbc80000f1127946,declined_transfer,declined_transfer,failed_transfer,true,false,0.11285270559226382,0.43248002408235464,0.056238426036481624,0.2941400057189757,lexical_correct_semantic_wrong
66d70f3c15f6166b2d67e2d9419c40b4ea1cd5d24241de56e58ce0bacd9cf458,get_physical_card,get_physical_card,get_physical_card,true,true,0.8583459525836061,0.7320797010202943,0.800212735282948,0.6852141472846037,both_correct
66e1a0d1d4bb24609910404bea70750b25f2e762b8070437420a0509df5d2ac1,pending_transfer,pending_card_payment,pending_card_payment,false,false,0.4962062305274392,0.8446641916013803,0.4263050779503158,0.806121862663747,both_wrong
67032a4bb4945a6f15bcb23fa2b74ab85e9f789f7ce99e596b28eed8850a1448,extra_charge_on_statement,card_payment_fee_charged,extra_charge_on_statement,false,true,0.24914500139124016,0.6212378141170587,0.05316969613072081,0.5425290368694257,lexical_wrong_semantic_correct
67055d8224bfcfbcc57eb3c7f781bd8bbe347bb01726b61db1f52a400cedd195,wrong_amount_of_cash_received,wrong_amount_of_cash_received,wrong_amount_of_cash_received,true,true,0.49950699866368226,0.6770066754054943,0.35214779444480165,0.5595739248721463,both_correct
67058dbc4d201c8473358ad25751bae2fccac069750b5733a00d55ffc6d186fe,card_arrival,card_arrival,card_arrival,true,true,0.7607759323624704,0.7742667739039778,0.7384800291706406,0.7369325002479131,both_correct
670fa8f3ce02ceedf3204284fa6d73f42eec60389dcbe39a7095ad269920f8ee,verify_top_up,verify_top_up,verify_top_up,true,true,0.9291192508705904,0.9166518067969668,0.919243466547406,0.9106537415794537,both_correct
6744bf739e33e85e6ae94f144f90eb9db320a316b6a0d8b4e95639758356f161,unable_to_verify_identity,unable_to_verify_identity,unable_to_verify_identity,true,true,0.582170218144489,0.7166955997713139,0.4153676597593111,0.6796687901969192,both_correct
6753eca9dd7919d52f85dfa9a3eb355a250c90051e751f2665bec675c718050f,card_payment_wrong_exchange_rate,card_payment_wrong_exchange_rate,card_payment_wrong_exchange_rate,true,true,0.5809766770966756,0.7346340993594591,0.5605044899672731,0.6642090217507814,both_correct
676b76315b587b9c036ebfcfa2847653a7376e7f963ac8e8c575381f9e42b980,age_limit,age_limit,age_limit,true,true,0.4815110705699312,0.757286322215347,0.4477728399641494,0.7349472031966103,both_correct
67810070639c78687e9cfb87cfae5054cbdf310c587dd23cf44113979c474650,card_payment_not_recognised,card_payment_not_recognised,card_payment_not_recognised,true,true,0.5225495558896436,0.5039858692642236,0.4660159501783264,0.38403765269635826,both_correct
67863b062e0bfb5b8fbf406d13b93b2bd1236b6722cc6297de371e1ac2fbf73b,wrong_exchange_rate_for_cash_withdrawal,wrong_exchange_rate_for_cash_withdrawal,wrong_exchange_rate_for_cash_withdrawal,true,true,0.14929963640659308,0.29874021988793864,0.012405800593777216,0.19995081399739,both_correct
67f4ef73de95bd336829c409a4c4a3bf17d8c26c772bc84c51fa5285bcad1b1a,cash_withdrawal_charge,cash_withdrawal_charge,cash_withdrawal_charge,true,true,0.8869483047360827,0.6992891029335812,0.866721595173744,0.6418844608633546,both_correct
68035ef577659825f7dd7421477d60d793849ad60ac4bcdc030e232a3b571627,declined_card_payment,declined_card_payment,declined_card_payment,true,true,0.22184404897006407,0.29474522873511694,0.19186609747954514,0.2320353566561135,both_correct
6804ad6bab7d9d0f3d0c31e27dd27becd5783f39aace5db5d1c6fa4d58bc409b,card_linking,card_linking,card_linking,true,true,0.18397225788155883,0.30680535335040204,0.09568012304618971,0.06243873586480178,both_correct
68119b01c53edbd2dbfad8dd345476e4754db91928d8c19e33dfffbd28120612,cash_withdrawal_not_recognised,cash_withdrawal_not_recognised,wrong_amount_of_cash_received,true,false,0.2546478030476408,0.2887375895724985,0.12111858784494428,0.07255944623921284,lexical_correct_semantic_wrong
6826985c83b1dcb35baf0345eaf2955bc3500153cb62afe412f319abbf205a01,lost_or_stolen_phone,lost_or_stolen_phone,lost_or_stolen_phone,true,true,0.9267957906030364,0.9027603631087785,0.9230147978803325,0.8903482884803608,both_correct
683f72c019af1f8dfd6eda7f53496ad4bac618f02d157d6ab62a832a0dbceecf,activate_my_card,activate_my_card,activate_my_card,true,true,0.7309123657466011,0.891568660858397,0.701082857917351,0.8394365891353022,both_correct
689d251e2ef16f1e7fb2658ce2bdb39d3fcec19f0070896ccd73e104698953d5,topping_up_by_card,topping_up_by_card,topping_up_by_card,true,true,0.506522078236436,0.39786047913570033,0.42419418312018753,0.21320033646293227,both_correct
68c8f8c30f11241534e2efb38be5c4570da9a281b3a794747445325ed04f1b0e,get_disposable_virtual_card,get_disposable_virtual_card,get_disposable_virtual_card,true,true,0.3825184359687611,0.6680399989359799,0.23424099455199765,0.5489785717346505,both_correct
68d00a12b81e0a7ce584e12da21322b827251d1555cdd2413bfe6c5663f83a88,atm_support,atm_support,atm_support,true,true,0.5451865500594728,0.2646395935162024,0.4463096629984221,0.05975782409940597,both_correct
68d4bfd02290cc576ce52f057973039734767d4b6c8b4a321b3e1211aa667f74,card_linking,card_linking,card_linking,true,true,0.26001109227388475,0.6654056164301617,0.19315143278954625,0.5339427199444985,both_correct
68d533a30b7d7f2b03121b120d55082347d4aba2bc88017a431a4252727599dd,apple_pay_or_google_pay,apple_pay_or_google_pay,apple_pay_or_google_pay,true,true,0.7527743500788767,0.8549578230570465,0.725803975377325,0.8284864640938484,both_correct
68d7f3407cbc25f9c610d4930ff15d298ca1f8f496fa4673082a274c9009c439,getting_virtual_card,getting_virtual_card,getting_virtual_card,true,true,0.7641803442585995,0.8532898062533079,0.7348793891481157,0.8159791674599023,both_correct
68dafb40a3e852e74315a64d8df5840ba8bf154bc21c8931832f06d5a2623c29,age_limit,age_limit,age_limit,true,true,0.2760964987726815,0.8979914155969797,0.24674530050794716,0.8851224214126565,both_correct
6916f74e65e332b1046013eeca05b77e17a139a9d324f3e92b86098537a858f0,card_not_working,card_not_working,card_not_working,true,true,0.3350157504751959,0.5652888585796177,0.2644540840770403,0.501925393634171,both_correct
69192b6072c8d8326969921d6cf2d67da7e3c85400bdc5e29398852a18c0204e,transfer_into_account,transfer_into_account,transfer_into_account,true,true,0.8842319954413516,0.9027824032857233,0.8507304589017108,0.8884889817440798,both_correct
6935557012d6dc370d54ff64af1c6a7e860acf26f752f8816d8327aaae9b962e,unable_to_verify_identity,unable_to_verify_identity,unable_to_verify_identity,true,true,0.6324751677774224,0.7601817566570257,0.6106662913142084,0.6808520054366611,both_correct
694dbae874f4b2c731e53e93e5e6d2ff6d211f75f7b02c88e81147fe08c50ad3,balance_not_updated_after_bank_transfer,balance_not_updated_after_bank_transfer,balance_not_updated_after_bank_transfer,true,true,0.6787360508222021,0.7545304570351387,0.6454921474411617,0.7340330694110547,both_correct
69536c9eb39c8f976eb95c28970d6424d902f98dd932592ee70cea05db7ecaca,unable_to_verify_identity,unable_to_verify_identity,unable_to_verify_identity,true,true,0.6510642221235046,0.6535238647640257,0.577815835496464,0.552653769059684,both_correct
696f240b122e6eb4f64a43e7e48e153919232e7f6ee5632045448beb6b1baf2d,failed_transfer,failed_transfer,failed_transfer,true,true,0.7854112869861603,0.8201454043430477,0.7593606635040123,0.7471222373328419,both_correct
6971887bf11b6330808c2cf36d8d8293f14d1629bb64459f3410a752539e3b06,passcode_forgotten,passcode_forgotten,passcode_forgotten,true,true,0.981370473207396,0.8151331605667083,0.9806480164086637,0.7970988547268638,both_correct
699c3e2af1698a3b514d19b0c9f01951cf1a4873fa7039f757c2d45719a9ab44,country_support,country_support,country_support,true,true,0.18168404874264313,0.16027943600055403,0.10993222121666617,0.002147100398040669,both_correct
69ac6fd8daca10b6227663ac930fd878c61ade3375fba5b6e937a030fd1db2b1,exchange_rate,exchange_rate,exchange_rate,true,true,0.7438862595916088,0.6495884791920084,0.6977391824427427,0.5020810142320109,both_correct
69b56ca8c767bb30240759005c581c306aedc1859e9f9415f34f92e0d82ffba6,verify_my_identity,verify_my_identity,verify_my_identity,true,true,0.7304059326941265,0.7515766926411634,0.6484606932885724,0.6232075000642081,both_correct
69dcc5078dba0faec21f11ebd4116a62bb720df9535b00a27bfd465e4f62d5bc,change_pin,change_pin,change_pin,true,true,0.660231160289314,0.8561432549457131,0.6197667680198494,0.8278187854839627,both_correct
69e33747c7add1018865fb2bacdb98e9c20b9ca348eae955605c48207962e077,receiving_money,receiving_money,receiving_money,true,true,0.5612159006649734,0.6196110696163633,0.42168997183241896,0.5426781019233253,both_correct
69f9dfe0dc6e089dad61d595488aa62c72805d6e091a18c68c8eb9fc4fe9a9ed,cancel_transfer,cancel_transfer,cancel_transfer,true,true,0.829839951983913,0.7872637635678548,0.8166022247391663,0.7538072394569019,both_correct
69fe59cc1a839c7eb1e411f02e6054a369b14449adc97a94c1df9d7796c5d329,extra_charge_on_statement,extra_charge_on_statement,extra_charge_on_statement,true,true,0.32621697529638044,0.31187648470295365,0.19429533375421984,0.13779897560743967,both_correct
6a015bf4c31d76ea2957ee7fd97cdc104132612044706462c44dfa9103090ceb,top_up_limits,top_up_limits,top_up_limits,true,true,0.5796053308770062,0.7445243185866346,0.5257718027898582,0.6821458038176382,both_correct
6a13a60d5d59c512424077f2cae8cc2c2f08890651bef43b8ff124356cb4f7ca,order_physical_card,order_physical_card,order_physical_card,true,true,0.581827794894931,0.6087519642972512,0.5121250577308172,0.5296730057036217,both_correct
6a26e7137ace56aaa9c118b88e33ee52c7ec49df612367146697be7690ad0740,receiving_money,receiving_money,receiving_money,true,true,0.4976708978720148,0.9179413683559048,0.46397791723743786,0.9021787483237687,both_correct
6a3583ed132416943b0724b5df2609fb8e18ad00aac0646e4d762d3680544336,top_up_by_bank_transfer_charge,transfer_into_account,top_up_by_bank_transfer_charge,false,true,0.30750077419644967,0.23968924699318794,0.17064462341614148,0.05579157687466976,lexical_wrong_semantic_correct
6a3d38afd8e953b8b63642703c7508931c438f606d1551d6fae68e79554b4fe9,unable_to_verify_identity,unable_to_verify_identity,unable_to_verify_identity,true,true,0.23279293551839583,0.7135237587575431,0.07231615731037805,0.6756286150033862,both_correct
6a4b0bbb9888106ee9de18d81d7a3ad19d0cb0644975f89207e93d6e1e80bc80,pending_top_up,pending_card_payment,pending_top_up,false,true,0.14077349464524214,0.7518756725939691,0.009446267928052421,0.6753849489828643,lexical_wrong_semantic_correct
6a9091dd3e39802b177eb16b90c8a04c023c237d490d198489f9ffcba824e282,card_delivery_estimate,card_delivery_estimate,card_delivery_estimate,true,true,0.3550321882060077,0.4465254689018725,0.29748058965826774,0.20414744830876336,both_correct
6a9f3a8b6b195b82fd810e83a596bffc2d0c88a5d56aeb024c37744df5813490,declined_transfer,declined_transfer,declined_transfer,true,true,0.7844164710277508,0.8036713221992271,0.7368625664782363,0.7477340688227953,both_correct
6ac42e8779a98946c562785e57ecd30ff2c05522deb8e00bb527373e4b8cb300,change_pin,change_pin,change_pin,true,true,0.8895636160353042,0.7348707024846347,0.8246773452926912,0.5542003696657434,both_correct
6ac7f4b7183d79e0ff712a072e436f59f52386868395e784f61a427602a28eb6,extra_charge_on_statement,extra_charge_on_statement,extra_charge_on_statement,true,true,0.9499362995201872,0.5932286707502183,0.9391388674005886,0.4241658838410576,both_correct
6acbcaa9b3ad29351e29a4b8a80ceee3e2ab2186547e3b89cdd8cd880f8868bb,top_up_by_bank_transfer_charge,top_up_by_bank_transfer_charge,top_up_by_bank_transfer_charge,true,true,0.5938123274860936,0.6749505669135911,0.5693618356771437,0.6445851895609558,both_correct
6ad69b51a73f9412ff2a66bd29a54b6b8293d05404f80e2f4e65afda1f4aa9dd,country_support,country_support,country_support,true,true,0.833083978287535,0.7309615448351299,0.8200739618636467,0.6595075069478832,both_correct
6ae4f2ca18be749694cefcde6e407a4b109c8be359da00b4b79b422a34c16beb,contactless_not_working,contactless_not_working,contactless_not_working,true,true,0.552211398163125,0.7096057569067579,0.5105096158149037,0.6749766446351477,both_correct
6b4b163aa65498d2ee6c4ab8c0870c70c335fffa578a2f4ae2d0861a86a26ae0,pending_top_up,pending_top_up,pending_top_up,true,true,0.4104675833570907,0.7413677282093862,0.2879823336523879,0.6827725803243346,both_correct
6b68a9c2d39d87450d8678b9d93e2a4089e9894e99e6fe3090a1530c01925cb9,age_limit,age_limit,age_limit,true,true,0.34639180495384575,0.9410062338477351,0.3086678440587064,0.9362995714743116,both_correct
6b6b619e53c122277752bc0bc82265e1dd5c5da90e3335fcef1c80e8d122acd9,activate_my_card,activate_my_card,activate_my_card,true,true,0.9125041650780762,0.9520662733764931,0.9051459355868757,0.9443855645423138,both_correct
6b8a54614591c9269be2127411384702e44d4cfb342d044a25842be63ec9d8ab,exchange_rate,exchange_rate,exchange_rate,true,true,0.5266994686990443,0.7391953925412305,0.3812260741897082,0.6668866839507165,both_correct
6bc974f138bafafb51733a92f03b2161b475b96b0cca796c3c4ef7573bfd9f64,top_up_limits,top_up_limits,top_up_limits,true,true,0.6451195009582475,0.8808982615419388,0.6002881680426057,0.8559800431489673,both_correct
6bcff1c0bd081791a85933177995ac95813e0da59f4cec3b4485d17c752f6cf9,virtual_card_not_working,virtual_card_not_working,virtual_card_not_working,true,true,0.18718699837129096,0.1743215538559842,0.04847066177492951,0.065149060871176,both_correct
6bed6cff4037164a03ae401e2397d34ff2534907a44270a2ce40478aea3c43a2,card_payment_not_recognised,extra_charge_on_statement,direct_debit_payment_not_recognised,false,false,0.47039639384593723,0.2536232121187127,0.25550586437264095,0.09002013830076294,both_wrong
6bfc4454e121cd827044e7b389f62e5810b081de6d5cfc4b413cf10ce70f363a,pending_cash_withdrawal,pending_cash_withdrawal,pending_cash_withdrawal,true,true,0.06513623030207083,0.18449622282757144,0.016946123642199842,0.02053397655552691,both_correct
6bfff3e18a18a2e7a3b1222c7eb4831764f9d1170c3f8dfcbe465e9ac1d5a68a,card_arrival,card_arrival,card_arrival,true,true,0.22085918766083826,0.323306377637881,0.04834154277032582,0.04596560740373712,both_correct
6c00ba8974d92289d1b2bdacb0c041b726cf58b8e5bfd03a94253cf8325b9a5d,card_acceptance,card_acceptance,card_acceptance,true,true,0.39318131067715767,0.6507426568722592,0.32305377615666026,0.592042512260058,both_correct
6c03d51fc35a2aa98e59dad627dd61e15058441c83f32ace9a18f064b8941566,apple_pay_or_google_pay,apple_pay_or_google_pay,apple_pay_or_google_pay,true,true,0.7866651893803308,0.8720490793943164,0.7652856582888327,0.8565188386196029,both_correct
6c16a2a880fd988d2c0cce5b1b7572015756d6263eb86668031ed38f14115f42,virtual_card_not_working,get_disposable_virtual_card,get_disposable_virtual_card,false,false,0.4478087859507836,0.4845199877409629,0.14328066934079692,0.16388786201590805,both_wrong
6c1af6898f93486f3254f555c0dae270cbc395958e3a50356d75bb44dfc06a38,passcode_forgotten,passcode_forgotten,passcode_forgotten,true,true,0.7629885798884137,0.9082105615548736,0.7542246021418716,0.8903102125265117,both_correct
6c230ea174f6e79dbac39091f6a1ec12fdca45a23deb9e8037d52b3e74d52c85,getting_virtual_card,getting_virtual_card,getting_virtual_card,true,true,0.43696941173828024,0.7673060148208175,0.3832895811091046,0.7169848313353445,both_correct
6c67179a7dded3da7d31a5079ff3d8cc37c87197a3c51c7a5283542cbf2e6bcb,transfer_into_account,transfer_into_account,transfer_into_account,true,true,0.3449829944801154,0.8275439554249925,0.19967138684788277,0.8008247162866182,both_correct
6c809324dea10ccc85080673a37caa1603fd2f2c27ad499c25511d0023149fec,verify_my_identity,verify_my_identity,verify_my_identity,true,true,0.5140233250133577,0.805780087100942,0.4480906450940819,0.7409416198274024,both_correct
6c89027068b11de9bac5f42ac43220904e1e4c3666baf920b819d9e1983be94a,declined_card_payment,declined_card_payment,declined_card_payment,true,true,0.8960465771898795,0.7239810101193581,0.8560439256977835,0.6492198184087581,both_correct
6c9e7557363c31195a37f561afb95bfd3341358e9dbc003f8663c915ceadcd56,balance_not_updated_after_cheque_or_cash_deposit,balance_not_updated_after_cheque_or_cash_deposit,balance_not_updated_after_cheque_or_cash_deposit,true,true,0.8144538966465354,0.8814356827476836,0.7851674943261814,0.8567408069012714,both_correct
6c9f8aebac5330a14496afe8f73b8f5efcb3d156f4d568388055b6c66d382f10,lost_or_stolen_phone,lost_or_stolen_phone,lost_or_stolen_phone,true,true,0.9677038183058805,0.9384805940307835,0.9559581743956029,0.9194506132844407,both_correct
6ca1c45f5bf8678798a64498ea66e8c5f05e2af651902ffcdfb5b9457b8f2c8f,card_payment_not_recognised,card_payment_not_recognised,card_payment_not_recognised,true,true,0.37482808824221486,0.6398027799202235,0.28766734024252305,0.5670066840502886,both_correct
6cbe25f04392151bdd4134034edf6b98f06c9ac7ebd72f92fe1ece178ca22aea,top_up_reverted,top_up_reverted,top_up_reverted,true,true,0.6912718227867855,0.738722337446007,0.6214567051584626,0.6353326393917534,both_correct
6cd8e3a53463932aa58cb803405da1cefa3533459b4c046d864c261a932bde24,top_up_by_bank_transfer_charge,transfer_into_account,top_up_by_bank_transfer_charge,false,true,0.38713785274360446,0.6459687549537254,0.1937171856651388,0.5408341946098018,lexical_wrong_semantic_correct
6cdbc99e99c165802c5ebf949b32da049b18eb26e04d906ab02244b56aabd662,getting_virtual_card,getting_virtual_card,getting_virtual_card,true,true,0.4990797122970637,0.7745162071028258,0.33639399123272307,0.7215719849611869,both_correct
6d04f5226fcf0bd00e2ffba932fc8d86e71983ba1645c7b6c0e9d5063bc464db,card_payment_not_recognised,card_payment_not_recognised,card_payment_not_recognised,true,true,0.23003795191243845,0.23446790801628095,0.15077871424173261,0.09367802526412006,both_correct
6d179127a0f55536041a3f3ae1e9257c6b1efa2186c6a78e06bd637ef2e1e9cc,exchange_via_app,exchange_via_app,exchange_via_app,true,true,0.7927160734386949,0.657037329328462,0.7327140671030293,0.5809109819968608,both_correct
6d1f28ddd9f007aa841fc6161ace1e4f1f0efda14295fda97538a955a7566c91,card_not_working,card_not_working,card_not_working,true,true,0.3435182938973787,0.8059063911570892,0.28232325160536714,0.743250043156466,both_correct
6d22d38b4cc5b1cfd8abc3208c0daa49d5a05af176411ecc66fbda865784ef3a,pending_transfer,pending_transfer,transfer_timing,true,false,0.45912841486779654,0.5487891820130795,0.32100484636948245,0.3363191522368623,lexical_correct_semantic_wrong
6d31934db387ea1e24a58da245c3e20ad4421175f0fea86bf5d3147690f9c7f2,receiving_money,receiving_money,receiving_money,true,true,0.05502793529052866,0.34889220185156994,0.009536914829086328,0.12920477015998702,both_correct
6d35bd3a0060f34b95f991e31d8b86cf5990a62aa0a53145df38a9e299932227,balance_not_updated_after_bank_transfer,transfer_timing,transfer_timing,false,false,0.3422832994016147,0.5268971102177995,0.210268976017637,0.29854941120794926,both_wrong
6d5340187ac917751e00f3155fbbc6a4f8d8001814cf1c3ddfcebf09dda459f9,card_delivery_estimate,card_delivery_estimate,card_delivery_estimate,true,true,0.615167157637633,0.6985752132959526,0.5743607692086219,0.5287762061916987,both_correct
6d671c3872c618a48d6f36b702ebdd280527ae669e0ea68fb276a17e0a0b6d60,beneficiary_not_allowed,beneficiary_not_allowed,beneficiary_not_allowed,true,true,0.17638727873764345,0.39344666065257006,0.07681436975489703,0.12182530042162265,both_correct
6d8f8e80b0b27d9a07bda633e865785026df0b00340d0201ba53d8f3000f880c,topping_up_by_card,topping_up_by_card,topping_up_by_card,true,true,0.6856813803139514,0.7774592899674805,0.6495627741515442,0.7544993801956352,both_correct
6db819454c2fc2f8c14c6838ac025256e3944cf02b52d464646c700baca5b821,transfer_fee_charged,transfer_fee_charged,transfer_fee_charged,true,true,0.8283090631606119,0.8937564918045975,0.7769885581301283,0.8693875194984045,both_correct
6dcd8fd100a1aa90a74f7f2e93391d74f318fb2770d39e04fd4e2f6c696fdb27,exchange_via_app,exchange_via_app,exchange_via_app,true,true,0.3767696850550861,0.3273645614046296,0.06384847241647407,0.1425036010621214,both_correct
6e019ecfbbd758b00a5347f5d907db43450c2447c4f07ace9d55640d5b08a751,get_physical_card,get_physical_card,get_physical_card,true,true,0.41654352937585637,0.7750856089225722,0.33189312957358985,0.7444649233833995,both_correct
6e11b41a9d4cdf5bf03c6ff1db8a80b4ffcc0c6a1119e2f301d9f560491d9b10,card_swallowed,card_swallowed,card_swallowed,true,true,0.4875555449875244,0.5636229377208517,0.3048306951026211,0.44320837151007086,both_correct
6e17805bd9dca0cda9773316b1ac219f80f66b6d8b47ee14000f2636c4292bcd,virtual_card_not_working,get_disposable_virtual_card,virtual_card_not_working,false,true,0.5259780792564861,0.535529233825067,0.29938510290095144,0.3171016693594677,lexical_wrong_semantic_correct
6e1d86c073245fa589a5477816ef1f83caead67d7b5ec44103080c4b0afb75df,request_refund,request_refund,request_refund,true,true,0.6189571506224248,0.731933668057235,0.562931656652983,0.6345735753868502,both_correct
6e3907b029d1c83e449bd834a5e989b38daa290c1ebacaab1587c23673c9ae50,lost_or_stolen_phone,lost_or_stolen_phone,lost_or_stolen_phone,true,true,0.14517296272684974,0.8022481852347217,0.04266562311335871,0.7688761187652546,both_correct
6e47f78f0f8be2804ed48fe28d9d321aa8e6057f70bb967a82c88ed3f929cae0,visa_or_mastercard,visa_or_mastercard,visa_or_mastercard,true,true,0.861969505668193,0.8885509513777542,0.8569408823956487,0.8744955572890807,both_correct
6e4ed6037c613a38a24380135a08338290eb242164b14d5ba8935a2a991afc87,exchange_charge,exchange_charge,exchange_via_app,true,false,0.3674442189376664,0.3126794353092738,0.2766038427043867,0.01077476195950805,lexical_correct_semantic_wrong
6e5940e50e09448655986e0c22dc68f94295c7a57d4fcc84bb4cd1695b7d04a9,pending_transfer,pending_transfer,pending_transfer,true,true,0.7684827792122336,0.7982533405196169,0.7204320168630456,0.7598636348845205,both_correct
6e68f61f36b14a125ed8b0414df56ecff799b6da89d66e17ed1a3319711a9ef5,pending_cash_withdrawal,cash_withdrawal_not_recognised,cash_withdrawal_not_recognised,false,false,0.3731599612176287,0.23608816548958972,0.24625643720122264,0.04877998914268833,both_wrong
6e961f7e8f0f65c5684c8b782ed2410129446d15218a2f1726c807bd4d28668d,pin_blocked,get_physical_card,get_physical_card,false,false,0.34219567916245164,0.8111690625105488,0.1931796538217731,0.7480326156946139,both_wrong
6e9a5ed2917c85686cf12a350a5d04a2e3b71cb8eddf6c06154b5e3a664c13c9,lost_or_stolen_card,lost_or_stolen_card,lost_or_stolen_card,true,true,0.5459218482152971,0.5551680578259923,0.5010311584281022,0.4103267795150366,both_correct
6f05b00a9f71c80165180a23a486d43032bf799c056be811905d4ec2887517c7,top_up_by_card_charge,top_up_by_card_charge,top_up_by_card_charge,true,true,0.565918331165125,0.6374934694738521,0.4805263388344418,0.49131079479387724,both_correct
6f15f5fdaffc0aec4d059f697d32573ecdef581d3edb1141b396943feda05bd9,top_up_by_bank_transfer_charge,top_up_by_bank_transfer_charge,top_up_by_bank_transfer_charge,true,true,0.6648308609207546,0.7196969314596912,0.5718712620205085,0.5905726858955431,both_correct
6f491d7fccb693a64d8c374bf0098e2e196fdc1ccde3a3494bd747b0ba45690a,unable_to_verify_identity,unable_to_verify_identity,unable_to_verify_identity,true,true,0.49047306816897507,0.710064011841703,0.37105607675423125,0.6085828468080554,both_correct
6f58d2c7388eedfeb40ffc6ea93435c56cfb44ef492aac312165d23447b929bb,compromised_card,compromised_card,age_limit,true,false,0.10550837875573846,0.13945539253420905,0.05979261610800403,0.02915486963792413,lexical_correct_semantic_wrong
6f819c9a8d917ba98e306fb769c35a58852e73f91d913c48cf9da928aa2b01f8,disposable_card_limits,disposable_card_limits,disposable_card_limits,true,true,0.5645994171553824,0.7002822309630228,0.3257640072913203,0.5825388355211716,both_correct
6f89e6bff5c2ffd97b933ac887ce5f9742cb0ad0b4cca480a6a8ddc3c08a7c53,transfer_timing,transfer_timing,transfer_timing,true,true,0.5753734647977194,0.5794700694094903,0.49974709718502025,0.3859050233310036,both_correct
6f9c4971ad3560d366d98625949a60a91749c749a0c617d1797bcc9bcde7af6f,age_limit,age_limit,age_limit,true,true,0.26902256349587417,0.7449536941708944,0.19718531673482517,0.7117240592047984,both_correct
6fb4c63dc6190cd95040181ff40068a7e6cb9e5b98c1df8720297844ad524d0d,exchange_rate,exchange_rate,exchange_rate,true,true,0.4946867310398525,0.707661092025489,0.2951799615609445,0.5929994019729777,both_correct
6fbcf53b437e4e3136df1aa16ead0cee52908a016b24bf21b733de97a80a6e0f,supported_cards_and_currencies,supported_cards_and_currencies,supported_cards_and_currencies,true,true,0.853287267840637,0.820119519195023,0.8400085270379274,0.787693880861347,both_correct
6fc0cf7f28f6b8c3b092b63df8925634bc6f1f4e0bd06872b4bc1dcd8dc34f36,exchange_via_app,exchange_via_app,exchange_via_app,true,true,0.44455208779130234,0.649165895305363,0.30341331106795466,0.5643082751867974,both_correct
6fd387a959060596bd4f8b4c089ba6321182009796aafad136a5f1782cc6791f,card_arrival,card_arrival,card_arrival,true,true,0.40146455449881135,0.7920828146040595,0.36350707844018315,0.7640326754942932,both_correct
6fdecbd7ea8da295d9ffe348d67a48046159ab42e67b5aaeb15b36a97200ea13,top_up_failed,top_up_failed,top_up_failed,true,true,0.37514279096101616,0.3263851873548973,0.14978917267498199,0.02082772149710982,both_correct
6ff597167ece744023cadda56925b4557998bac4cfda80ef7f6b5415272e70f4,topping_up_by_card,topping_up_by_card,topping_up_by_card,true,true,0.509278882865596,0.5559378058777084,0.4325365240757164,0.45957416041995836,both_correct
6ff795b0311829ce884f15ebf7ee145dd52e1e5456a6df8f5749af3d035204ae,fiat_currency_support,exchange_via_app,exchange_via_app,false,false,0.48535067129876913,0.4815447492733666,0.17694414067934133,0.2672643667976652,both_wrong
6ff7da45af79616631c33d802056e7a2ee7ce29844c31ed6301d663b42849563,cancel_transfer,cancel_transfer,cancel_transfer,true,true,0.11099138969757226,0.8820550822730754,0.015301202047506873,0.8606885785371726,both_correct
703cdfba6f63fbc750b632419eeaf0886701fc3fa5a167cfb8885a3b4429b8a6,card_payment_not_recognised,card_payment_not_recognised,card_payment_not_recognised,true,true,0.5891737017461843,0.5417895774124941,0.5242887546237245,0.44264040341682465,both_correct
704f6f217488aec51126c68e5d4957dff5e74477ed37f143fc1f71ef6426008b,supported_cards_and_currencies,supported_cards_and_currencies,getting_spare_card,true,false,0.2913314520698817,0.4450498766645394,0.1753424053457454,0.2763398783666506,lexical_correct_semantic_wrong
705d564c0d5917f1d7a1c69b62f4a23a6d1688e6198beef8092a2538ce94bfd8,direct_debit_payment_not_recognised,direct_debit_payment_not_recognised,direct_debit_payment_not_recognised,true,true,0.22823386757752026,0.6856558337191303,0.17791873984384596,0.597200123788242,both_correct
708b0b95b80e43ad8ef4653522c59ca9a18c1be7fce2f8f8108bac6c8db56a05,transaction_charged_twice,transaction_charged_twice,transaction_charged_twice,true,true,0.5056547175215935,0.80999199706786,0.482232795217559,0.7479499097046018,both_correct
708f647235a99f6a9233f60f3c36cc5f8919051983b29562a210dfd72fb8a31a,card_delivery_estimate,country_support,card_delivery_estimate,false,true,0.12717590125844586,0.3137437250034315,0.07453314873716421,0.2520573669437718,lexical_wrong_semantic_correct
70913f8aa2d84930b3ba3ce38a8fe0eeaecd76f3db7fc017a60cf66687c317a5,cash_withdrawal_not_recognised,cash_withdrawal_not_recognised,cash_withdrawal_not_recognised,true,true,0.48648786790925846,0.8164759413767049,0.4150550694250595,0.7703885407749663,both_correct
7097c6c988a48390554252861e9d233d5cbf7220ca2e3f889b7c0f1b6858c802,passcode_forgotten,passcode_forgotten,passcode_forgotten,true,true,0.681373911974112,0.7454299834866889,0.6167542258165151,0.6798727160095936,both_correct
70bcb78363ee27bdf96e93afdea5aa21a38dce7b05aecd913e6157323d402218,getting_virtual_card,getting_virtual_card,getting_virtual_card,true,true,0.7666548065846164,0.8357410665831633,0.7300752322774007,0.7767789068763707,both_correct
70c4dc7fc2e49070592e3a51f8ee4537903932c12a3d54c61bbed841763c9399,lost_or_stolen_phone,lost_or_stolen_phone,lost_or_stolen_phone,true,true,0.8057952083269778,0.8051208326426502,0.795616618664373,0.7870659124939197,both_correct
70fb42f53e2dca0991a60bc5e7e006d5dc93f8e509ef9b13de145eecfae538b3,Refund_not_showing_up,Refund_not_showing_up,request_refund,true,false,0.7794107975464526,0.6170821244591613,0.7415176390840179,0.3018384865033138,lexical_correct_semantic_wrong
7108b2b29fc19648a76416771b42cb286276086814fb3125e1bc4c9432fba333,lost_or_stolen_card,lost_or_stolen_card,lost_or_stolen_card,true,true,0.5754460144703165,0.5200791803509471,0.5351230610515083,0.4501197056033678,both_correct
710b62a63659aab7e8e4aa57e37dafd16b30aa5deb24f138a154d6d30e27db9c,exchange_rate,exchange_rate,exchange_rate,true,true,0.6639336371219045,0.5149305341637858,0.6103713310886136,0.3726763700139166,both_correct
7123545cb13148c3166fe25f24a2aa7388a8d763d943cc03fe9a9f69eccfad1c,card_acceptance,card_acceptance,card_acceptance,true,true,0.14465198869307555,0.2991545700723288,0.0622219597502614,0.14574026737334767,both_correct
714d10dffb02c12a5865407c881c015b98857ef846fc003c10e4ad6993d04444,contactless_not_working,card_not_working,contactless_not_working,false,true,0.14772421004321717,0.6290338537883035,0.04532613237880845,0.574863444951508,lexical_wrong_semantic_correct
714e38f5bf307e6b27ccbe04d29c18e6b9f53c3e1a1c070e3ece53767bcc9abe,atm_support,cash_withdrawal_not_recognised,atm_support,false,true,0.1769903263033488,0.3350501113046482,0.008856653688903704,0.16207214852166016,lexical_wrong_semantic_correct
71501a04c31704c4ca7aaace691034fc38ad2ee7acfc7eec9498daeed0d0fdbf,lost_or_stolen_card,card_not_working,card_arrival,false,false,0.05324825067080542,0.22492553137658622,0.010023096054706276,0.05160142313292013,both_wrong
7193fd22026766547e39ef1c80faec5a3ca6db0e24a68217e372e3964f346743,activate_my_card,activate_my_card,activate_my_card,true,true,0.9415350004173781,0.8315683790596738,0.9364672508129276,0.7765903547869232,both_correct
71a532d0a1f2edb793e5546f9432a8559352c81398d14af561de7730585a86e1,card_payment_fee_charged,card_payment_fee_charged,card_payment_fee_charged,true,true,0.9533072707421182,0.8972514362452803,0.9360168381432489,0.8728727399551384,both_correct
71e74bec07ff7072ef18b2ca8b8355aadd4cc7e91e27a0c62b03d43f20e51462,cancel_transfer,cancel_transfer,cancel_transfer,true,true,0.9509566673911691,0.8151928755781589,0.9458417785056161,0.7878098506487051,both_correct
71eee5d8a8e005e3e881c13513f012a48567495662a0e6b5ebeba37ae94ce08c,direct_debit_payment_not_recognised,extra_charge_on_statement,card_payment_not_recognised,false,false,0.13625406528214645,0.15687963890048892,0.02989635532158974,0.007688910529334597,both_wrong
722d1c420b6b51b35f258c5e4a3c4fe81a70b6edda4b690b5061b63542a1e71a,cash_withdrawal_charge,extra_charge_on_statement,cash_withdrawal_charge,false,true,0.2822762650928601,0.7341174948803202,0.05804231197019141,0.6913085235614443,lexical_wrong_semantic_correct
7240cab6d3a4b95afb6abe7f580f723027ab6627d240e69a47c3d8b606862acc,edit_personal_details,edit_personal_details,edit_personal_details,true,true,0.25723579589871476,0.7198374981875737,0.2285837207281898,0.6990867886966733,both_correct
725a26edaaf67b7dc68050c885de6c61cbdf505a42a4ed4510ef304ad174f38f,reverted_card_payment?,card_payment_not_recognised,declined_card_payment,false,false,0.061477490868397856,0.10682568589063289,0.017728164340135417,0.009029682984647625,both_wrong
725cd5f44987b44f61d2a9be605c301f52e3c0de2d55de2d0829b185172ae659,top_up_limits,top_up_limits,top_up_limits,true,true,0.699317728107288,0.8041249210872696,0.6718269967851513,0.7610939439997513,both_correct
726118588c8f7ebcdd6c1f47523876c28f2b7addc12addb52973e4a3674776bc,change_pin,change_pin,change_pin,true,true,0.8560360298371656,0.8342953523137503,0.8245780623500097,0.7818999101062089,both_correct
727574f7a5ba3cbf90d0bf54f96bc028e35b6a9c344694c5711b14237ef04150,contactless_not_working,contactless_not_working,contactless_not_working,true,true,0.3041218834843458,0.3852861397766767,0.2621391790719218,0.2581471533552816,both_correct
7291f793738d97c174095d501d40867a97b721ca944eef1e374c19dfb32217fe,exchange_charge,exchange_charge,exchange_charge,true,true,0.15611614304828006,0.6467104944175027,0.06875839815912986,0.5818122707173842,both_correct
7299fb4d9c76b0dce5c18c8de475a1a61203b3c284704858c4c93b75a6561e04,top_up_limits,top_up_limits,top_up_limits,true,true,0.8902527672267306,0.8865406301943872,0.8807447078806607,0.8635764627593122,both_correct
729a8a3bb2de38836fd69c754fa877864ea491ade702542de491e43527fb1876,transfer_timing,transfer_timing,transfer_timing,true,true,0.8951271810672327,0.8702477987013435,0.8672075878499523,0.8421479675398503,both_correct
729e2c06202a3b55139be001bd879cbcfd4dfb58a438b9e99cf88fc5c69914af,card_payment_wrong_exchange_rate,card_payment_wrong_exchange_rate,card_payment_wrong_exchange_rate,true,true,0.8812277576570837,0.8191120924702053,0.796819674537153,0.6945275065596015,both_correct
72bb77cb14264563bacff12dbabf215a09eff2c5e1aab7b4cedb8af11fb12549,card_delivery_estimate,card_delivery_estimate,card_delivery_estimate,true,true,0.13052497835578156,0.4480640854122372,0.0811780458964272,0.39333693033461387,both_correct
72c044733737931df2b4b7735edd06e0ab77fc8e0534d7cf91351e977dd2e4b7,exchange_rate,exchange_rate,exchange_rate,true,true,0.7886508426285651,0.9027325077757823,0.7759387221621267,0.8670898614891256,both_correct
72c8bacbe9e24b966cc09773c598e163616564eefd749f3a95032fce38d23bcc,cancel_transfer,cancel_transfer,cancel_transfer,true,true,0.4862080923026365,0.802047511380095,0.43572031893649416,0.7723108206228895,both_correct
72e19b0023e2c712c1ce984dc37590603b1a92fac7f1fe299094de244d2c68cf,transfer_fee_charged,transfer_fee_charged,card_payment_wrong_exchange_rate,true,false,0.11883264260250462,0.1673708992405261,0.030117230763050062,0.014475598270094925,lexical_correct_semantic_wrong
72f7e3c98a92379d146fe0da86c0880bcb67de0566caed279346862216264ae8,beneficiary_not_allowed,pin_blocked,failed_transfer,false,false,0.09346154907014545,0.3217242330379784,0.0033693253036975457,0.1819851040892426,both_wrong
73022671e6111516cb9f73448d51ade35cb14f2ece30c8cf37aaaa5709592a74,edit_personal_details,edit_personal_details,edit_personal_details,true,true,0.5713291455552445,0.9390571370675143,0.4627781633509828,0.9328155083970717,both_correct
731b15ff844edd6ccb4d7c88e6927cae8e2ed689ac030071421e565eb2ca4a69,verify_top_up,verify_top_up,verify_top_up,true,true,0.26268132711274583,0.7538065791928277,0.2062663737320695,0.6990266673610718,both_correct
7324f74da5966909fd57cc6fa07ca866fa2ed4277ac3d86ae199a7d48c1ce997,top_up_by_card_charge,top_up_by_card_charge,top_up_by_card_charge,true,true,0.6503428290066091,0.7634652470198224,0.6191853075965049,0.7225764190338797,both_correct
734f64e0f586facdd12ebf8c387f10c7c3ae38fdb7beba507bae2289ad35aa0e,cash_withdrawal_not_recognised,card_payment_not_recognised,cash_withdrawal_not_recognised,false,true,0.2621771215407604,0.38607908872264673,0.03526882509600052,0.21829016080841593,lexical_wrong_semantic_correct
73772e980e24fe421e7934441f755f2eeb69926bf75c20acb95e3fff2a90a991,pending_card_payment,card_payment_not_recognised,reverted_card_payment?,false,false,0.23430863282686754,0.12032034147981877,0.03255127454237455,0.025937019002600523,both_wrong
73829e9d7e3977c2f2a437d60a7dcc991bec680c08e438edcf22cb64f5a28d56,verify_top_up,verify_top_up,verify_top_up,true,true,0.4911028177389717,0.6698204208985954,0.4446786604257377,0.5949425878206707,both_correct
738fa62226eca46c0224d7936f364e0a1ad8e78172fd69deba08293422005594,automatic_top_up,card_payment_not_recognised,topping_up_by_card,false,false,0.09448651272165406,0.06353645336999926,0.03285959149564468,0.01220041669520188,both_wrong
7397fe3f4d72e3b99f89f49016fcaa7f6a53aaeaff18714fe554f241b62d6539,declined_transfer,declined_transfer,declined_transfer,true,true,0.8443721097818953,0.8822357549119354,0.8159993463747662,0.8497307688364524,both_correct
73acb510bfd20b0190320731f1ec76be66f01caedc53869f6b6907461cd07ce6,balance_not_updated_after_cheque_or_cash_deposit,balance_not_updated_after_cheque_or_cash_deposit,balance_not_updated_after_cheque_or_cash_deposit,true,true,0.15782140238283163,0.7262889475169202,0.09266949977870907,0.6796810118236212,both_correct
73b169b87fed2312b4129399f6c4da825327b0acab4117216f69192007ec6b17,transfer_fee_charged,transfer_fee_charged,transfer_fee_charged,true,true,0.486850684239418,0.610202402523673,0.36156908504557245,0.3536002630117559,both_correct
73b61565d8f8e399f51d3df1d057b0a0579ce2ce3ec6bdfdb56c991a2bffdf3e,declined_card_payment,declined_card_payment,declined_card_payment,true,true,0.2437258218041465,0.24477266265796652,0.1664744485933824,0.16214418556173255,both_correct
73b627b9b3b6f29d0d4a12d0f37ab9d313fdd29576195e8b8dfc25c95d0917d3,balance_not_updated_after_bank_transfer,transfer_not_received_by_recipient,balance_not_updated_after_bank_transfer,false,true,0.1533908445275249,0.25453195274396656,0.05492510471036195,0.14884031937986147,lexical_wrong_semantic_correct
73bb40965b4e2edb0ef3ff8552f6db608acb0bea8dde338f04997edbed35aaf2,balance_not_updated_after_cheque_or_cash_deposit,balance_not_updated_after_cheque_or_cash_deposit,balance_not_updated_after_cheque_or_cash_deposit,true,true,0.3545377594203088,0.686367673989219,0.2689984260989828,0.6405601655137687,both_correct
73beaa55dbd20b2df288680e614f1979f385883b2acb4cdedc7200ccc749f829,top_up_failed,top_up_failed,top_up_failed,true,true,0.6910712825234521,0.6875852153545424,0.6319035087024213,0.5428713575764954,both_correct
73d37d8c262ba897a516650fd29ee1bc0f432d304780fd02302b2a0a09040ffc,getting_virtual_card,getting_virtual_card,getting_virtual_card,true,true,0.8060112330427314,0.7393308689900254,0.7267504773074251,0.6654192865429394,both_correct
73d85878dbd878fbe7e54fb0bfde44ee42c09321cfa01973067ba593ac5bd35d,wrong_amount_of_cash_received,wrong_amount_of_cash_received,wrong_amount_of_cash_received,true,true,0.6613242874777661,0.49940814688745716,0.5787860406197957,0.42834766225757814,both_correct
73ee631878c3785ffaa4da321bbb041d5683cd777f5db84f9bb086a9438fa3e8,transfer_timing,transfer_timing,transfer_timing,true,true,0.677212054515772,0.632196488495211,0.6293580627521417,0.4932429177737926,both_correct
74202851cae82c44e6f0a58094bafc5782642d061430ee0d73460590e5df9a2f,supported_cards_and_currencies,supported_cards_and_currencies,supported_cards_and_currencies,true,true,0.6861585105610704,0.6323287719755544,0.6326470150180071,0.5092054706169039,both_correct
7421aa0e29018965a2dcb19ecf3ae5eed7f6abfe240312df13ad53d1ab0995fb,age_limit,age_limit,age_limit,true,true,0.7613271504244868,0.8222160380223129,0.7534151704500532,0.8053299858017267,both_correct
742a74108d670a08e476fa4ccd78b23606d52b931144fb9897814b823d52ae36,getting_virtual_card,getting_virtual_card,getting_virtual_card,true,true,0.538820032332357,0.8098367124889878,0.4893307310543017,0.7712929480613183,both_correct
7430748f8f246f57a45e3f1e233d9a00aff17b2a47d8f049c5a4e69f197f4d2c,unable_to_verify_identity,unable_to_verify_identity,unable_to_verify_identity,true,true,0.5760668459980283,0.7060062591920084,0.5393090126693704,0.5801134855798861,both_correct
744087f7131443fe72dad860474e63c1a0dd2782cc225020bba44805f14a26b5,why_verify_identity,why_verify_identity,why_verify_identity,true,true,0.6289933318990835,0.8117957207677883,0.5580978889632122,0.7262695839564898,both_correct
745e2e896abf685f60636b8241c92785a76adc1c1fa4af5d36bf1ca433f3f90f,verify_my_identity,verify_my_identity,verify_my_identity,true,true,0.7592016947166677,0.749250576852706,0.5920835198022534,0.6216961916828435,both_correct
747b61d271ace8ad0ee50368cfbdf5784ab352deedba69eee7d90648e58f5530,top_up_limits,top_up_limits,top_up_limits,true,true,0.9136249606877753,0.8895079097444577,0.9046933005791072,0.8659704433388697,both_correct
74a32ad4cacc49d14215e07577db10f09a7c52a849801763077f9664be9a439b,card_delivery_estimate,card_delivery_estimate,card_delivery_estimate,true,true,0.07976867249491794,0.12125609078442023,0.03355927179843608,0.050311396450777604,both_correct
74acb9006d3bdf54084f9bfccef5a1edd356cd614ed78e058a73eb1de61095f8,card_swallowed,card_swallowed,card_swallowed,true,true,0.29111254327577113,0.4173809439204792,0.2608227600177723,0.3353647274056748,both_correct
74b0e93a31b8ef50aa4067a08f0d669d51d7e7cd008a89910f1036bb83e482b3,cash_withdrawal_not_recognised,cash_withdrawal_not_recognised,wrong_amount_of_cash_received,true,false,0.604733633845732,0.3181284568078448,0.4827664375931014,0.05944973871868958,lexical_correct_semantic_wrong
74b598e920354057b80be5a8aebd97c50d27a2114c0155b5f46fe38135aeddb0,verify_source_of_funds,verify_source_of_funds,verify_source_of_funds,true,true,0.20994763605707295,0.6340775687636389,0.1458406330514499,0.611050608462588,both_correct
74c3acd3c535733c502cab92a018cd309bcb5896fc98aa97b6d6792525104135,wrong_exchange_rate_for_cash_withdrawal,wrong_exchange_rate_for_cash_withdrawal,wrong_exchange_rate_for_cash_withdrawal,true,true,0.24023766033200125,0.3933646421856468,0.12063846092997708,0.05130396587112157,both_correct
750c2524258b5f6b158796c80585db6282c9368fc800908a8b0260a586f9cecf,visa_or_mastercard,visa_or_mastercard,visa_or_mastercard,true,true,0.8755454975009074,0.9087141241770869,0.8703118617104157,0.8940829827242569,both_correct
75122badf70a5cc0f28488c7289868f8d21c316dbba34333ff1c73403560932c,passcode_forgotten,passcode_forgotten,passcode_forgotten,true,true,0.6867073634027151,0.9196075007407682,0.6746840812736437,0.8980741448672174,both_correct
751f8a24e4490ed5fbb2929ce0ca87962300a71e853d9d9459debafa9273f30a,receiving_money,receiving_money,receiving_money,true,true,0.8991085457007323,0.9153674406967679,0.8934957986215856,0.9048909700778115,both_correct
752971d0232788f9eb3df1c4860697e3733e96a2073886049bbbcc98a054e844,pending_transfer,pending_transfer,pending_transfer,true,true,0.17252393252889955,0.7340252963661202,0.04606525912493595,0.6996103303239583,both_correct
75316b9f46e6ebadbb98249e68a9224a430a200f1eefe73ce5f50554e5d241a3,card_payment_not_recognised,card_payment_not_recognised,card_payment_not_recognised,true,true,0.29357868296699735,0.19011870215135163,0.06996702054814335,0.05445928493034721,both_correct
7548b385ea4c5f71bf9e7d7ac1a2e0d21a63215a1aa025fb1bd785e8363aa618,declined_cash_withdrawal,declined_cash_withdrawal,declined_cash_withdrawal,true,true,0.1947897981784276,0.5862665768926054,0.13266033038265806,0.5051332994061076,both_correct
7565ff7ec42ee0da6ee06c25002f04681ed7cbe4dc15fbf92e2df9e0bebb41cb,declined_cash_withdrawal,declined_cash_withdrawal,declined_cash_withdrawal,true,true,0.4164227229489801,0.6344040335784247,0.32760691600145875,0.533765425049133,both_correct
757c58914fab0c9f9306b2ddef19613156e36c8c16c670dc7ac5b3ce15c8db07,wrong_exchange_rate_for_cash_withdrawal,wrong_exchange_rate_for_cash_withdrawal,wrong_exchange_rate_for_cash_withdrawal,true,true,0.9079715161219171,0.8573063227998867,0.8514224786565593,0.7846308800298689,both_correct
75a92a687fd47bd38dcdef7af7b27c830e6c302de47adc441677bea91f847cd9,pending_card_payment,pending_card_payment,pending_card_payment,true,true,0.9625851572530303,0.9146573041098724,0.9531969344465709,0.8967927195750357,both_correct
75abedd085ca2c9b1080c8ad11b5d09e05c7ef4b8983a6d50bb182c26f3909e1,top_up_by_card_charge,top_up_by_card_charge,top_up_by_card_charge,true,true,0.2032016926788235,0.5707382728381226,0.13073518239443782,0.4633668628039602,both_correct
75ad3ea3e70e81c158eb2d149b4decdda9006438486bc9b5ff3fa2217f2578cf,declined_card_payment,declined_card_payment,declined_card_payment,true,true,0.13841908651885582,0.25775512882512314,0.08179318153607357,0.1567619902129543,both_correct
75b2a84433a4da45786aaf0b836dc9ea50906235bcd564e97c1705de561524e3,apple_pay_or_google_pay,apple_pay_or_google_pay,apple_pay_or_google_pay,true,true,0.8958467786936848,0.8246922529320042,0.8775771138543139,0.7874157499511156,both_correct
75c9fa430407456e34390edfa347dbfd24d5fe2ebb4b3a05074b28d5f084402c,lost_or_stolen_card,lost_or_stolen_card,lost_or_stolen_card,true,true,0.47323187597092015,0.6711383441919744,0.4069238078736007,0.6229747191727528,both_correct
75cb90dd3b3397f1f905313023c8d266972bcb1e434212ff77c287e8653b8e8b,automatic_top_up,automatic_top_up,automatic_top_up,true,true,0.557963911409783,0.7502862730444813,0.5019274140569984,0.7009089674981731,both_correct
75e888cab40da376d71d7bd61ef9bc8121b7369c2c50fbf2b1f517eb5e08590d,pending_card_payment,pending_card_payment,pending_card_payment,true,true,0.6240559747920743,0.835949436309472,0.5792398942458274,0.7984468595413248,both_correct
75f3cbe4b6098de9d998cdf8f586e87d2a312c683d7a41c18a2227f7cc3af048,unable_to_verify_identity,unable_to_verify_identity,unable_to_verify_identity,true,true,0.12798868042417796,0.26874886219307015,0.08878886886632273,0.09353439001578043,both_correct
75fabbfd0d9762f56b1e5a6eace1846aa4ac2b684639834bdef8da36764c121b,exchange_charge,exchange_charge,exchange_charge,true,true,0.8253601288624847,0.8730264714657562,0.8015131524214696,0.8487212506907795,both_correct
76069c3154178dcf556edab4f32ccc44c9d993ddd584973043cb16129f488ff9,lost_or_stolen_phone,lost_or_stolen_phone,lost_or_stolen_phone,true,true,0.6772811750224211,0.9290944444477655,0.545082388805815,0.9093749030553825,both_correct
7609d33a9daa69d85d96f977cc1ef654eba90ea8d2eea78227ea201ba807e5d7,compromised_card,why_verify_identity,compromised_card,false,true,0.15222707489203816,0.14067934449436778,0.029608236744763705,0.011988664685222,lexical_wrong_semantic_correct
761be6aa8f948942ec237578b17c1cfef84c230f7f8bb19d8c788d483b5be03e,automatic_top_up,automatic_top_up,automatic_top_up,true,true,0.6346174459919386,0.9306287135725724,0.6098170231401484,0.9140777050495418,both_correct
76208498c7ded87570c7bda71e41666345e18e948f5ab62a0a79b75ea91d8364,topping_up_by_card,topping_up_by_card,topping_up_by_card,true,true,0.08927280074716683,0.4302529878257762,0.02930108757941228,0.38253953820121356,both_correct
762fad399cb0fdc81a8bcfe3c323d5697362e8e62ea6ac9cedfedf5995416600,exchange_via_app,exchange_charge,exchange_via_app,false,true,0.19261710806961915,0.5555201356612837,0.004815565207866412,0.46405260009947746,lexical_wrong_semantic_correct
765da3450a3b5a23015531f5f0a2ea506f6f5de55ad391b9a611a0e03651f818,balance_not_updated_after_cheque_or_cash_deposit,balance_not_updated_after_cheque_or_cash_deposit,balance_not_updated_after_cheque_or_cash_deposit,true,true,0.8863321231062032,0.9655944942713196,0.8673905143459378,0.9573507704323996,both_correct
766a9bbf54a8f9836d1335c9cce3db68f552b0ec1b85238641c331938ce6da24,pending_card_payment,pending_card_payment,pending_card_payment,true,true,0.4004678652327268,0.4584763088193141,0.27267352079149154,0.2237764024348821,both_correct
76739527f83fdfe99310a20de1887f8bb391794565eb456c84a2ae1a2cfe35ca,balance_not_updated_after_cheque_or_cash_deposit,card_not_working,balance_not_updated_after_cheque_or_cash_deposit,false,true,0.052997441906652995,0.47649404611303287,0.011114449599116429,0.35892903869099874,lexical_wrong_semantic_correct
76863753866d07716354fbb39c217de32da2c404c6ec6356292e6a65e08de153,pending_transfer,transfer_not_received_by_recipient,pending_transfer,false,true,0.17404222043285908,0.27240040616926026,0.04370008325742977,0.09808905418072777,lexical_wrong_semantic_correct
76c3d7d45005489439e4e8cfa9c787e0333cd050581b50f1309a63bd182bf12c,pending_cash_withdrawal,pending_cash_withdrawal,pending_cash_withdrawal,true,true,0.5463471426370199,0.8869424891941671,0.46521115491822795,0.8632818165730058,both_correct
76d71ff83f41a9cca5477c830b4999ab963362ed2ddfd6578ade12fa7dc0e9f9,apple_pay_or_google_pay,apple_pay_or_google_pay,apple_pay_or_google_pay,true,true,0.9694392770484979,0.9269375336652538,0.9636827024032706,0.9149487562418771,both_correct
76e0685dab6e8b8503993ca1484ac1be8530687053b246260cba89b3c2e8e174,card_about_to_expire,card_about_to_expire,card_about_to_expire,true,true,0.1309931689991415,0.19815887505390314,0.07176331004709,0.0607654120456875,both_correct
76e85415a761a9517f8cef229df31d0b00c14558528ecefbc8131f88ddfacdc0,contactless_not_working,contactless_not_working,contactless_not_working,true,true,0.3090429283696774,0.7034700572386579,0.2255308063830841,0.6636817268993943,both_correct
76fb191fb93755a061d6c34eeecff25ed189186550ca516e53de0203d3b09015,contactless_not_working,contactless_not_working,contactless_not_working,true,true,0.5879991983110288,0.26462072621488275,0.5359006390372212,0.06957964591212995,both_correct
76fbf52384f3dc79656219722899a83c5bb48eac2734da7f1cc99f3c2ce1f91d,request_refund,request_refund,request_refund,true,true,0.6818895233608284,0.7136701983073254,0.586877875895435,0.6622384398091281,both_correct
770f129dd3e408b637637f561aecba05824621843b05b33f4cbf716846ff36ab,verify_source_of_funds,verify_source_of_funds,verify_source_of_funds,true,true,0.29584192803928844,0.551563646632554,0.21601684283901595,0.5133507781230051,both_correct
771473dfaddefd31fde52750c44d93c2fed7cac941bc8a3e12144fcc6c3de601,balance_not_updated_after_bank_transfer,balance_not_updated_after_bank_transfer,balance_not_updated_after_bank_transfer,true,true,0.21094731410649742,0.5286405527661435,0.15105374183622075,0.407883564760877,both_correct
77181d3f510999c7e0fa97d27f4678a532f8808953ff87e3b0ac6db4f8fb220e,balance_not_updated_after_bank_transfer,balance_not_updated_after_bank_transfer,balance_not_updated_after_bank_transfer,true,true,0.7509509411729002,0.7060002151366815,0.7204057643493521,0.6484798054063274,both_correct
77194b47468676fc932a990343ba3b4f8f059cfe1283462760836a8e8f05b934,declined_cash_withdrawal,declined_cash_withdrawal,declined_cash_withdrawal,true,true,0.46969758018938707,0.521982743474365,0.18196374109924157,0.3510761088899651,both_correct
774a273aec906db4cf51088ad532d21463104a44b2f40f68909d6e68b61972bf,transfer_not_received_by_recipient,transfer_not_received_by_recipient,transfer_not_received_by_recipient,true,true,0.5068755550987146,0.8567455135860923,0.46930299043640006,0.8302346331364893,both_correct
77523df3260ee72641f6f8b2a91b1fbe45f31b3e4c5dc29d17f2194ef48361e5,card_payment_wrong_exchange_rate,card_payment_wrong_exchange_rate,card_payment_wrong_exchange_rate,true,true,0.8494199042319224,0.9179094047629672,0.8064187903435753,0.877465302175689,both_correct
7775c93e24ef3bb32f7142a3ad633b9ed438ba66e88caab9aa5eb4a997ff0349,card_not_working,card_not_working,card_not_working,true,true,0.47688169492236876,0.487666083822913,0.4459050506301284,0.3625008359798597,both_correct
777e4fae9301c81b9f99a37726e0b159dafdef35ebb53512aadf39057cb7d89a,getting_virtual_card,getting_virtual_card,getting_virtual_card,true,true,0.7454801673948925,0.60341212516002,0.6673232046627655,0.4543872231750983,both_correct
7781352c96d77a136479d7e3b72a8abc766b617a793247cd5b45888fe82dc845,unable_to_verify_identity,verify_my_identity,unable_to_verify_identity,false,true,0.4912391696843283,0.74199747926572,0.23898220753934657,0.627905672274538,lexical_wrong_semantic_correct
7788acdb8981a2977ee314f93949ad9f3dd00a471366354e9ba835236dac47a8,card_swallowed,card_swallowed,lost_or_stolen_card,true,false,0.13338739388665638,0.20017265009139149,0.06565375440407835,0.029735323038697248,lexical_correct_semantic_wrong
780cbe7ad4d0a16215ed3ff770037e95bd03ec66615d36c9ee2012da3add44ce,terminate_account,terminate_account,terminate_account,true,true,0.7068373834729202,0.9255194535122941,0.6952120928257456,0.9160193972814342,both_correct
78228abbe61a2a09a53f01ad05f2d0278d36829737daf8e16788a600a677195f,beneficiary_not_allowed,failed_transfer,beneficiary_not_allowed,false,true,0.2295090337178355,0.28120738005537343,0.0997210795286056,0.007362671374056051,lexical_wrong_semantic_correct
782a41db9af7c9ade0ce068b76d858e5a653a87dcc7ed4d90663bf98251fd98e,change_pin,change_pin,change_pin,true,true,0.4382350985196267,0.8750080517431256,0.39191514358259716,0.8386696777063749,both_correct
7838e69866e7e48280dcfe94627073c7b735d26f463ac96646f857b451dc6f1f,transfer_timing,transfer_timing,transfer_timing,true,true,0.5831254600584744,0.8031171980059157,0.5534749419059231,0.7631499157218483,both_correct
784c9b2d549e6444a4c4f42d751ef49cd4c85b1bb5d007105b7dd9688e9b0409,fiat_currency_support,supported_cards_and_currencies,fiat_currency_support,false,true,0.1711162395092803,0.4567201088227885,0.05666377735553517,0.16866963153281278,lexical_wrong_semantic_correct
786af73031efa27688f675d4f32f3fc27397d6da9648d8be7910f84899abd174,order_physical_card,order_physical_card,order_physical_card,true,true,0.3631535412614168,0.6311749777636806,0.3364129162797321,0.5779715107971404,both_correct
7876ecd53449886dafae96465c58e6b7a44708c8f729c5057b50e772a2c6470b,request_refund,request_refund,request_refund,true,true,0.9120072448738431,0.9041069442145614,0.8799416412026916,0.8367870196082877,both_correct
78b80f0ef80960d8dcd5f98e68f1b46608cd4ab3dafc28134d018099cb911a32,exchange_via_app,exchange_via_app,exchange_via_app,true,true,0.3580083180886819,0.4629513311575559,0.2407171531459954,0.3992171733561115,both_correct
78c1c38843a6ed276b021e53b01ddc3886b69677e28220fad4a4c59401b692f3,top_up_by_card_charge,top_up_by_card_charge,top_up_by_card_charge,true,true,0.6956685943806981,0.8027304077043862,0.645639053504209,0.77791367146521,both_correct
78c369802a62d0ce9fd1683782f74a834878c0b510dfc388d0e4c0c18b70ab1d,pin_blocked,pin_blocked,pin_blocked,true,true,0.7108641890100361,0.9103855139588265,0.6475640910132905,0.8994840641304656,both_correct
78c61c225e3729b3f58bfefbe20cfe28cf3ee4cc6d373a2d7cc7cf7f3ed193bd,lost_or_stolen_card,lost_or_stolen_card,lost_or_stolen_card,true,true,0.09760529090508023,0.36800900994289587,0.049532926848156085,0.22726087887460159,both_correct
78ce8af476d6c0aa2359354fd40bf9c3a1c8125c20bd373321dcd307a5690362,verify_top_up,verify_top_up,verify_top_up,true,true,0.1938283279294185,0.6100949498323258,0.06276149983995113,0.542188337247103,both_correct
78d2b055f14348661044bcffd6447111abc89100d59a20fd55fa9b1185ced3f2,pending_top_up,pending_top_up,pending_top_up,true,true,0.2675292936856072,0.7862710153468379,0.2179922923106525,0.7463759805304607,both_correct
78d6567fc71c0f4ccb6b989f46fc8cced5e16238f4c5db9bf467b5ec3b0a4488,pending_top_up,pending_top_up,pending_top_up,true,true,0.611017247526579,0.791360541281118,0.5170664897102584,0.7494747765506357,both_correct
78eca8ed19153395e80637425f68116b031d26d28230e2b8d4267d7123a8f906,activate_my_card,activate_my_card,activate_my_card,true,true,0.8923087753483971,0.9003356975811401,0.8848716234391859,0.8797820649301695,both_correct
78f3f764dc6f84379b7f1bf7b3e36bcfbf8b0d9906903f17e19672eaa0feab14,card_payment_wrong_exchange_rate,card_payment_wrong_exchange_rate,card_payment_wrong_exchange_rate,true,true,0.7400273617221266,0.818155699903014,0.642568638201044,0.7233798384720725,both_correct
79265a1646c8c1cf48ea3bd52e8b685bcf614385877381e55d9f5961509ffac4,failed_transfer,failed_transfer,failed_transfer,true,true,0.6032109872913196,0.7277781628215539,0.5536133347418423,0.6625449713353775,both_correct
7941f147b33e3027a92bfc878a4dff8fb71f6c925cf2ce7f0968fd15a32f1458,disposable_card_limits,disposable_card_limits,disposable_card_limits,true,true,0.6673627797158643,0.8250718532268128,0.5967299527212409,0.7431992810586718,both_correct
795531542913bd6d95408962935a4e1e9d6723476a88033dd20ad7757a17c553,get_physical_card,get_physical_card,get_physical_card,true,true,0.5236955949534186,0.8250297973741697,0.45004846752493133,0.7790860621913898,both_correct
7963c9fe31d540c2279a3e7f3955ed5376a688ccd987b75376f2b9c6b4bdcfeb,pending_transfer,pending_transfer,pending_transfer,true,true,0.30823524917598455,0.6537429019086525,0.18912114586576878,0.5057293255492294,both_correct
796887911c1815f6e7323e852430854cc6a17979a88abd7d31175158275e15e8,transfer_not_received_by_recipient,transfer_not_received_by_recipient,transfer_not_received_by_recipient,true,true,0.17239700706251931,0.34411200910578144,0.11257523115790344,0.2112584567591804,both_correct
797a8c212d05b8e6a905087309e76789d7d2f737f3e8315119692afb4022afce,wrong_amount_of_cash_received,wrong_amount_of_cash_received,wrong_amount_of_cash_received,true,true,0.8129811156870076,0.6498487444313091,0.7803272348821456,0.5380395252554657,both_correct
79cc3f8cffdf55f5b5b0b3bb8a34f2bbf07659fa1227707dabe6688af1c315cf,disposable_card_limits,disposable_card_limits,disposable_card_limits,true,true,0.7902570267218708,0.9224608860641683,0.7521756226564991,0.901792143441976,both_correct
79d7dcc941876b11c209e9f46656fa3d26f567aaddf8b08e19f210acdaab5b40,fiat_currency_support,pending_card_payment,reverted_card_payment?,false,false,0.1084071035638701,0.20592572568886447,0.05237118207267373,0.01760902791353261,both_wrong
7a0d9c9dbb12383d2d275b60654b8824ae86715fc1f52a0f3f007c3db80f94a3,supported_cards_and_currencies,supported_cards_and_currencies,supported_cards_and_currencies,true,true,0.8473244841287628,0.8464473661803924,0.8350609858229358,0.8259129623069461,both_correct
7a0eab196cc8837a955615b35ab3f060df201fd84dab3b3d650af70fc8d119d7,exchange_rate,exchange_rate,exchange_rate,true,true,0.7661387373022754,0.7667590852277513,0.7465071834780812,0.7116438237903744,both_correct
7a36a122cbcc6a2b97084ab0bebd62079a1f6c00d61351c440b8f51b0e08f3b6,top_up_by_bank_transfer_charge,top_up_by_bank_transfer_charge,top_up_by_bank_transfer_charge,true,true,0.19550829698276218,0.6159725959367774,0.05926097599704705,0.5607683566862939,both_correct
7a3a478cd1906a02420713526526bb9dec28f5910865bc55213489231c4e56ef,cancel_transfer,cancel_transfer,cancel_transfer,true,true,0.37747292047320935,0.5772397589823371,0.309106256638359,0.5409531549506924,both_correct
7a43b4d70c9bf5cf9d1b4e5e60ffe0da17f9859ddcb9ed4e152c0823390c9f26,top_up_failed,declined_card_payment,declined_card_payment,false,false,0.14950028211193583,0.37053743459444927,0.047088203714654095,0.25172424875867017,both_wrong
7a76b3a376c4ef1149d51aa8977684b2c0943f00821491f78421e423ed5779cc,contactless_not_working,contactless_not_working,contactless_not_working,true,true,0.7299525767311976,0.7886425771292421,0.6884096595521192,0.7694328923762805,both_correct
7ab5b0111c4ece51f188b33766ec54d9b1bd6378732eafb717e8052b208495d9,top_up_reverted,top_up_failed,top_up_failed,false,false,0.22326466124566377,0.5241937118673891,0.11127029757611501,0.3656654885849129,both_wrong
7acf977adeb84d3a4f649febb24a3f660dfbb87381568dee18ccad68e848f6bb,balance_not_updated_after_bank_transfer,pending_transfer,pending_transfer,false,false,0.2565516989943049,0.48473430073386276,0.06773334305499104,0.3514421678656651,both_wrong
7ad15c7dac6faec1cfac12f0d6d441934e5d4d4a23ed65a317f58f240027021e,order_physical_card,order_physical_card,order_physical_card,true,true,0.19470108112424933,0.4251505645222031,0.14005019130031549,0.3600357997739375,both_correct
7aef22c8f70eadacf807b347b46bf4d9dd0b40c877415086d7e6a7a5200f4333,verify_my_identity,unable_to_verify_identity,verify_my_identity,false,true,0.4873585091744638,0.4294924138464867,0.3430441311823968,0.14375864171752073,lexical_wrong_semantic_correct
7b0684477ac161a4df38b08851c133381599ab3152de340af6540ec2f570ed62,transfer_timing,balance_not_updated_after_bank_transfer,balance_not_updated_after_bank_transfer,false,false,0.14594602601755088,0.4765591736345821,0.0026524647366559795,0.22658161687528913,both_wrong
7b0c757102eed1f67833db3f52eb41179ef07e0b573bc97b5d84a7bb9acce607,change_pin,change_pin,change_pin,true,true,0.9647116184327532,0.8511765878219324,0.9525843228776526,0.7928513720189015,both_correct
7b103f9048a181f909c842632e54b5b9a9b23fdf0fb5a31a11090d4462ba50e7,card_linking,card_linking,card_linking,true,true,0.31642247117895883,0.6920384486189555,0.26808692771612297,0.6638851807430508,both_correct
7b2317b887c6e4ac10a045608db3281759f77a3ef20da1f77ed366acc3fb7103,getting_virtual_card,getting_virtual_card,getting_virtual_card,true,true,0.8715800552329805,0.7940819938407455,0.8197970786821596,0.7278760099730851,both_correct
7b2b33ec3d1102f7f3d2db25f69eca236e7ab5b11e049583e2d267e27eda5282,cancel_transfer,cancel_transfer,cancel_transfer,true,true,0.5371846814629457,0.8400580403844183,0.49478597034433985,0.8147385813771606,both_correct
7b2d73408577d1f7e4171b226f7b85ad822b0fe9cbe5bf78a161b6d6eed6792c,transaction_charged_twice,transaction_charged_twice,transaction_charged_twice,true,true,0.3049952143683877,0.9110977833628174,0.26636892032565457,0.8773414534763925,both_correct
7b2f62bc26b5526ce5eb88ece1519e64c0dd3336469533d346dfdc9f43f965dc,top_up_reverted,top_up_reverted,top_up_reverted,true,true,0.8735560564489355,0.8212926856509604,0.8434511478351301,0.7602036078805087,both_correct
7b3a5f4bbd3a254b8ee27eb43891cbe712c472561bbad6d8a8afdab64e7c1579,change_pin,change_pin,change_pin,true,true,0.6911698140844691,0.6488581930794814,0.6481539301252148,0.5894205721647809,both_correct
7b5807d08e8a9723f9f62bebae349b151b53c14f791d7926d57e7156d37a4866,pending_card_payment,pending_card_payment,pending_card_payment,true,true,0.2726705210174408,0.3114271852853437,0.07988597429358618,0.15269987134278526,both_correct
7b7ab088f51959b058d5736571205d0dc0c2777d82f9afef449804b5de4fdc28,virtual_card_not_working,virtual_card_not_working,virtual_card_not_working,true,true,0.4588259121962682,0.656774423485966,0.1541441959948483,0.471609079376185,both_correct
7b82cdf4dd280393641ba2c1c6abf6ad812cd225890c17ebee1c9c6277a00ea3,exchange_via_app,exchange_via_app,exchange_via_app,true,true,0.48103671899562334,0.6155157773355728,0.4511990715637525,0.5563101799157446,both_correct
7bae50c88f3495801e3508297c30be287077082c7890459fee5be788bd69fd80,transaction_charged_twice,transaction_charged_twice,transaction_charged_twice,true,true,0.5111822158804089,0.4865856016052716,0.48393001966118143,0.41707597606801333,both_correct
7bb10484c32575ad8803b59f4bf07fcdb444a64a7bd6202797cd354c7e2cf229,direct_debit_payment_not_recognised,direct_debit_payment_not_recognised,direct_debit_payment_not_recognised,true,true,0.6500773601681006,0.7461673180672002,0.5330419140145013,0.6519504143671097,both_correct
7bb118929faea9af9013ea5b9ab7ede0a3556551f56669ddfd30a60a782180cb,wrong_amount_of_cash_received,cash_withdrawal_not_recognised,cash_withdrawal_not_recognised,false,false,0.0651352753089407,0.5188264736828612,0.01977335735022935,0.46835213603724246,both_wrong
7bd1c4aa85f3b22fba271e5143b4e82736615a23392deec9e60ee163baf85cc7,verify_source_of_funds,verify_source_of_funds,verify_source_of_funds,true,true,0.7893498777566397,0.8707424251570677,0.7505896537870552,0.8549040832812864,both_correct
7bda5808a1a7ea167fe6a134d403ba2285c2919a068937f771b2d463cc6dad7d,terminate_account,terminate_account,terminate_account,true,true,0.6300866854939595,0.8377352108205558,0.6168850025856129,0.8251754771334363,both_correct
7beee40846852c603713a384c17f7dd6c111f80d9c336813751c6109b1b5cc6e,card_payment_fee_charged,cash_withdrawal_charge,card_payment_fee_charged,false,true,0.12161601474428908,0.2661051860867208,0.005349410236915736,0.10194508073931874,lexical_wrong_semantic_correct
7bf77e9ca4837c180b964a2e619dd1335a3fbc13b3f29abfc0b28761416ef397,lost_or_stolen_phone,lost_or_stolen_phone,lost_or_stolen_phone,true,true,0.6491901435439369,0.9197656401636634,0.6251135782084403,0.9027470807238311,both_correct
7c11a4e4bfe2f98a8c1e2e35f857bc1f5334b8479c2c1672b06c9c3e787f33d5,Refund_not_showing_up,Refund_not_showing_up,Refund_not_showing_up,true,true,0.543893968365878,0.7900990654988399,0.40438594335994765,0.6955495923212418,both_correct
7c1655be27b1aaa35e844edb8af778861e887bb7ce56b0d9f93cfffb194374c8,top_up_failed,top_up_failed,pending_top_up,true,false,0.2643476959139428,0.278837660841513,0.03463535393372444,0.03879239196609202,lexical_correct_semantic_wrong
7c1a19696c7a2f626d3ef8e8499f215cc1d1d5cc9527da923ce7c8a3e3c32fd8,card_linking,card_linking,card_linking,true,true,0.8946122150698563,0.7514739006422574,0.8704682545358318,0.7037643095657237,both_correct
7c21b61601247e19ff8fb83984e37fbc2a5c9985f9da8d8a6f1487442947bc1b,passcode_forgotten,passcode_forgotten,passcode_forgotten,true,true,0.4594970399284953,0.8432078038073026,0.4393554158753017,0.813704168936336,both_correct
7c33ab95efe378ddbcc0e56428bbb893089746782cfe5bad634bda1728863d0d,top_up_by_card_charge,top_up_by_card_charge,top_up_by_card_charge,true,true,0.8009213083945623,0.8125704622940949,0.7776942314144206,0.788109820816075,both_correct
7c6c283ffff9ba2be4755984fd499ba364e0744939fb42d83569285f28676f4c,unable_to_verify_identity,verify_my_identity,verify_my_identity,false,false,0.5156084569484626,0.6770972296205913,0.34340856430994676,0.532671229426187,both_wrong
7c76d859a41038bf2eab7a817efbf899016330a85e5bebad6a225c5bad7d7243,change_pin,get_physical_card,get_physical_card,false,false,0.30953954061531713,0.32949072000228585,0.20798639573232153,0.17666549486740332,both_wrong
7cb84ed22e30d6b6b595e044ea3e1a965ea50a77cc9aa3a9b23bd39c094ac8a4,declined_transfer,declined_transfer,declined_transfer,true,true,0.940876765017009,0.8481437651693914,0.9322548284334182,0.8145060876955722,both_correct
7cbe8c5c868f7bac636567553643cc8097f325a0b62c6679dfe333b43eeb8570,passcode_forgotten,passcode_forgotten,passcode_forgotten,true,true,0.339902882617444,0.5832919114744904,0.2729524817940642,0.544886244279062,both_correct
7cc943e9e40c1807cef04cddbeaf1bebf5a7c638b87d292cc2bc637d8b1ed770,transfer_into_account,transfer_into_account,transfer_into_account,true,true,0.837333491474697,0.7567764665597434,0.8012876411386388,0.6609667516951142,both_correct
7cea323769b35e9c7e6e7f2eadc75e97e16e717f8de0dc8db0cbababd7b3f0a1,getting_virtual_card,getting_virtual_card,getting_virtual_card,true,true,0.8153062012189695,0.8274810327135346,0.7698807774546195,0.7687777140734395,both_correct
7ced34bc724f0087d4691d8cebda337110b49daa34ba6f4d7c06afcc6abf2ecc,wrong_amount_of_cash_received,wrong_amount_of_cash_received,wrong_amount_of_cash_received,true,true,0.6540485744907856,0.7172635915874865,0.6001913392501996,0.6703473971365117,both_correct
7d1e718a7376cf7e2c42c1a97b662f8761db6abf51dc4ffc638f2fb761347cdd,transaction_charged_twice,transaction_charged_twice,transaction_charged_twice,true,true,0.46417537955308724,0.7334708100135583,0.41274739272823185,0.6935565969417059,both_correct
7d1f1faf8dae2ec9a25d15ceabe370d4c39ab12d1346550b47aae85fc8709c66,virtual_card_not_working,getting_virtual_card,virtual_card_not_working,false,true,0.33554938727777095,0.6077715919943807,0.054748180861271645,0.43180579857996715,lexical_wrong_semantic_correct
7d240651b5aa6bed3af2e0dd8a0be9c627741ec1e2f5160814dbb041e9387ae5,unable_to_verify_identity,unable_to_verify_identity,unable_to_verify_identity,true,true,0.31593545459557415,0.7011140841341997,0.24276053192253905,0.6468707302426687,both_correct
7d5fff0afd3c8fb988ba4ff6fa7bd8db22978eb9d71f4421ead2952007e1c242,order_physical_card,order_physical_card,order_physical_card,true,true,0.14581738364616015,0.39795793311386213,0.013616796223613337,0.190260785571433,both_correct
7d7746d6ea9d22bb384cafa30eb86aa7fada6e48c7f933dcaec445c3fe605561,apple_pay_or_google_pay,apple_pay_or_google_pay,apple_pay_or_google_pay,true,true,0.7510441216494457,0.6776180886284572,0.7296226348731834,0.6248942326715448,both_correct
7d83b6aad8de815b64c883d0039eb08e5cc547a2a7f36fa0fcd1324f1c61fcd1,contactless_not_working,contactless_not_working,contactless_not_working,true,true,0.15268860133641962,0.3341307267118709,0.10289039013631066,0.2417583434673492,both_correct
7d9f3cd3b51bfd8ae8e5422effce3ac924ef4da26e52bca5d118ec15c3230308,card_acceptance,card_not_working,card_acceptance,false,true,0.11111644065170924,0.31180622762277926,0.00397995825704292,0.17987553831754105,lexical_wrong_semantic_correct
7daff9115725d984c16dd80762d966518bc9c56cb48f16034a2acf092f1651a1,transaction_charged_twice,transaction_charged_twice,transaction_charged_twice,true,true,0.5589889318691913,0.8144506425747918,0.5217609829569709,0.7780998546862847,both_correct
7dc9d8e91ec738c2f08c7b1839cb286f14ed5609aba870866d605f595d02306f,visa_or_mastercard,visa_or_mastercard,visa_or_mastercard,true,true,0.8115157212903743,0.634105694430862,0.7894875445816905,0.4488714239922049,both_correct
7ddaaa213f7c0887e0d578775f6fdf21b7c10f533d258ee8ca4cc7dc4e11f903,card_acceptance,compromised_card,card_acceptance,false,true,0.07168115592086764,0.5690740992622164,0.012995574170418515,0.49195516756263996,lexical_wrong_semantic_correct
7ddd28fd1d49520b7177bfbf3ccc213c3a416159bf080371092fa04626836f57,transaction_charged_twice,transaction_charged_twice,transaction_charged_twice,true,true,0.7676901094261419,0.9487428655804784,0.7476911435821032,0.9296880854236795,both_correct
7dddee37b536644f22884f01ee09ae8adee90b899e5af82d2c13e5d67d6913cf,transfer_into_account,transfer_into_account,transfer_into_account,true,true,0.2343634058907754,0.16927700625257014,0.11886751821063068,0.09740439591470602,both_correct
7df3b1faca61d88dc0876916de2a73723a4fe613ab955081c151f2303be1d0a8,getting_spare_card,getting_spare_card,getting_spare_card,true,true,0.5149815751327674,0.8307308491688224,0.44330117711272354,0.8001397822140623,both_correct
7e00756a8ad0d1d77c99087b25f3a5897f310b535a87a741cd95a391ba719636,unable_to_verify_identity,unable_to_verify_identity,unable_to_verify_identity,true,true,0.10325494387724257,0.5789323163306768,0.05430356702042794,0.5433149107993448,both_correct
7e4d1ffdf2f657c089ad1a0c1cb3c8fc3d633cf1df1cd088d9b3c4c2a4454049,cash_withdrawal_not_recognised,cash_withdrawal_not_recognised,cash_withdrawal_not_recognised,true,true,0.286169701756415,0.40351226359651887,0.13990987556193593,0.3276437327944687,both_correct
7e522e35314216749f3713d034db30355ef675c6ed9291d68dfa8c4fc8566804,balance_not_updated_after_cheque_or_cash_deposit,balance_not_updated_after_cheque_or_cash_deposit,balance_not_updated_after_cheque_or_cash_deposit,true,true,0.15217655831294796,0.6989943110434812,0.07998312530347487,0.6202754107706866,both_correct
7e5cf7e08dfda27eb66f8b54a6300a83ae777e7e5163132dbbfb7dfb4011d483,exchange_rate,exchange_rate,exchange_rate,true,true,0.9155746922000786,0.706870057805524,0.8992214274898144,0.6233696588890043,both_correct
7e5e45cff3dfa41215acc5be6f1bd19e4312c45488012e005d5253c27a158781,exchange_rate,exchange_rate,exchange_rate,true,true,0.7400445668426018,0.8308881165651191,0.7223872563721154,0.7958213367786013,both_correct
7e60a357dac0cb56f4156bae9a05b0c1e93dafb1839f27b2a14157cc1713e838,age_limit,age_limit,age_limit,true,true,0.9182550003410751,0.9032806206607742,0.9136469037957271,0.8961950331332933,both_correct
7e847768c9e1f7465039ba53feeeb1ed1ccc304f8465550291388ee24d3b610c,getting_spare_card,getting_spare_card,getting_spare_card,true,true,0.37804230572479547,0.7643567641024481,0.2681128854122079,0.7259023092457862,both_correct
7e877f26626def4a67ce378f306e63fe7ad73d2121972a30652cef3e12cd07cc,cancel_transfer,cancel_transfer,cancel_transfer,true,true,0.1862913255670574,0.30352030018134457,0.1411271208719948,0.2271538924170441,both_correct
7e953ecbf64a680de68d5617da401e63c8a80d47d9ca5d9045e320dad44de01f,transfer_timing,transfer_timing,transfer_timing,true,true,0.5423744660432911,0.805511278450247,0.4659912308892036,0.758076544552678,both_correct
7ebc03b3140e22bc94aa257f3e4666ac0fb9e275c0f0ad7b7350c49bd7135c2d,getting_spare_card,getting_spare_card,getting_spare_card,true,true,0.7204697699500779,0.9091623382781607,0.7052550127737983,0.8959389849308232,both_correct
7ebc5e9a9d2e7bbd359ee7ebb5828eaf882a094399a074ccfc9aadc21e11cc15,pending_card_payment,pending_card_payment,pending_card_payment,true,true,0.9759114463952447,0.9096694809650799,0.9688449821838621,0.884258051181171,both_correct
7ee283a39150eec2c358de4252ac5b624084666194aa615fd9ae24054ff954a0,balance_not_updated_after_bank_transfer,balance_not_updated_after_cheque_or_cash_deposit,balance_not_updated_after_bank_transfer,false,true,0.11100538886579929,0.2848311199686331,0.012786670521816881,0.17929728274226625,lexical_wrong_semantic_correct
7f00c715d2f0734e66516bc62060c6c003b6cc9606c862fca63dffed083ca20f,lost_or_stolen_card,lost_or_stolen_card,lost_or_stolen_card,true,true,0.31287401178606256,0.26222120745939104,0.2439101822425072,0.12524358140632535,both_correct
7f0f8840aa6594c0cd13d07cab3dcf55663a471752f9626589e64d93b56bc0eb,beneficiary_not_allowed,beneficiary_not_allowed,beneficiary_not_allowed,true,true,0.6763572243111451,0.9416282958682424,0.6500807727708413,0.9234884213874146,both_correct
7f5865e28237774c4c97654e165a72b707bedd2878378a9a4d3c8a3df1fdae37,visa_or_mastercard,visa_or_mastercard,visa_or_mastercard,true,true,0.5722872888151109,0.9154711540336923,0.5536799132408398,0.893554752008973,both_correct
7f7a5b00a7436a7b3dfbf1b369ed5ca73b73c641f0f3cdf06de99f890a8f4b52,lost_or_stolen_card,lost_or_stolen_card,lost_or_stolen_card,true,true,0.14384608639208107,0.3129702649873246,0.08801719034366443,0.20735076465042684,both_correct
7f8b5b074dd617178da354144d5d2290087c96506c0d2ded49122b208f61a5e9,card_delivery_estimate,card_delivery_estimate,card_delivery_estimate,true,true,0.3258258631211512,0.7687197077241054,0.29307973573522855,0.7374612804438834,both_correct
7f9519331dc752c7982b86366cc0359ad8a5bed897afb95e7616fa207fcdd479,card_linking,card_linking,card_linking,true,true,0.5302731821697441,0.8173891427914256,0.5121969785548345,0.7737521573936695,both_correct
7fa3b4af4ae858aa05fea8d5701a59c1e19b61bb74fb0ba0da4a8209d284fcee,virtual_card_not_working,declined_card_payment,virtual_card_not_working,false,true,0.27186715581796905,0.3558610850249252,0.0193754636483906,0.19103274243939874,lexical_wrong_semantic_correct
7fac70c279c70444f4ee15053b3edc1bcd0b27b1a51d59db9546fbf2e2001b42,pending_card_payment,pending_card_payment,pending_card_payment,true,true,0.33498569081723106,0.6710365771203491,0.2355153121459837,0.611135611080065,both_correct
7fb6800a5f8139e12ee90047df8e5dd03a8ad5d7737dd449fd4105e238ca007c,compromised_card,compromised_card,compromised_card,true,true,0.49968253097534093,0.5362744868453285,0.44436724330455457,0.4590987909923411,both_correct
7fbf6979df66e72a1a118a25ee44e094fd1b717a3e167ba3a8412ce3646458d4,edit_personal_details,edit_personal_details,edit_personal_details,true,true,0.42466832534505333,0.7835442425461224,0.4065568811042377,0.7686998190121188,both_correct
7fc359a368aca45ffad0557f9ee709aa69ef0aaa1a2fb10d5c61b2d298824dce,card_delivery_estimate,card_delivery_estimate,card_delivery_estimate,true,true,0.4291175916134211,0.8642187298034762,0.2618543679545132,0.8238200831508895,both_correct
7fcef9ae6faa58b652bd53977166523f5a601658a05fea7bddca142e20fbfeef,terminate_account,terminate_account,terminate_account,true,true,0.12708113748034497,0.6557962974561868,0.09270448187243176,0.5963546989759404,both_correct
7fdf188b9f42771906786e6ee2396441cd441dfbb8adca5bea5a7e1e15be1043,wrong_amount_of_cash_received,wrong_amount_of_cash_received,wrong_amount_of_cash_received,true,true,0.8102854171097711,0.8319134609647775,0.7500990852596668,0.7569225194643528,both_correct
7fe07a4062551ad497887055ce69cb5a74554d283a9e2c6af23c94c920f6707a,reverted_card_payment?,reverted_card_payment?,direct_debit_payment_not_recognised,true,false,0.3130898317264354,0.4834671981148928,0.2544099097779066,0.25757557228765326,lexical_correct_semantic_wrong
8001ddfb4c900e6264864c5dd718e8a1877cc41e0d6df9ebf1c98f3421185d0e,card_payment_not_recognised,card_payment_not_recognised,card_payment_not_recognised,true,true,0.6845785204685066,0.7404292071790506,0.6315629006716063,0.6729052126323635,both_correct
8004e21ec6324eca53a8595706ffb99360b28eb4ad64e3afe871ed6d710085a4,card_acceptance,card_acceptance,card_acceptance,true,true,0.2997259851559919,0.4229630224963161,0.23532927475086013,0.33994467129602657,both_correct
800da6f06f705991c2d300eea44cd162b1920ead2211458388ce8f0fce23495c,virtual_card_not_working,virtual_card_not_working,virtual_card_not_working,true,true,0.10203294696918803,0.27754310459789255,0.039421071939175406,0.11604872745058595,both_correct
8010a707302bd742e9314d2f709d9856cbccfaaf180b070b574cd999d731b44f,exchange_rate,exchange_rate,exchange_rate,true,true,0.7821728250574281,0.5365336398878336,0.7471141308558823,0.3348825960100727,both_correct
801504a7dbe272b455cd4df8eb77237e00321fcead2a0c0af3724b5b385e40f5,disposable_card_limits,disposable_card_limits,disposable_card_limits,true,true,0.7432029932076419,0.7923875452410201,0.5734656309391952,0.656116355096733,both_correct
801588c5392fae693edc3a15abe7521105fa2401918f965a0c22547a0a8288bf,atm_support,atm_support,atm_support,true,true,0.09119931823535535,0.6414314389287021,0.017562392375052555,0.5731132162660566,both_correct
801cfd7e6b9c91bdacd057fed912edbf9c3878e862847d298efb0aaca83bee5c,balance_not_updated_after_cheque_or_cash_deposit,balance_not_updated_after_cheque_or_cash_deposit,balance_not_updated_after_cheque_or_cash_deposit,true,true,0.3925257377947354,0.7193840748004802,0.35009768797032376,0.6597584600886524,both_correct
80208c0a4558bd029b2ca098f8e8dc0d0b3917a342f0ec80b4e802f9cf7ba68a,card_payment_wrong_exchange_rate,card_payment_wrong_exchange_rate,card_payment_wrong_exchange_rate,true,true,0.9132251219984572,0.9259945691068225,0.8688996870267166,0.8967809885665933,both_correct
8054a795f2c1dda4f0d1c347be179a73d6bfa364a2dc562f6797e4b6797f68e5,disposable_card_limits,disposable_card_limits,disposable_card_limits,true,true,0.45435095442504925,0.7407128836317303,0.3681270277449228,0.6634500767502656,both_correct
807daf2503e365ff2130f19c5c3d2f5bec8d62c8dd713e84e6ec5b131fd160a1,card_swallowed,card_swallowed,card_swallowed,true,true,0.11590410106293059,0.2477573770104303,0.062377082594707096,0.11095892327477686,both_correct
80c015726bda519c48ddaa7f5c7f668b96b5e326fad70f4204c28d2e3cdd62c3,compromised_card,compromised_card,compromised_card,true,true,0.14062437009363318,0.1868586318891197,0.012533456395276588,0.11079325153287001,both_correct
80d03df93b8a54bbb6f54d0183faed29defe1f397aeb21656c832be3c9918fbb,visa_or_mastercard,country_support,getting_spare_card,false,false,0.15014074906631258,0.3177267462059848,0.06688861571440555,0.14444568790840653,both_wrong
80d158f30ccf39156611920f04e9249a47c8dd87d8a59abf373d8045278f59ce,change_pin,change_pin,change_pin,true,true,0.40329862344020545,0.7960348786150754,0.36707675753857755,0.7587427626806791,both_correct
80dd684c010ffd058a438e4bfcf9888cd80930647e1336f79bbd1c65b2950f10,receiving_money,receiving_money,receiving_money,true,true,0.35458346250338274,0.7237181091098576,0.26999100636577267,0.6587879657282634,both_correct
80e9d13af7bf0c5371a31032f0c1022d59353fb20554ce8cf5d4c746a98f8d18,cash_withdrawal_not_recognised,cash_withdrawal_not_recognised,cash_withdrawal_not_recognised,true,true,0.6654947391581938,0.696036220214989,0.631466196304797,0.6202777970985658,both_correct
81326c8a70cef675fcdb1ea9356bdfd8d40b9a9782191f7ecff40e9ece39af5e,atm_support,atm_support,atm_support,true,true,0.7102705422860779,0.6722769985440507,0.6517650612958584,0.6245916923630249,both_correct
814a667fe193f6a1852abdea8f53d65a3e0ec12d2e1658ee08dca241d6c1fe50,top_up_limits,top_up_limits,top_up_limits,true,true,0.6195847530343879,0.8011448650369184,0.5689127615485176,0.7623422481858247,both_correct
814cfdd11e0ca0a4ef204704384197bb73cf7ba55829600aac45574907b4283f,wrong_amount_of_cash_received,wrong_amount_of_cash_received,wrong_amount_of_cash_received,true,true,0.8061675840385005,0.814816986386544,0.7694595284114889,0.7823871388122935,both_correct
81627309ba2ea61fe516ee6053111416d5190c109b5e49fe6553aca65a7ae3a0,get_physical_card,get_physical_card,get_physical_card,true,true,0.5694682646756293,0.8213873665818494,0.5112035163963686,0.7818623821575194,both_correct
816c8826568b21ee717692a308e11f5c8b324469aa00682f44baebdbbde0e0ab,top_up_by_bank_transfer_charge,top_up_by_bank_transfer_charge,top_up_by_bank_transfer_charge,true,true,0.5829593992673475,0.7881270759071773,0.3897923693030093,0.7383251118508796,both_correct
817612a9e5f337bdb36aad46a739405cbbf4d053d602dd2128db07f6b2202aa4,failed_transfer,failed_transfer,failed_transfer,true,true,0.5990910500564535,0.710641664983578,0.5688789698021198,0.64663997365709,both_correct
819abe4c01e8a4a1b121304d422f569212b9022b77cf2a5a8766a5c3d1ab3a3f,verify_top_up,verify_top_up,verify_top_up,true,true,0.524868505159952,0.8461471098290863,0.4894754266573077,0.8238543848864224,both_correct
81a30c3205ae423e1febe13ca358d653fc3caf14373a1ec50d5a748a38a5434a,pending_cash_withdrawal,transfer_timing,pending_cash_withdrawal,false,true,0.08529052806652017,0.24366937246472267,0.0017310116161342315,0.15635064198800191,lexical_wrong_semantic_correct
81ad236274bb6ad97542de82b1c4df2300ede48068e053f790a50303abe7b0ec,cash_withdrawal_not_recognised,cash_withdrawal_not_recognised,cash_withdrawal_not_recognised,true,true,0.6100864086609427,0.6146053679621765,0.5541941962907864,0.5443613750722954,both_correct
81c1b32a8c1b5c07c59ab405f576cd8d973e97f00dea628f9115010bfafa33b8,get_disposable_virtual_card,getting_virtual_card,getting_virtual_card,false,false,0.319650940030738,0.43764429134582644,0.21361053223629328,0.2531208692369608,both_wrong
81d2a52b857c1c9bc25f5c118d5b2529db6cff1fab351eaef89740a06c6d75b4,virtual_card_not_working,getting_virtual_card,virtual_card_not_working,false,true,0.14858143279380318,0.44377445569346735,0.01559922789240259,0.34838196307021607,lexical_wrong_semantic_correct
81e12607ee57cca3b7f9df32688e89098a7dac38d853620ec90d1e36bd0ccc6e,card_delivery_estimate,card_delivery_estimate,card_delivery_estimate,true,true,0.10392247158182144,0.853328584464809,0.0668819155194941,0.8227695123785712,both_correct
81f26551d1eaf151094b9b81d87e250c652d5c320b7cc5097994c32a450899a9,card_swallowed,card_swallowed,card_swallowed,true,true,0.2841623344140368,0.4539602688571924,0.19467517070964716,0.3463820552849597,both_correct
81f8ba2d831123f222e9b499f5aa05b7406abb611b60711490f3f036d38c0e98,top_up_limits,top_up_limits,top_up_limits,true,true,0.8753185764749833,0.9051975817924185,0.8573279419441329,0.8878271239982409,both_correct
820a642816e1e4f07dbb36d8eab107fb5ca550b645eb19850cac800de6f130ff,top_up_by_cash_or_cheque,top_up_by_cash_or_cheque,top_up_by_cash_or_cheque,true,true,0.3259489420015376,0.6413104023338895,0.2834921325313361,0.5990618468000173,both_correct
822102b4ec4d2cfe73b2f56f15e13c404afda231e2dcc8f7f7b74b71e03167d1,cash_withdrawal_charge,cash_withdrawal_charge,cash_withdrawal_charge,true,true,0.7339160560786874,0.9042322701166245,0.6738259937284179,0.888736552319867,both_correct
82210901a65e58ee72729180d6cbc31881c2733fb4e2be68b81da9e82ded0f04,verify_source_of_funds,verify_source_of_funds,verify_source_of_funds,true,true,0.7494375985390394,0.957228673666955,0.7406524531458959,0.9538324732541122,both_correct
822360cf670f6aecbb20cca2c225b3a1c8eec1c93d3a0075ad07c1ac185d87fb,automatic_top_up,automatic_top_up,automatic_top_up,true,true,0.38115094521621207,0.9284788883341346,0.31379888614620355,0.9203162909231904,both_correct
82248c4aa79de2ef6988f6a713178623f4f6952c3a2d3a9eef9136084fb47ba6,wrong_exchange_rate_for_cash_withdrawal,wrong_exchange_rate_for_cash_withdrawal,wrong_exchange_rate_for_cash_withdrawal,true,true,0.6642313814654622,0.8034610899190734,0.5665048022951108,0.6628474036597959,both_correct
822541260c7abc886069e06aa30096bcd32908fdf96de620d7698f499bdd4934,declined_card_payment,declined_card_payment,declined_card_payment,true,true,0.37654493012910123,0.6044374355588741,0.300072160022366,0.47778321772923626,both_correct
82292071717d8a2ff131ef7bbf53ded5c15d937f5e66e3ac1e05f15a3e8da6e1,card_not_working,card_not_working,card_not_working,true,true,0.16149211631069463,0.5922981139945293,0.1274207889973973,0.5261545664292757,both_correct
827f2486105d5da1d9683102b60cf73dd54e9d99178bce9c18ce2005da67c854,getting_virtual_card,getting_virtual_card,getting_virtual_card,true,true,0.5959176516059724,0.7595168526533493,0.49379320392997444,0.7006503307472665,both_correct
82cef7f078edb263f499bfce96817b1d690630eca55e2687731f38c44a107f74,top_up_reverted,top_up_reverted,top_up_reverted,true,true,0.2882892576805154,0.6397487486701325,0.013608815047021161,0.5270860450444689,both_correct
82d8ded5de49eb608e6a79102ead40e3e28dadca61a9a272e95382584cdccd0d,pending_transfer,pending_transfer,pending_transfer,true,true,0.4421830810768918,0.5897968027197307,0.39503574275725417,0.523455370080316,both_correct
82dadc9f8fff565065dade42810797506cd0318d66ea889705cd09b46e0502ae,Refund_not_showing_up,Refund_not_showing_up,Refund_not_showing_up,true,true,0.33426132887962645,0.5241953652502377,0.257839314749879,0.3769512378582526,both_correct
82dbda136cfa357c019ec77bed7ab1d5b01680415bc03180065441e4ffa9deee,beneficiary_not_allowed,beneficiary_not_allowed,receiving_money,true,false,0.2441826162547071,0.23013108697570714,0.16315824882636026,0.05212301210645853,lexical_correct_semantic_wrong
82e30ff27573b4dabe5cc395a52952508e0734bdc29bb8495a9ccf843d74ae81,fiat_currency_support,fiat_currency_support,fiat_currency_support,true,true,0.928361243175958,0.8285647143434633,0.9201508419177004,0.760726434428486,both_correct
82f5e753b5d3fd6be489136934d813b6bf2e695a15022c0cd734107596d585e7,top_up_by_cash_or_cheque,top_up_by_cash_or_cheque,top_up_by_cash_or_cheque,true,true,0.6050130955656156,0.6579682439264576,0.553807233671693,0.5666077237945302,both_correct
83063356b82c7c82df2b06ebc04d275bc203917cfd2cf2050c90afe6d3ad31e8,card_swallowed,declined_cash_withdrawal,cash_withdrawal_not_recognised,false,false,0.05360597129367012,0.23414774345069214,0.0030983098672320367,0.16020625719067752,both_wrong
8313984ee9debb833de638ec86a4cb5841b37f865f8b630efc456a19839204bb,pending_top_up,pending_top_up,pending_top_up,true,true,0.5760852920840278,0.7494958287447391,0.5380952442698325,0.7192523599293398,both_correct
8314acf0cdf3c111a3b1839a72acb95fdb3654fe531aff1b9151d4fba911fc10,verify_top_up,verify_top_up,verify_top_up,true,true,0.515189567252598,0.8927012197525754,0.4315053458035042,0.8841415154055107,both_correct
8315e4c09debcb144932686172ac91d87a501a554252babbca13b450390ee4b1,why_verify_identity,why_verify_identity,why_verify_identity,true,true,0.7087407389961411,0.7115143817776177,0.5944397155555187,0.5790030769680328,both_correct
831f7895dcdaff3ff5e534f75d72241a77e285367c5220531e967cd87988f92a,pin_blocked,pin_blocked,pin_blocked,true,true,0.8766007378442151,0.9230590724981771,0.865197235418672,0.9142095185972157,both_correct
833d2a27e2e3823e0deb923e088ee8c6e19e24259093d0d1a7a243363b5b995b,card_swallowed,card_swallowed,card_swallowed,true,true,0.27205442403864405,0.3744496315907873,0.1302889546621104,0.3009870289956745,both_correct
833e65c71a977cd16acab29d252e9f98837c8eb1790cd3bf2828bb488a5bdb99,card_about_to_expire,card_about_to_expire,card_about_to_expire,true,true,0.5445801855158423,0.6878109678203735,0.5222020850779144,0.6517366656059627,both_correct
836f308e286ff7ba22578995d511719e5ca39c91ec85cb4f00012abb69bc9c98,top_up_by_bank_transfer_charge,top_up_by_bank_transfer_charge,top_up_by_bank_transfer_charge,true,true,0.4140965136248173,0.6921623840411255,0.3665864769942233,0.6558883432374562,both_correct
8375f5ce60573515405e2eb400c180d35fc679fff05b76dd82a382c95f2c0234,transfer_fee_charged,transfer_fee_charged,transfer_fee_charged,true,true,0.5271130984099708,0.7450440937503322,0.3026606396152953,0.6671821629823572,both_correct
83946d11ba836acbcd16d0035eb65f9b63211f1450f766479ac2dd91dfd23f07,fiat_currency_support,exchange_via_app,fiat_currency_support,false,true,0.2831902351954138,0.3696017882098128,0.09122765025356858,0.05044153161610232,lexical_wrong_semantic_correct
83946fb5b6ed5915091e552d17a32abd9caac69cc7b079503c72c2c72ee37db9,cash_withdrawal_charge,cash_withdrawal_charge,cash_withdrawal_charge,true,true,0.5930268360992457,0.6567089099816087,0.500527983774374,0.6135051062452919,both_correct
83a1813cb9d5d867f60f908fb9b94d4494baa321391a4a9e0d2389a125ad63c4,Refund_not_showing_up,Refund_not_showing_up,Refund_not_showing_up,true,true,0.8632393461827816,0.8503474455031775,0.8417272547274552,0.7835796506404207,both_correct
83c7c8cbb7e0812121a92eaab17cb7dbca6451277b0b707ee2dad731fed40dce,pin_blocked,pin_blocked,pin_blocked,true,true,0.2528446891560222,0.7306112142184417,0.18856845303382022,0.6599314238393152,both_correct
83d5679d7b27bba274f5d5a20e8df37ee613edbf981bb2758348ef37692d44f1,card_payment_fee_charged,card_payment_fee_charged,card_payment_fee_charged,true,true,0.8826720633457428,0.8805146162352914,0.8200257894669759,0.8542481612019553,both_correct
83deba7cc70c1ca76835c9dcc771a852ce11ce96b8086fe19d561ba90f5b50ef,top_up_by_cash_or_cheque,supported_cards_and_currencies,supported_cards_and_currencies,false,false,0.17692941359904668,0.2674304586651982,0.11437433793242781,0.10791393459383392,both_wrong
83e17b19c87a9764cb8be64c21b7ade7aca5c5b6491996b52baa35a92cea956c,Refund_not_showing_up,Refund_not_showing_up,Refund_not_showing_up,true,true,0.8365082989628283,0.7789019749659286,0.8169093680926836,0.7432232785136694,both_correct
83f25d9501e38af33db7bb297582258e31c1ba742a216e728b9ceccd6f11bdb0,visa_or_mastercard,visa_or_mastercard,visa_or_mastercard,true,true,0.8432172320433534,0.8122847046272748,0.8215356450884838,0.7094050267831645,both_correct
840307b94d332639aca1c25fc40cc03ab1185466334e7b1ec127e3451828d7f1,topping_up_by_card,balance_not_updated_after_bank_transfer,card_payment_not_recognised,false,false,0.31590475126983214,0.1401302984603294,0.18910728431077337,0.036075261860732497,both_wrong
8413848f8a1978c7d0b798fce2760cbff501358a53133e2319d9ddef5120fdcf,lost_or_stolen_card,lost_or_stolen_card,lost_or_stolen_card,true,true,0.7680733630253389,0.7398663151109716,0.7438842723388825,0.7008155659879751,both_correct
843c7939496b7acc15797ab5bafcb5b126b89dd9ce3cba245bc179d053da74bf,disposable_card_limits,disposable_card_limits,disposable_card_limits,true,true,0.6610422605696927,0.8185527893670324,0.6079971200094315,0.7604880330779338,both_correct
845652df1ef497fc3441cfbde947413700de64709f86eaac22578ce212ae7a6f,card_swallowed,card_swallowed,card_swallowed,true,true,0.5554873480413932,0.5012468796313403,0.47902132593120994,0.38500691128033226,both_correct
845687bdd7699b6355234ca890612e6b28feb4ccab13d873610ab4d30553df93,disposable_card_limits,disposable_card_limits,disposable_card_limits,true,true,0.6677873963156057,0.8436643315190626,0.56581387373369,0.8008086815880003,both_correct
845fcd56d5e97d5b69c304c62e232bc2d62d42221a7ef7bdcb34e2d195047879,exchange_charge,exchange_charge,exchange_charge,true,true,0.23239073692318385,0.504121631544784,0.1700060515152785,0.32641160072909015,both_correct
846fa6d0d2c7c29e2d63570926d506422867b384b0c7d0bf40501bd403feeec8,exchange_rate,exchange_rate,exchange_rate,true,true,0.45150661308342993,0.6877333384380577,0.21880408036470064,0.6229083966743961,both_correct
8470628cdc212c445225f0f3952ac0ae0f49a92bdcf1cd0e96850cd1683ddfbb,transfer_fee_charged,transfer_fee_charged,transfer_fee_charged,true,true,0.40202999973948644,0.8247361126658017,0.3434355401413921,0.7795495433341294,both_correct
847153ba5e539ff8facf6948060f1338f3a846773d5bd9f391f0e552f2296b68,cancel_transfer,cancel_transfer,cancel_transfer,true,true,0.8000215458810602,0.8690988912976488,0.768771137632733,0.8497396459083453,both_correct
848097b720b8504fe576c2d098f96b55a163c8a51dce91746e69fba6309557dc,exchange_via_app,exchange_via_app,exchange_via_app,true,true,0.8383880651470078,0.745103293729124,0.8166411408413587,0.720937025210091,both_correct
848e8ed9bb19b3bc7637c98edd248693761e75a0a5ba1e02f748c4907b79c511,why_verify_identity,why_verify_identity,why_verify_identity,true,true,0.5271234137590523,0.8049563420288978,0.4615267752445088,0.7073173210964069,both_correct
84a9343b8f4e6adc58340bcb97b0956d6af90f8fe16d72d16b78136fe9e801ca,get_physical_card,get_physical_card,get_physical_card,true,true,0.1903188972381425,0.61079253648934,0.09274591981203258,0.39440084233722744,both_correct
84b42cd5edf50f7466ec342f68afd392363cf106c436eb5b531e848779357a6d,card_not_working,declined_card_payment,card_not_working,false,true,0.058184020953062646,0.4453165668984326,0.005411423214404583,0.34835965627035803,lexical_wrong_semantic_correct
84cc30183a768343004d97967f37da1b8227b7b25a902ac96b23867ceab498d8,apple_pay_or_google_pay,apple_pay_or_google_pay,apple_pay_or_google_pay,true,true,0.8492552756085504,0.8876786901661318,0.8256512707807331,0.8661908888642572,both_correct
84df4c8808fd49408fc6de886cd57359365ab7f1ff531aa51ae1376d9a55ff7a,top_up_by_cash_or_cheque,top_up_by_cash_or_cheque,top_up_by_cash_or_cheque,true,true,0.8780644263409735,0.8106646574071235,0.851040396927119,0.7644547696123026,both_correct
84e2dbf9b81ab7ee14643ff6dcce769b1804d9cd98b408e8a4f87f5babbf346f,wrong_amount_of_cash_received,wrong_amount_of_cash_received,wrong_amount_of_cash_received,true,true,0.9153916906753423,0.8427128283568973,0.9111917953657289,0.8281625429836795,both_correct
8536021b4fed9248dead91d459076513ccc693eb039e15ada6db2a8aa58c04a9,pending_cash_withdrawal,pending_cash_withdrawal,pending_cash_withdrawal,true,true,0.9043744913850644,0.8385984310843174,0.8627343491741194,0.776442026463656,both_correct
855876b6eb0549aa08ad9c5f78e0e8607971e9fc6cfb4932eaf30b97a52e8563,terminate_account,terminate_account,terminate_account,true,true,0.8299800003080041,0.8838815843743436,0.8208869119637503,0.8606944231764463,both_correct
857dcd70fcd00f5f8098dead1c63dbe5adaed51add44cf73f73491b8f155d892,card_payment_wrong_exchange_rate,card_payment_wrong_exchange_rate,card_payment_wrong_exchange_rate,true,true,0.1957829156410226,0.2853232911108666,0.0072845131396323815,0.06544800455573188,both_correct
85ac647f9e88836b7768bdab7f85a9fe053e71b5553c79527aa453b70be42d08,pending_cash_withdrawal,pending_cash_withdrawal,pending_cash_withdrawal,true,true,0.2289839173303462,0.6550273493527129,0.1846662352187637,0.5500362727313669,both_correct
85af9545f081dd84645645a55255856d7d2583ea5e9b17634a4d616b0216ef10,direct_debit_payment_not_recognised,direct_debit_payment_not_recognised,direct_debit_payment_not_recognised,true,true,0.4241817187620183,0.6959806812841272,0.34953648694282635,0.6596340671763958,both_correct
85be15c21631f7404b5db03e5d117c5b3a9a21c8961cd1fa604945dfbe2f37e3,lost_or_stolen_phone,lost_or_stolen_phone,lost_or_stolen_phone,true,true,0.8507384446003774,0.9056188144261941,0.81458406548683,0.8936866238123317,both_correct
85c01610a5b75ee13b3f2c35b11505fabe9095d9ff5c74897f3f17ccfe62c10d,declined_transfer,declined_transfer,declined_transfer,true,true,0.6599918366573652,0.8643096969869813,0.5767044830312837,0.8333811073282593,both_correct
85d9fc928e37bff86279fd78a32f2ff2e3398b0566832bfd4ce6b274995c8f34,reverted_card_payment?,reverted_card_payment?,reverted_card_payment?,true,true,0.8812983049586958,0.6728394081497144,0.8172536630475763,0.5048746017515252,both_correct
860b1d6ccc03bd403fc18e27b56ca41f504a29d3be574c8230adbcb5ee5c8d4e,declined_cash_withdrawal,declined_cash_withdrawal,declined_cash_withdrawal,true,true,0.806073939192468,0.5898318894022279,0.7418654274582601,0.4924144572662033,both_correct
861e15a3f48797a02d1ef2de6f9d485ccbe7e6819a7e3b22dfc330389e860e1e,getting_virtual_card,getting_virtual_card,getting_virtual_card,true,true,0.678018009449437,0.5412873540349148,0.5804645685686415,0.4148940667600446,both_correct
86269a0e9c88abdbbe99d97eee7fab8b176f41d0a58ada76ae1dda67a8d885d6,card_about_to_expire,card_about_to_expire,card_about_to_expire,true,true,0.2488691963371925,0.5671980136818907,0.1925496574214113,0.5139036477881683,both_correct
86271e51f8e70abdaad06dafe0f7ee687cd5245b9158d6e4a3a3f62221c7dc4f,request_refund,request_refund,request_refund,true,true,0.2995232534510562,0.8334499682647684,0.23221254437592326,0.7826196317696713,both_correct
865face573a9f73585b14620e657669199a928da7182f8a6dcdeaff41c1078cc,country_support,country_support,country_support,true,true,0.6877221185595432,0.8187462763490531,0.666102587930721,0.7547154301719,both_correct
866ce1690fe45eddfb7978a34934669219c3a6871ce9e7b2c18a9a75ac827a62,pending_transfer,pending_transfer,pending_transfer,true,true,0.2473032540417579,0.35276535439837287,0.1427651063608184,0.2530016610538973,both_correct
86758819b1c7a4148ebb6b0ffd9842f5803310f42cef330d540041e6d872189d,declined_cash_withdrawal,declined_cash_withdrawal,declined_cash_withdrawal,true,true,0.5276081730774329,0.7078346043802946,0.38719226626284287,0.6374397542235417,both_correct
86a998e463596fafc2db82335c1aa754b05525107f044321fb064a4f1a7b40f7,cash_withdrawal_not_recognised,cash_withdrawal_not_recognised,cash_withdrawal_not_recognised,true,true,0.586489715753922,0.3327597999412988,0.513901591268155,0.02213669876635216,both_correct
86be6c66dc523ab45414fd371666b2182301299a51aa48d59e4ab3da59a0db48,cash_withdrawal_not_recognised,card_payment_not_recognised,card_payment_fee_charged,false,false,0.4004751887281692,0.14425011200328353,0.29436487790770205,0.04493628722440329,both_wrong
86e99b59aa6c5b0198bedc52add49257de252b8592398a069191091722902f3b,cash_withdrawal_charge,cash_withdrawal_charge,cash_withdrawal_charge,true,true,0.5217907513514667,0.8736848157151174,0.42464195938158433,0.8466358296648154,both_correct
86eb812f794d800070378f5f51a83b376fa21f83cfa003670509b0bf9dcccf30,contactless_not_working,contactless_not_working,contactless_not_working,true,true,0.2746451737820985,0.7345203610443267,0.2050977996707436,0.7069145241382051,both_correct
86f02e9c18ef54c5bddda94759a582aff390029b1942a2dc06fff9b911efdc35,transfer_timing,transfer_timing,transfer_timing,true,true,0.6688971400733112,0.5959983724006648,0.5577871661712956,0.41906116209627686,both_correct
8702671218368a9be82a1a7d316345129763794d87eb3b53d561da33cf77badb,transfer_timing,transfer_timing,transfer_timing,true,true,0.7372933529931697,0.5947554516116839,0.6800192265022117,0.42643996317104227,both_correct
871d183661bfdb3c239002ed5d72f2f54ae2f2e5a569cdf1d61ec8b2f5ee82f9,card_payment_fee_charged,card_payment_fee_charged,card_payment_fee_charged,true,true,0.15176472969493537,0.27521271630202526,0.0764729827625225,0.14692694055229427,both_correct
874293757503982287939faf50f0fe49d35709ca354f5abcf170d8239716ec17,unable_to_verify_identity,unable_to_verify_identity,unable_to_verify_identity,true,true,0.5754170859530062,0.6293319940919838,0.44672620141001074,0.46135574742787117,both_correct
87812479e5ca228d777330d7bad3f62db8c15771d08ccb5324d682a374ddd368,top_up_reverted,top_up_reverted,top_up_reverted,true,true,0.48782925242625474,0.7443839717662485,0.36233009007450034,0.6024734837757697,both_correct
8798d5633892c4ffa0d4b70d16bcaca153d714da4e3cb186e0f5e34a27f426d2,card_not_working,card_not_working,lost_or_stolen_card,true,false,0.2677733375202345,0.22648182536616907,0.2177241151138155,0.04830462972063937,lexical_correct_semantic_wrong
87b252183bf59b16777516b97dd2efa8ce71c4d517a9aaf73f48bb9e543cae41,top_up_reverted,top_up_failed,pending_top_up,false,false,0.10796084805185484,0.4572469517746243,0.0048283519455046275,0.06296895513584844,both_wrong
87c3fce5085aef04ac37eb0576103fd7dbfb8d6c4b7b96bdf578821fa055a012,atm_support,atm_support,atm_support,true,true,0.08259474318734072,0.64498424018486,0.015080778103968948,0.6105995985511383,both_correct
87e8556b70df691a6312bb6c51cd1976ce67b44272d5f2082db00c4fe601675e,transfer_into_account,transfer_into_account,transfer_into_account,true,true,0.7554336108153058,0.810793176843386,0.7381739551609131,0.7806106857941099,both_correct
88081d643f4935a6af6caa1ac55a343157fae55e78ee7e210bd24d250eb28b8c,card_about_to_expire,card_about_to_expire,card_about_to_expire,true,true,0.7399697778216235,0.8876280290485941,0.7222666310496807,0.8691513449767946,both_correct
882d89ab48ee0b80798d1d3a62288cd39e978f72d31d994c92d099362538b5ea,balance_not_updated_after_cheque_or_cash_deposit,balance_not_updated_after_cheque_or_cash_deposit,balance_not_updated_after_cheque_or_cash_deposit,true,true,0.8903254063656891,0.8945255604707357,0.8766794751208157,0.8752496655028367,both_correct
8846e924953de910bb272c24137e5035e9c370d31edb982f3c8936daf6df6c98,get_disposable_virtual_card,get_disposable_virtual_card,get_disposable_virtual_card,true,true,0.35992969473469966,0.8483537126160197,0.1875865086092538,0.8116577270430236,both_correct
887f1bd7d58a5ff693a0fbec03f402db295f47bc3e5e393a1f163dd9221c4187,card_arrival,card_arrival,card_arrival,true,true,0.5169850632269577,0.7530634240903992,0.4966490694262782,0.7225562991266417,both_correct
888040c8a587f22d42b1090231261e5c3a13a59548371575beffa1c2d28a78fe,card_acceptance,pending_card_payment,card_acceptance,false,true,0.18729699761911353,0.2656066820414235,0.11499957475335197,0.17414780705704097,lexical_wrong_semantic_correct
88a2b37e924148eed9e5a2b948874a0071c960b79d29f6be5e2be6058322e391,card_payment_wrong_exchange_rate,card_payment_wrong_exchange_rate,card_payment_wrong_exchange_rate,true,true,0.5957399492014026,0.7807339916320579,0.45990827203324725,0.7046368311952992,both_correct
88b1dd6d54d715defff71ecb1c83531a56afb9ff46a725c7e549dfbbc4f42bdf,card_linking,card_linking,card_linking,true,true,0.9257682221673632,0.8863158672054395,0.9210741468201136,0.8776452820052333,both_correct
88ba7d4d286a2a842dc93069d1888f2455e10425cf28abd6413e818ec0573ceb,extra_charge_on_statement,extra_charge_on_statement,extra_charge_on_statement,true,true,0.9739771004255766,0.940174654071217,0.9680538139729876,0.9246252302789523,both_correct
88bde72f0e187d7a87a7c5b2b63d2e5dc317e2cefcbba6c97d15edb450a9716f,transfer_timing,transfer_timing,transfer_timing,true,true,0.42075635064782013,0.7444573638286831,0.36044933199836904,0.70659814957099,both_correct
88d031e78eca942169cb600bbedd2f98699f3abc576663d200f145ad1a529606,declined_cash_withdrawal,declined_cash_withdrawal,declined_cash_withdrawal,true,true,0.47241953865618874,0.5851466591330556,0.23769536553755768,0.289811487963436,both_correct
892334c390559f5985ffbf52e79c64dda7306f3cfbe9037fcb02f9c9ba8d1a62,balance_not_updated_after_bank_transfer,balance_not_updated_after_bank_transfer,balance_not_updated_after_bank_transfer,true,true,0.47282120015391427,0.7703680967299421,0.38010967678458396,0.7209299078213545,both_correct
8943b7962b96debc40ac2f63a8d3cddeffd385c12caf5ab85e857b525528b3e3,cash_withdrawal_not_recognised,cash_withdrawal_not_recognised,wrong_amount_of_cash_received,true,false,0.47007372749138426,0.3509213413666234,0.40436687768540214,0.06919721765520481,lexical_correct_semantic_wrong
8975bb60d0fd89e0d4a10340ea0b4e17dccf4b480bece7b76620e473e1715cb4,get_disposable_virtual_card,get_disposable_virtual_card,get_disposable_virtual_card,true,true,0.8722457971030553,0.8144990570150057,0.8301131293215004,0.7455685403156254,both_correct
897cd8d07dc24cc0434857e10be25f3d7a0ac7848cf7211917ebae0f369536a7,compromised_card,compromised_card,compromised_card,true,true,0.725082870018723,0.8075566417072143,0.6927028931945899,0.7721884889514363,both_correct
897d26b15e5aa0e795a2821e9c74e398fa2cf4065000dd6c7223af7a4b00ff3c,declined_cash_withdrawal,declined_cash_withdrawal,declined_cash_withdrawal,true,true,0.36010618044060033,0.71343708517209,0.19745001344979363,0.6327298185684102,both_correct
89940c6cc2acf984bf778033eed55904002e5699275db768c41e72bbb0a575dd,activate_my_card,activate_my_card,activate_my_card,true,true,0.13964571136715603,0.315941691801997,0.08654669522338679,0.20776695990566107,both_correct
899f116f268d6d87880a7d48cf4503f6214d4c1c5f09613c1fbf5e7b5f6478db,automatic_top_up,automatic_top_up,automatic_top_up,true,true,0.7173146784614923,0.8637378913957205,0.6325768771648755,0.7799307374277742,both_correct
89d1f8056d1431f3a39a278ce8fb4a90cb546c6e9a62071fd18e37a35b42a4f1,lost_or_stolen_phone,lost_or_stolen_phone,lost_or_stolen_phone,true,true,0.7777393190173192,0.9129845488139704,0.7455064521219933,0.9001223236965051,both_correct
89edf2a679ab511d975a843cb4254d934a262073ee70d4f56545dfbec7f1235b,terminate_account,terminate_account,terminate_account,true,true,0.8987706434873153,0.9119598187210723,0.8931629276199959,0.8990936696251647,both_correct
8a33ace1dc2f378a6ae9482879e32966368d356a2b16d5611c937f24d92c4d99,transfer_fee_charged,transfer_fee_charged,transfer_fee_charged,true,true,0.37318587187148283,0.7849880991564451,0.31162791571350656,0.7054906164728232,both_correct
8a345f272cc33674288c46248926c2eea94786451fc572ab80c6e353d7f07e9d,transfer_fee_charged,transfer_fee_charged,card_payment_fee_charged,true,false,0.12099948639383025,0.20779559386852628,0.01048178496783593,0.029869552642063424,lexical_correct_semantic_wrong
8a5ff7a329e0164a986b52703fbe579e852f7d2c6c9e2099f65cb8bf5efea740,top_up_by_cash_or_cheque,supported_cards_and_currencies,topping_up_by_card,false,false,0.20230604255347845,0.32859122257423995,0.0336919927494235,0.16837918231937882,both_wrong
8a61971ed9bac6cf5ac6595a83c8b0d83858198c86881ba16276b32c848ba09f,automatic_top_up,automatic_top_up,top_up_limits,true,false,0.4627768229215288,0.446821775784018,0.3043640503982342,0.04530833785814936,lexical_correct_semantic_wrong
8a6c5f7cf0943b47ce8561225d6f94b48ce7eec40e521e13fe574780999a30c2,pending_top_up,pending_top_up,pending_top_up,true,true,0.3219105990123407,0.478343044593715,0.2689190084572334,0.2675952674096517,both_correct
8aaba5aa635496171e09ced47ab3e56b0e059f4048075515f8ed5ed802f0887d,atm_support,card_acceptance,card_acceptance,false,false,0.1447659789991391,0.2424056338148988,0.03958112271892636,0.12213240531217082,both_wrong
8ae002d0e00b08ae07500f233b4ade5f7369b62fb1a790c3feab779db81f8103,contactless_not_working,contactless_not_working,contactless_not_working,true,true,0.2358948061133675,0.4099548207390489,0.1763902927660023,0.33545841287593037,both_correct
8ae485a432d4eccb1aeb5522d5f15cc635c7f8ece880ef06cfe3bb675f62c839,terminate_account,terminate_account,terminate_account,true,true,0.9402998172235291,0.8252346969332705,0.9374334149365495,0.8078752915880864,both_correct
8af89a1e9f93b8c19b731c30998125747978586ad5907da83baf99af06516887,terminate_account,terminate_account,terminate_account,true,true,0.8443026348171205,0.7951656549993126,0.8383854973330513,0.7821177473486972,both_correct
8b019f26aee70bd5c93f0ab19f60e628220625a995823db03101d7115b6a3d98,pending_transfer,pending_transfer,pending_transfer,true,true,0.49635519585147575,0.8113860787418358,0.3531772908018027,0.7871870910691664,both_correct
8b27e62270de10901e3bd03ea8df8aa28794071defac0455c09a5cc90c167c8d,card_payment_wrong_exchange_rate,card_payment_wrong_exchange_rate,card_payment_wrong_exchange_rate,true,true,0.8038389535716455,0.8138879054039034,0.7300724085877306,0.7164064563216741,both_correct
8b6b8dbf0c8f4ca20875a094883eb4fa7bd43b601424a82cf0f654f295c67f3d,pending_cash_withdrawal,pending_transfer,pending_cash_withdrawal,false,true,0.21343053456257513,0.6960959137327206,0.007793786560200855,0.6336593272635802,lexical_wrong_semantic_correct
8b764bf7a04fca16b2db0be4e6ce441cd69b9184aae937c58ac969f9ac44fcc1,change_pin,change_pin,change_pin,true,true,0.8877955057239458,0.8408055005066115,0.8653023656160872,0.7841618619846271,both_correct
8b7ef7ac0b8490d8efadc12a53ba54f2ffc8a7c3ac2c6a522f6b6b50d1a991a0,supported_cards_and_currencies,card_payment_not_recognised,pending_card_payment,false,false,0.11167419493293507,0.1492581147276863,0.061608137659067114,0.05039538606209708,both_wrong
8bb07bd329c9ebf3b5b8570ce246091d8e98eef1428eb4ff7d44602b4aefd679,top_up_by_bank_transfer_charge,cash_withdrawal_charge,top_up_by_bank_transfer_charge,false,true,0.1263499306274011,0.4355499274765002,0.01587977536483784,0.31888045462420944,lexical_wrong_semantic_correct
8bb2cb7722d88865514a8c055c0f3dcab368c95dc51a0d7c509a8146084b7811,cash_withdrawal_charge,cash_withdrawal_charge,cash_withdrawal_charge,true,true,0.3503534876150159,0.49388189341214633,0.22493809292286576,0.16484476191721353,both_correct
8bbe278f7685b94764364b5cabd2708ce58df51efd8f485947904ba08c94f912,card_acceptance,card_acceptance,card_acceptance,true,true,0.11922240311715435,0.2112433819324609,0.07901004660406627,0.11893695047676735,both_correct
8bbf2735e7587e7f20d7e5aaff68f2893a547dd22269f27439fda5ef2b5a79a5,cash_withdrawal_not_recognised,compromised_card,cash_withdrawal_not_recognised,false,true,0.2561530864341393,0.24320308772892602,0.1643201406294447,0.01854440264844348,lexical_wrong_semantic_correct
8bc5e4dac077139fe465e0cde55285dddee5484026a53e1086cebd489d0c0268,compromised_card,compromised_card,compromised_card,true,true,0.6149251124270961,0.6390215631109685,0.5809134677561593,0.5762118209250171,both_correct
8bd78c98ef016b35081ac3d1e47745682d618ee815239b88cdde3f08faf318c3,transfer_not_received_by_recipient,balance_not_updated_after_bank_transfer,transfer_not_received_by_recipient,false,true,0.31543272921507626,0.4699570340811325,0.14026245195112755,0.3784844667600775,lexical_wrong_semantic_correct
8c01a5ad8dd6ae897448e4ec561428d9cd592aeb9a1e43ac74583f23d70e5089,getting_spare_card,getting_spare_card,request_refund,true,false,0.4094248499865056,0.16060276765772705,0.29652754645240886,0.05014874491287795,lexical_correct_semantic_wrong
8c105c819d173ca5bf1a8a359841b2713bae0c93675933d0e559a61c7271086c,balance_not_updated_after_cheque_or_cash_deposit,balance_not_updated_after_cheque_or_cash_deposit,balance_not_updated_after_cheque_or_cash_deposit,true,true,0.5463263558190197,0.7033458289164461,0.49455055092077455,0.6348233069038339,both_correct
8c2a0a086c821bfa0b516a40ecd253b1601ecf5dae56e0084161e5ca4cf9a07d,top_up_reverted,top_up_reverted,top_up_reverted,true,true,0.1848570833902624,0.4769930444029459,0.08776911673144873,0.24771364702191817,both_correct
8c4fc976f31589e3a45857e318ae8704b44d4194cbd4b90deb844cde7673b50d,getting_virtual_card,getting_virtual_card,getting_virtual_card,true,true,0.7791140408187212,0.6482818215329782,0.6873220755526794,0.44548357396798616,both_correct
8c9bd0a66504c3deec3c42c1f6d35366ac68876d49c0f761764b1c83f4aac28d,passcode_forgotten,passcode_forgotten,passcode_forgotten,true,true,0.4863784534188562,0.8366336700909386,0.43534133043617484,0.8020789317081465,both_correct
8ca63a15d5fc82bc854a2e30862815022bd76d82af6bf5c13ffc1af201c04bd0,automatic_top_up,automatic_top_up,automatic_top_up,true,true,0.5984192146428583,0.6667064279562521,0.556546911847425,0.5812139817427813,both_correct
8ccb3c9f04c6c7ac440af9c2d57016741a84e1508f8778c78391ef00d45bddf7,card_payment_fee_charged,card_payment_fee_charged,card_payment_fee_charged,true,true,0.4734125916387147,0.6756651227632253,0.2977170792686181,0.6026035183616089,both_correct
8d00ab0209b49ac59d8358af31f2941db578d336e7511d672472259581ae7444,cancel_transfer,cancel_transfer,cancel_transfer,true,true,0.7639915743647376,0.902172460297891,0.7506959858899388,0.8780074772788733,both_correct
8d0a49033c369577ff576ee98d31cb49becbcfdd38702fbe8ddf2fc2677cffa9,apple_pay_or_google_pay,apple_pay_or_google_pay,apple_pay_or_google_pay,true,true,0.893480104483692,0.8469371214168958,0.8826453818789798,0.8200531917897661,both_correct
8d1195da2da429ad4a50abfb37eecfbe1f63c6d45d31befdd3fa346ab9d0f573,lost_or_stolen_card,lost_or_stolen_card,lost_or_stolen_card,true,true,0.7094951549456452,0.6639170244112033,0.6844241274204491,0.6221773673638844,both_correct
8d17d720f97f2a3009652dc7e6d0d6f8662e2633df396f5fb978b5b415b34472,receiving_money,receiving_money,receiving_money,true,true,0.8419972500009445,0.6733926299388057,0.82180011996332,0.5651616742309916,both_correct
8d1e6cc192dfd6508171372b84e590acc8ecea088b5bc92bcd253c1b9d421122,top_up_reverted,top_up_reverted,top_up_reverted,true,true,0.21106212776468308,0.8298675789794063,0.16324279071753608,0.7721956340829857,both_correct
8d231cd7d3cfadd5c5d59fb7eaede9de8b94662df3ee5dab200a92057ff42bba,card_arrival,card_arrival,card_arrival,true,true,0.8195554683207368,0.7306671488960238,0.8050263979152045,0.6952059944321966,both_correct
8d2643b500cd2dbe77b3a7db5a46d658f0454055dfe29b2678926876b4d95b00,declined_cash_withdrawal,declined_cash_withdrawal,declined_cash_withdrawal,true,true,0.2999170662461352,0.7500082083296528,0.16711607163784162,0.7185750359329419,both_correct
8d5e055071f8bcba4098f9ffb5968904236800c223eacf103d515c38a4b4cc8b,card_delivery_estimate,card_delivery_estimate,card_delivery_estimate,true,true,0.285429235790131,0.3969485626113239,0.25184781178426807,0.322893808575428,both_correct
8dcaadeff1586272bdc739311696ee465e4c2b5956c1974d7c1be7b9d8c63572,card_linking,card_linking,card_linking,true,true,0.09735209693428096,0.7007817715255201,0.0014106182906286624,0.6633429261103541,both_correct
8dcbdabdd754e668973b3f63c9dfb24897e2a40a18cbb6a6f6291b1f426d68ab,transfer_fee_charged,transfer_fee_charged,transfer_fee_charged,true,true,0.5642893782864431,0.8999936855955056,0.46757909983137724,0.8689975052753001,both_correct
8e096943fedafb364632ad04fea7bbc206d31999053b70adaac2edbea2e26889,exchange_rate,exchange_charge,card_delivery_estimate,false,false,0.09373723504228113,0.12641531477686785,0.03649071954754482,0.03422686961386129,both_wrong
8e13f2171cccba87959065a082d1a3d91fc68fb428d4f3fb284509a5ea3de1b7,exchange_via_app,exchange_via_app,exchange_via_app,true,true,0.741469678219644,0.7581628211193524,0.6845242921220072,0.7059991329549646,both_correct
8e191dc9da0ddb8ca439002fa327d0ffcf02d481366708f4bec35c120d8d0edb,terminate_account,terminate_account,terminate_account,true,true,0.9347820865814237,0.7611280306565081,0.93179493239883,0.7351852175478247,both_correct
8e27f555053cf1a298645c8749bb0133b9641f914e250768bfd9222316ed7b6e,activate_my_card,activate_my_card,activate_my_card,true,true,0.765310482589989,0.9366016045668776,0.7450152873330924,0.9216454198379184,both_correct
8e2e8d57149087d2b81cda22428851ec5acd61ef24f74df30e834e9663ab4a48,card_linking,card_linking,card_linking,true,true,0.37300920517193437,0.30056178942885775,0.34232107855953003,0.08149386224158134,both_correct
8e531056a182cfec0eac7547414f2a78dc202708baa30b88e93f07ecd7f90902,disposable_card_limits,disposable_card_limits,disposable_card_limits,true,true,0.9271996459935234,0.8847403323053543,0.9153898051057204,0.8494029217640849,both_correct
8e5d05cecaae10379e719755df5d966492c9b049374064428c5e439b86df02fb,verify_top_up,verify_top_up,verify_top_up,true,true,0.5711161533377779,0.882564578897342,0.5089983134491681,0.8671444038621005,both_correct
8e68826c141ed9b85c4e3f026e1bf44587e4ef8f5ce5f543ab5f3e6da63cce44,automatic_top_up,automatic_top_up,automatic_top_up,true,true,0.9204446409437643,0.929316714105417,0.9112579631316277,0.9160312116356928,both_correct
8ea76fc002e6c39f6b1f85f0e9d50ef4f6b486e0b5a29e4bcbbcd31c1ed9ad3d,fiat_currency_support,fiat_currency_support,fiat_currency_support,true,true,0.9321936814054551,0.7980925172034784,0.9233242853008531,0.7325307001949852,both_correct
8ebd9b1b14050acc5ac87c560ef2d10761f80194794a6e23580046bc86e8668e,exchange_rate,exchange_rate,exchange_rate,true,true,0.8782096124313992,0.7411704021534221,0.8500981553092805,0.6664263349028465,both_correct
8ecba0860e20036c891f95027e72e4dfef65bb5a13ac4d595b7c7156bbcdfac9,card_not_working,card_not_working,card_not_working,true,true,0.4521247433579584,0.6040560503351583,0.38030936736110643,0.5542601989741451,both_correct
8edfc3b4fba17e002c5f163b711c84d238149aca224cac04e981a20bff06c566,direct_debit_payment_not_recognised,direct_debit_payment_not_recognised,direct_debit_payment_not_recognised,true,true,0.23072058751277452,0.25499560150450956,0.04406280069019858,0.12395456172313121,both_correct
8efb020ef5422b1bb26e3ea6f7ac651f7bf394057054750e00e6cf595d513eaa,getting_spare_card,getting_spare_card,getting_spare_card,true,true,0.654773363802452,0.8406686537571033,0.6285562700990764,0.8223401121976973,both_correct
8efbe14142e6e3e59fc3c14b3ccc0a76bc0269c57fc54bc54f12906bad16c45c,cancel_transfer,cancel_transfer,cancel_transfer,true,true,0.23372483493425789,0.7897752902315799,0.1820789519984034,0.7312823086224032,both_correct
8f158b25c745c393de6ccf219c441ceffb4dad42dd8285315fcc8eef5b1dfa44,get_disposable_virtual_card,get_disposable_virtual_card,get_disposable_virtual_card,true,true,0.6080809747796543,0.7379748658535934,0.5432781807808494,0.6749111994348205,both_correct
8f1867ab7d9cacf262ee8135a4b14e9483d186a7a257eee9493e87d13f0f7352,cancel_transfer,cancel_transfer,cancel_transfer,true,true,0.8671606953456228,0.6021591951651785,0.8328002071000092,0.569084582891897,both_correct
8f2d6be6af4c552de9e6563cde9423b98b735c2c10b3dbde3297a06bff18a99b,extra_charge_on_statement,extra_charge_on_statement,extra_charge_on_statement,true,true,0.4782885186838003,0.7453771053296819,0.4299873613346352,0.6501599200870241,both_correct
8f430e91378011ce2ba97fc647216bfbf001c4a0d2121507c92f0d640c675150,atm_support,atm_support,atm_support,true,true,0.7567585610169804,0.7196948086679364,0.7226816976320044,0.6961621262818877,both_correct
8f44d55541ad8751175299637ae4e007303a9ed8fdd981af8ed8c22b3636bd29,transfer_not_received_by_recipient,transfer_not_received_by_recipient,beneficiary_not_allowed,true,false,0.27380671822995933,0.16674028685525186,0.18707785536957577,0.05792008019644233,lexical_correct_semantic_wrong
8f53d6100d634082b8f4fb03c78928e937b78d389dfbab3abc45a32495d9fe8a,edit_personal_details,edit_personal_details,edit_personal_details,true,true,0.9469164631187231,0.9538606340933475,0.9357462768854284,0.9473603258001886,both_correct
8f6f05fe74bdc675483842f3d8452013b2b15f0956e8424b23124f3efa055f09,transaction_charged_twice,transaction_charged_twice,transaction_charged_twice,true,true,0.7087392671508727,0.631573203534724,0.667889910657031,0.5835256879965105,both_correct
8f8dbe107c8b931e4c5d1788ba04457ba16424459ee1e90fdcf8a0e540390034,verify_my_identity,verify_my_identity,verify_my_identity,true,true,0.397141625331388,0.6459987805886716,0.23441497754946658,0.46623175634897085,both_correct
8f8e2d22b8b679e04d36a2d414bb4099ea3b7e7e091593f5c8073256507ca668,pending_top_up,top_up_reverted,top_up_reverted,false,false,0.08349950242253239,0.3010862457256089,0.004887376582852432,0.020295493642731866,both_wrong
8f9c4686c5f449cc431327707a786f88eae248e18bb8b21f404b5435d11fe474,getting_spare_card,getting_spare_card,getting_spare_card,true,true,0.33898465216075074,0.81462411973864,0.2759726788349127,0.7903155629354476,both_correct
8fb16ee526c80dec53b0bfcfed1e8fcad587763de84d1d0be2fd09f8e29545ee,top_up_reverted,top_up_reverted,top_up_reverted,true,true,0.7487510506445512,0.867688049718377,0.6710796097530611,0.8016067016185714,both_correct
8fc268e44bb8408b4bfb7387bbc9acd482a9a85b3b3d5bceb5a3b7eafb1fefc2,declined_transfer,declined_transfer,declined_card_payment,true,false,0.11139957751509763,0.34267623446864287,0.00783973812566302,0.20507165227555316,lexical_correct_semantic_wrong
8fffd8269e367c259d575b421ea5bb0681a73b7419f8b4cd804104a6670847c1,lost_or_stolen_card,lost_or_stolen_card,lost_or_stolen_card,true,true,0.10607839934145727,0.1980131684380855,0.044689723949180034,0.039780150012539234,both_correct
90048aa36bd29bc0dc1d731501ab1fa871f255223ff51f855ad2fed1ade3621d,fiat_currency_support,fiat_currency_support,fiat_currency_support,true,true,0.9380733239317388,0.8433568410602504,0.9324508693549469,0.7925475956386081,both_correct
9010d93f6628cd04bc6428524bdaaa82d9398cfe7e2615390adb60c1bd374cfe,top_up_failed,top_up_failed,top_up_failed,true,true,0.7712319917065933,0.7413004875839567,0.7110078341061116,0.6396866217131727,both_correct
90394cfda4270306c7c85acb51b868b988e2253723b1cad105a2d9a87e0acaba,apple_pay_or_google_pay,apple_pay_or_google_pay,apple_pay_or_google_pay,true,true,0.584125123758661,0.6924100183052023,0.5433356179332024,0.6085298839827389,both_correct
905ad735b7d9477cfe6230eb3ef687ebbe96764fdfca99afa16110eba8893153,card_payment_not_recognised,card_payment_not_recognised,compromised_card,true,false,0.2154876891253569,0.22397642868762563,0.1493386913196817,0.08828328883436573,lexical_correct_semantic_wrong
9066d46acc46534075a30a53e2ecf68f9f1be78d4613cbedd6398d0bdca226fc,card_payment_wrong_exchange_rate,card_payment_wrong_exchange_rate,card_payment_wrong_exchange_rate,true,true,0.6832795386123665,0.6894727390061438,0.5838806986619873,0.6421591251005646,both_correct
9071e3fcb4972f0b24f6254a9281e7b5a4755e7fdb21eabfa6f5cf5dd98a9338,declined_cash_withdrawal,declined_cash_withdrawal,declined_cash_withdrawal,true,true,0.571877391137403,0.8314853738303077,0.5329825528032369,0.7957243649351229,both_correct
90944c7ab6fee02a61c286648c3150168b633062b1e485a3e1748d1d822c42fb,pending_card_payment,pending_transfer,pending_card_payment,false,true,0.24366318955170327,0.4848003696184712,0.04187958075051068,0.2913450724484581,lexical_wrong_semantic_correct
90a3e9797f6b22b2c8edf9d0665d4a97f6ab407e39b20ad5fa33478899786300,card_payment_fee_charged,card_payment_fee_charged,card_payment_fee_charged,true,true,0.44465135934717176,0.6258777085500246,0.3496459118705478,0.3876358665713311,both_correct
90a899a57d798fc3512c0268cf2bf5a2710ce67b46f8633d6d2fa13df6f1807e,country_support,country_support,country_support,true,true,0.7349800929407377,0.7197153849197188,0.7085378233902068,0.6522161499077146,both_correct
910bb4940103b590459952d7d9d173569271c1046bc3c507d9905240009aae45,compromised_card,compromised_card,compromised_card,true,true,0.27878256648559735,0.4202313914245475,0.22635616812588139,0.36508034575837495,both_correct
910e8b8354e167413f8a4ae054ee5940ff81e6edf36c477eee66426eca414337,wrong_exchange_rate_for_cash_withdrawal,wrong_exchange_rate_for_cash_withdrawal,wrong_exchange_rate_for_cash_withdrawal,true,true,0.6181730416952927,0.7941825120227709,0.4235520088367116,0.7144878959004436,both_correct
911300e327b609a8460ee342f087ee1898c4ce95b1b36cc4ada3796913f0ab6b,order_physical_card,order_physical_card,order_physical_card,true,true,0.6281521232808526,0.6465536605675465,0.5815505708113128,0.6104313943212806,both_correct
9126493cbec572ca0c2d931ca7b914bb31a3ccac3dfaccc476a983b7d1758686,transfer_fee_charged,transfer_fee_charged,transfer_fee_charged,true,true,0.6530580283322098,0.8668150528006842,0.6095958287215094,0.8395240833542261,both_correct
9146120af364af59ffe012121e5c40413700ae483bc6e7d8f5bd4ea846e5f516,compromised_card,card_not_working,cash_withdrawal_not_recognised,false,false,0.06608629304347864,0.20547184388080153,0.006955803915670404,0.09523458801098134,both_wrong
915233f2b7e833ed437edded82623b3f2a2a2cb43fc76f2337868da17e76c0f9,failed_transfer,failed_transfer,failed_transfer,true,true,0.08681543151480776,0.4366639955932006,0.03940700433662201,0.31003755505989566,both_correct
9190f1e40d16d31e6acf506b43ccbf63847686693b7c02bbca7bdd3badf93cd9,pending_transfer,failed_transfer,transfer_timing,false,false,0.20360533742590295,0.4215290460062406,0.048146132234583194,0.24449917578032007,both_wrong
91a332cad3d3d6db03cc035b5e8aa519c75ff4a57bfd2e67342de0bcbbb2bb0e,declined_transfer,declined_transfer,declined_transfer,true,true,0.9551944252593909,0.8391153471805783,0.9398780264728566,0.8011380523108572,both_correct
91c6397eeda17b38bebdef9b81ed91d818adc4eb791ea4edf3d0774372a888ea,lost_or_stolen_card,lost_or_stolen_card,lost_or_stolen_card,true,true,0.7438866171313515,0.5201348863654703,0.6863029436808855,0.4377037746536195,both_correct
91d33c3d6c18d2639110e0908b9d86a610ec5c3fbe189f3c90b3257dc25cb658,card_not_working,card_not_working,card_not_working,true,true,0.14742614851510502,0.2601203952314246,0.008565860975233264,0.011408997824038786,both_correct
91d49c3772b80cdd024d34ec802ac99866842f60d048e7fa28386c5953d71cc4,card_swallowed,card_swallowed,card_swallowed,true,true,0.6232947205332642,0.7128804751762826,0.5992896971327558,0.6779956576969951,both_correct
91f43329047971c2f4255f913693f2fff879a5d7ee3d6805f55ac2b6787a4465,virtual_card_not_working,disposable_card_limits,disposable_card_limits,false,false,0.15956850735302017,0.5289879457294313,0.05246664948628449,0.4220262319224882,both_wrong
91f9ed079a98d1e951c332368375f3ba826c14c79084b1504d293c927ec68c44,country_support,country_support,country_support,true,true,0.7407713289260088,0.8691972516237572,0.7290357878962161,0.8443288971465265,both_correct
920375532401d8e03bf223c48be012a4946be725cb694236b246c15cec821e9f,exchange_via_app,fiat_currency_support,fiat_currency_support,false,false,0.24609762621640724,0.48723785876329173,0.05304459378716428,0.2775929354558409,both_wrong
924fa3de8d6f5ca519e6c741de96aa3d30b37b59a8bb1752a9d7b28a919a5d61,disposable_card_limits,disposable_card_limits,disposable_card_limits,true,true,0.7463539288971955,0.9342284191987481,0.6635969869448617,0.9218798822115758,both_correct
927531caed8c79c2b2e38b46c450be156093b5ddfad5f281f5232b3b4e39faa6,automatic_top_up,automatic_top_up,automatic_top_up,true,true,0.6485210855470963,0.809129465726182,0.5693750916011268,0.7282549250531146,both_correct
928361e93f18bbecaff93048ef8bbffd7c51ee3bdcda0cd46b66962bb35d234c,automatic_top_up,automatic_top_up,automatic_top_up,true,true,0.24377959716203118,0.6419816605032823,0.19933946072769512,0.6101073938206041,both_correct
928656beac042c685a2ff84d432e74fe3e8a3e91f37a295f1b005f658c73281b,card_arrival,card_arrival,card_arrival,true,true,0.3792665571881336,0.6108074938200765,0.2727997020856471,0.5310642519107299,both_correct
928c85bd136763632a52c4a9b29a8a97bc1c05cd2c51f480ddabe1167b8487cd,exchange_rate,exchange_rate,exchange_rate,true,true,0.36879625655971204,0.8221164412929602,0.08995712026414143,0.7516823499104388,both_correct
93155f37383ccd53066b65c74d6f0c230d61ff9dba8a509c738f18160bec2ec9,cancel_transfer,cancel_transfer,cancel_transfer,true,true,0.9075181141505672,0.8660726839477478,0.8908103321039005,0.8210177879438987,both_correct
93233f7533b8eb8cc82a4fe4e903e84f9d82bd433e9ba9f5e240e3df578e84c9,getting_virtual_card,getting_virtual_card,getting_virtual_card,true,true,0.4107511906583864,0.7959093468821716,0.34050960124947294,0.7401074015269538,both_correct
9327f759ccac7bd1e6924a25ec28fe053278a8c77e3ddbfa86d39a2bb6cd05a3,exchange_charge,exchange_charge,exchange_charge,true,true,0.9085179711789834,0.8894820984737967,0.8988426325195485,0.8744283704331358,both_correct
93463cec2f7a1902ce635d321f2b30c59227e1802ccfe6ea6e836a86cc32374b,why_verify_identity,why_verify_identity,why_verify_identity,true,true,0.6031955597620274,0.8983503629382382,0.5107488867227582,0.8693541397675155,both_correct
9358adf9c8a6ec3b5de1fbf7ee5f874db4145d596daafa1b7bca34774fed84c4,request_refund,request_refund,request_refund,true,true,0.35586578465278923,0.8610288428253229,0.32046424238105264,0.8293300807194159,both_correct
93728173f2f8191a729dd8be5bb6b87407592344e4b0e3000f3ae75b60dab1c4,top_up_by_cash_or_cheque,top_up_by_cash_or_cheque,balance_not_updated_after_cheque_or_cash_deposit,true,false,0.11410036607572349,0.17733131705099514,0.05925331897957195,0.01628714386439664,lexical_correct_semantic_wrong
937f91474a47adc12b6df45da858566e3b43258f8cd8aa954f86b3e4a7ecadc6,declined_transfer,declined_transfer,declined_transfer,true,true,0.3591399541749357,0.7930871201831085,0.2768217350993873,0.7482918221125343,both_correct
93b5eed1e6aa964ae9c1be4dc2d5e808287e5646c684830dce1c67660f08002b,top_up_by_card_charge,top_up_by_card_charge,top_up_by_card_charge,true,true,0.8613934225429256,0.870156333288147,0.8476004075869293,0.8490566199683294,both_correct
93c233d37cd6d407ab0ba495810243f89aa378160dd8d924154dca4de3b5daa2,fiat_currency_support,fiat_currency_support,fiat_currency_support,true,true,0.2270456327825013,0.4896218723372071,0.10511799276908629,0.36537203058797574,both_correct
93daac55ef9aae7de0f3caf9a6db45a3dca9af096b760ad9bc06e8a8b26ea3ed,card_payment_not_recognised,card_payment_not_recognised,card_payment_not_recognised,true,true,0.4175240517138895,0.4671894868617762,0.35614438489328687,0.32431416479990194,both_correct
93e4228709e8d850fd406500a92dadba984659edbe7c8a4d163a7a8cde4a45d6,direct_debit_payment_not_recognised,direct_debit_payment_not_recognised,why_verify_identity,true,false,0.08176186297969881,0.1648385180817535,0.021942786022027823,0.041256189473842575,lexical_correct_semantic_wrong
941e59666579221312921a496f800e4db8a7bfa21ee6c035c8494e6c270cbf3b,compromised_card,compromised_card,terminate_account,true,false,0.10182974661139978,0.16957173953233493,0.04447536725238731,0.03482947658741528,lexical_correct_semantic_wrong
94321247282308e7b0148951fa92cb6bdf99bf6ce63dd9c6e66d7bb100f1826d,direct_debit_payment_not_recognised,reverted_card_payment?,reverted_card_payment?,false,false,0.13443821162253944,0.31904113135325196,0.06093175617986235,0.10388946118716569,both_wrong
94423602b760dfede39b450afb2c23146061c4e0aae2b1c3bffa53386b432768,pending_transfer,pending_transfer,pending_transfer,true,true,0.8100448430123126,0.8331394012670802,0.7497274578938891,0.7658266855687073,both_correct
948e8936bfad4e6c4faa56de1fd77996ba0a80cd68cf59dd53bbecb09daa60e5,supported_cards_and_currencies,supported_cards_and_currencies,supported_cards_and_currencies,true,true,0.6503941328427963,0.6621824594533784,0.6185628737997443,0.5640719908817882,both_correct
94a08bc01ffcb0b6adacb167517f97e3ae00d4e9096eb03164a4d6f9f75a57cb,transfer_timing,transfer_timing,transfer_timing,true,true,0.6984208670758753,0.8648564227042531,0.6611496802691952,0.8389535219351737,both_correct
94ac609990f7537906ce3635b4bf2a79431b2fbab7d135643def89301b3e94b5,transfer_not_received_by_recipient,failed_transfer,failed_transfer,false,false,0.23716136249860728,0.384018121481073,0.08340525305958027,0.28580839082333864,both_wrong
94b1b9768da6df2a83a3275d699280107c9017875679dd138323566fb1f6a4dc,country_support,country_support,country_support,true,true,0.7473543746578676,0.6648130960957096,0.7161599094191932,0.604867859061768,both_correct
94b504e6d58b430806cc517f640dc01bf6732fe9189a1923587bf419d6a39934,why_verify_identity,why_verify_identity,why_verify_identity,true,true,0.3679210940193129,0.7730742906225772,0.11610030574404645,0.62571795739952,both_correct
94cd2646fc157cceb5ae522c90414cb313fc79fffaf5de8e750d4c79b41acf01,transfer_into_account,transfer_into_account,transfer_into_account,true,true,0.6061036311792557,0.5267150697523908,0.5133101827647877,0.4178505987310912,both_correct
94cea06c174e39bcc37b0c76d75581b8b00c3f8638c4672196fbaf3d6d540f70,exchange_rate,exchange_rate,exchange_rate,true,true,0.7087509998331196,0.7102513051043863,0.6275659990195741,0.627125372758474,both_correct
94d51279bb430302588aeb7de9cf7ac7ca14a5df6bb5b068275ffb870b043db8,getting_spare_card,getting_spare_card,getting_spare_card,true,true,0.4478874917069345,0.6467998388332208,0.3564691132104271,0.5552148735958204,both_correct
94da58f945eca02dc163b2d1a38176bc788ff2152db1112866434d15274874e3,verify_source_of_funds,verify_source_of_funds,verify_source_of_funds,true,true,0.7762474573778785,0.831712785261685,0.7657298260559883,0.8168886190009954,both_correct
94e886f624a6c8bebd0c47dc2258e0fcdfd6d5eb422cd4b0ee5bb780805344ed,beneficiary_not_allowed,unable_to_verify_identity,beneficiary_not_allowed,false,true,0.041747290516289275,0.14768103367410282,0.005892440871148562,0.059816534055119386,lexical_wrong_semantic_correct
94e9d72c72666996047a9ecf84688b5526ac99dd7292342ca93b5192654ff5c0,apple_pay_or_google_pay,apple_pay_or_google_pay,apple_pay_or_google_pay,true,true,0.8604774444585294,0.8623900064792821,0.8441489654405139,0.8400606749166996,both_correct
94ed682b4254f0bc87e91b192255a28dd8a4f4727da977818f8519416a3b860c,card_payment_fee_charged,card_payment_fee_charged,card_payment_fee_charged,true,true,0.1599557045659723,0.28874344082114795,0.10212376542200888,0.0483671990635752,both_correct
9513722f34d4ffe9cb28d58121fa60643ba80d4bfe3927f01c4d7434734c1a97,activate_my_card,activate_my_card,activate_my_card,true,true,0.3141663428742589,0.5866636958989047,0.21131526407536888,0.4295503909857848,both_correct
95355440cd4809ec10cdb65cdee8794f61686b518aa7906c42408c433bcaad2f,wrong_amount_of_cash_received,wrong_amount_of_cash_received,wrong_amount_of_cash_received,true,true,0.8887439085918039,0.4098265813179145,0.8528862225869405,0.04201745668058787,both_correct
9538a712d3dd5a9710c8fc156100a1859fc2fe93566766e1eae4129e17382c5e,direct_debit_payment_not_recognised,direct_debit_payment_not_recognised,direct_debit_payment_not_recognised,true,true,0.9700384381561223,0.9605176201432716,0.9603725900512897,0.9557460277363485,both_correct
9543b33f07d9d4339d2117d55f0b3f851bb68f48d56b1ab0dd091b5cd5672060,pending_card_payment,pending_card_payment,pending_card_payment,true,true,0.6075157166448204,0.8627555494163157,0.4824084062854499,0.8165266700574689,both_correct
9567801e42876835090c3238a8c61534d632f1e9347be480b70ebc2888f4bb7e,country_support,country_support,country_support,true,true,0.15285008802568048,0.6437233773080319,0.05608569229097811,0.5850501148726794,both_correct
956c2600858ee0ca10b17279809e1ee8a120fe4b8aecfe879360e939d85aa8c0,topping_up_by_card,topping_up_by_card,topping_up_by_card,true,true,0.6074134141170606,0.44475265893006677,0.5385722626230177,0.2562401235974002,both_correct
9582df45f16cd03cbe8ebe45a01b0082c9b15f1ae0c718a441568b34ffd598ca,pending_card_payment,pending_card_payment,pending_card_payment,true,true,0.3723908421447452,0.7548454973591896,0.32483965737136816,0.6969842924292347,both_correct
958b5ba4d32efbe16509d14c72957aeb8db2ec06b6543e2288f127e31202ebd8,transfer_into_account,transfer_into_account,transfer_into_account,true,true,0.4699218191829041,0.7275519480444853,0.4134832633553871,0.6837362005234807,both_correct
95af8cb16849f88d12cea1249200db0fc59bb4a9a05fc0808afef3f77972111e,transfer_fee_charged,order_physical_card,transfer_fee_charged,false,true,0.0835195676641943,0.26489056820025947,0.02841964040183175,0.11259382728725989,lexical_wrong_semantic_correct
95cb5ea5074dd26a402c8c4d1800c3e7566699575f3332304ee548d2a75f2881,visa_or_mastercard,visa_or_mastercard,visa_or_mastercard,true,true,0.08130072425522474,0.20758410008052516,0.01000848775202652,0.11408075567727462,both_correct
95e35b5afd415ece368d5bd4c17c2f3ff5665ea57b71614e3202197fdca03e0d,pin_blocked,pin_blocked,pin_blocked,true,true,0.9203868971692732,0.9580758883683201,0.8990505569122195,0.9515250036421431,both_correct
95ea7649463b9fc9b5d39982423c31a267061aecc923d0f1284350dd7d2d7232,change_pin,change_pin,change_pin,true,true,0.8851560876003094,0.9177587790725827,0.8584168890263842,0.8838044377071107,both_correct
95efc6394a6ca8bdd7d4de85247381335962dcea64dea44c61cc6af53b67e1ea,verify_my_identity,verify_my_identity,verify_my_identity,true,true,0.34040213663309393,0.7113618940789426,0.17868449534380135,0.6106326170271917,both_correct
961f35684be992cb9ac8e09101871149d0b8618e625c24f81f4fcd48cef91c95,cash_withdrawal_not_recognised,cash_withdrawal_not_recognised,cash_withdrawal_not_recognised,true,true,0.35907908994027193,0.3787431683949511,0.31811144663221813,0.30104549099770017,both_correct
9627a0ffdc6397d3aff79496e42eba7bb00a53bdec8a2854f08c212a36c82f61,activate_my_card,activate_my_card,activate_my_card,true,true,0.8509130263173645,0.9003677475592878,0.817325130339503,0.8564974562182827,both_correct
963f33b0b0a18552dacd0cb2cd07a076489dd58e8339a34bce41bda0342a8997,wrong_amount_of_cash_received,wrong_amount_of_cash_received,wrong_amount_of_cash_received,true,true,0.5148708258373051,0.8135708731508933,0.38211492667570135,0.7545740283283727,both_correct
964c4391b7ee80ddcd79c0c37cf2fcfe2c8d5399d2c121ff82df0ce450569a2b,beneficiary_not_allowed,beneficiary_not_allowed,beneficiary_not_allowed,true,true,0.9129832015819814,0.5987650818367589,0.9005559053838181,0.5612221329740841,both_correct
9668632aad06ce779b2e600a83cb4209f8581ed8d9121a37faab2d524712e9c4,exchange_charge,exchange_charge,exchange_charge,true,true,0.5924390099574646,0.6389271367897552,0.5221278705292647,0.5495597592692054,both_correct
966b4bedf0fc0661ea24c1ff035ad88392653e0d2b53745bc9450cdbadf24fc1,failed_transfer,failed_transfer,failed_transfer,true,true,0.5231643082005907,0.2562679351058946,0.44460101800711777,0.10042762687491491,both_correct
96a6da7402da18d97c0fd9bf47f0c9ac831ee4f32388da0f660d90c20a3f4326,transfer_not_received_by_recipient,transfer_not_received_by_recipient,transfer_not_received_by_recipient,true,true,0.7903358259534304,0.7603990283149433,0.7423491490447478,0.7411549415803445,both_correct
96c6f5814e6c17f71a514d68ad3641169176d193771267b70ae91cd69feb1dd0,top_up_reverted,top_up_reverted,top_up_reverted,true,true,0.7639548059006338,0.7847111450138797,0.7159025173097415,0.6792159052167459,both_correct
96cf42481185d7518321d9ea0cd8c148599ca88fbb122d32a9afae03c0b18669,pending_top_up,pending_top_up,topping_up_by_card,true,false,0.1552658316262414,0.2131263009226789,0.05038275692340838,0.05141513219282848,lexical_correct_semantic_wrong
970798c6e3de35bd0d4d1365bf45218ee0ad8dee96edcf920e057cf99f370424,verify_source_of_funds,verify_source_of_funds,verify_source_of_funds,true,true,0.8657286961357878,0.8875782839577793,0.8561232005369308,0.8790314163307574,both_correct
970af27b3fc358c657c1e7421e7b1527b4ca201a6f2c9129d9b9b07ae734244f,Refund_not_showing_up,Refund_not_showing_up,Refund_not_showing_up,true,true,0.49542806201587164,0.7087065464675913,0.4062919115233398,0.5177353871241241,both_correct
9731d93bc564a3f5b77b8663ff2673cd10929c9c8faff9f2cbe7fba8030e5523,pending_top_up,pending_top_up,pending_top_up,true,true,0.12425757469786287,0.4945458223735683,0.06789760654558158,0.43612423624895386,both_correct
973bbd5c0f0679797bf95f0f3bf94b3214dbc1e6f4bffdaf0577b05ebf81d594,change_pin,change_pin,change_pin,true,true,0.47794471471100225,0.8298541309697365,0.4326906526236286,0.7466526465251653,both_correct
9752858739cb31f74b5d6f01bb2c278bd1cede572da913c9b8348219110b833a,failed_transfer,failed_transfer,failed_transfer,true,true,0.6173130374088563,0.49115754135485445,0.5411676732674704,0.3659419525846292,both_correct
9755e26ab28f828072560392b753fa000af4685e3d7a6b6e3578f848633ffc32,getting_virtual_card,getting_virtual_card,getting_virtual_card,true,true,0.850136397733715,0.6637911383923921,0.8142403088773876,0.5855808963794114,both_correct
9757696c47a66a8e4d0c940e91cb1c2926b4f0dd61cd6f4ee9aa5d3abf1ca529,apple_pay_or_google_pay,apple_pay_or_google_pay,apple_pay_or_google_pay,true,true,0.9161600824212357,0.8654110366982614,0.9065684802362634,0.8392446737701552,both_correct
979a61657dad4e148aded67a7dc6f0827ac7e07406b99b77ed63102a81b5b831,card_payment_not_recognised,card_payment_not_recognised,card_payment_not_recognised,true,true,0.25694639542304204,0.3525198410421461,0.08254821559744685,0.2380663823662107,both_correct
979bd6b54abba2effff13907a4f517e9f68089fe71a4dca7ab00d1718ba40e4a,top_up_reverted,top_up_reverted,top_up_reverted,true,true,0.7208020972896375,0.8606403392590931,0.6481687657906099,0.8116397342186473,both_correct
97a00bc8a3930778b2adb14d7c8dc31ec090d8260b8b2a2be8698330d313db5d,top_up_failed,top_up_reverted,top_up_failed,false,true,0.3513713200364852,0.7106004450380247,0.13280062654823263,0.5661409091797136,lexical_wrong_semantic_correct
97a94cc67ff6881398ff50c4bd833d196b8f7ccc756592a9d7f7ed4b794c03eb,card_payment_not_recognised,verify_source_of_funds,card_payment_not_recognised,false,true,0.1970122269280242,0.37223353939934395,0.03936050127739013,0.2593670203857458,lexical_wrong_semantic_correct
97af1198691e724e1d23613335952a80a97cb8d04afd8ad876317a9c45d5bacc,passcode_forgotten,passcode_forgotten,passcode_forgotten,true,true,0.8005269649882115,0.9108400760437622,0.7662835441812136,0.8942707782028912,both_correct
97b3b5836feef3ba975284122733e75d2b5bb4690c1cb840a4fc2a763afd4f2f,get_physical_card,get_physical_card,get_physical_card,true,true,0.6712124824306775,0.6645905268072609,0.5594692231345001,0.6164315717057841,both_correct
97d3533dbc85f23e8a6c9453ceeebade810fc52a7c075994e9dde41ab55f402a,top_up_failed,top_up_by_cash_or_cheque,top_up_failed,false,true,0.3382842332555086,0.5971826617348391,0.22921414097209727,0.48171163446244813,lexical_wrong_semantic_correct
97d5d2ae7cb9bcaa349fc5782a27407fe58fc139c51d628d9db97ac8264f1463,fiat_currency_support,exchange_via_app,exchange_via_app,false,false,0.42607838908798645,0.4361601867499152,0.26022187541593944,0.1810336521303022,both_wrong
97d83419421ca69f65738bea9c96574523388e26c837f19d8489c9634590f337,lost_or_stolen_card,lost_or_stolen_card,lost_or_stolen_card,true,true,0.17483734850639626,0.6434231017890905,0.13102010116673404,0.5354163967962917,both_correct
97e0297d766b7f0c1fa1fc287e9f75d8ce6ee0bb94497e3595caaa5a06c5b0c6,age_limit,age_limit,age_limit,true,true,0.3291057195953928,0.5038514036434423,0.10216884193778666,0.41630685663447076,both_correct
97ee8a8e2ebd38da431a946ed42eb3e348dbb149205c739b7fd88b2b57e1d61e,card_linking,card_linking,card_linking,true,true,0.5840339814946421,0.5764032768188212,0.5029931502089711,0.5049982153826952,both_correct
97f9ec9337873fa20d12a16759a6b5c45db6edaa66573ad9bb6dc6df1960e79d,card_delivery_estimate,card_delivery_estimate,card_delivery_estimate,true,true,0.6280544463760646,0.7630729850721191,0.6078692581984336,0.7351530900392432,both_correct
97ffa48bb58e26e4e637c26f4a0040b6615191c6f4e524cf13c2d5f73913b153,card_delivery_estimate,card_delivery_estimate,card_delivery_estimate,true,true,0.3676042528334803,0.6438560854760155,0.32641076925268486,0.43904581183116953,both_correct
9806aaa33f1a5a8138c09c606dda23c9162ee394a145b086b575227b856ab6b0,Refund_not_showing_up,Refund_not_showing_up,Refund_not_showing_up,true,true,0.8309877949514373,0.9097726049665066,0.8056238962647337,0.8900229555515946,both_correct
980a26b0713a08f8037739bb84a18dde9ff83688aa41fab26ae367d46a00d633,pending_transfer,balance_not_updated_after_bank_transfer,balance_not_updated_after_bank_transfer,false,false,0.2476867459181377,0.41178683753317896,0.038872777933019714,0.17118640409591765,both_wrong
980c3d08649852beedb6b2a8278a6b3ace65c0f3f634a6493df3699af1671478,transfer_fee_charged,transfer_fee_charged,transfer_fee_charged,true,true,0.6173576746002296,0.7191182102740371,0.5252916846171645,0.5959410995513496,both_correct
9816c582ecdcfdb0b380fb84236841575de7d64b5b8dbf4f438880b52e0a3b39,passcode_forgotten,passcode_forgotten,passcode_forgotten,true,true,0.8515668131086628,0.7965835440907629,0.8363708878652779,0.7784707908209143,both_correct
981d8f628a6ab579e6ff6276b16963ab2377ed77ab539877bdac69a50d97a720,beneficiary_not_allowed,beneficiary_not_allowed,beneficiary_not_allowed,true,true,0.3775034393802667,0.614639688934932,0.349313606024685,0.5462907521208888,both_correct
984a7bf8916e698267e0eaafa8ff6fa98a7fc5e828125d890b35234a7eeb5825,passcode_forgotten,passcode_forgotten,passcode_forgotten,true,true,0.8200059217611102,0.9169298187129689,0.8138826753530367,0.9035823139266304,both_correct
9858626c3bde4e82d62a0670b183a3a912edd02cd09f7785a26125aa5ec27093,pending_card_payment,pending_card_payment,pending_card_payment,true,true,0.9273841062829771,0.7666204472883905,0.9112955834419414,0.7294192504725631,both_correct
985aec6bee8ef1aff590d7422bd55add06673cf9a7e02f88cf8277e2773c3550,beneficiary_not_allowed,transfer_into_account,transfer_into_account,false,false,0.15878721057128029,0.5448152827925765,0.05845356033716634,0.46089175962390716,both_wrong
985b02df1cda8b86eae6ff6d926a72b30e696276ff40e4507a4290ad1b06a629,atm_support,atm_support,atm_support,true,true,0.8450826110789063,0.8669020014966925,0.8190289705255381,0.8424420420111428,both_correct
988400f0f3393b4d919afae9f7b810daf555bd6b45503bbcb01ede1355149628,cancel_transfer,cancel_transfer,cancel_transfer,true,true,0.9100576351407067,0.9517125466870977,0.8928050339081252,0.9358981285517125,both_correct
98aff9c34062adbe127e69bd68fff12b0d0290128b4a83c130d8603e530eef16,terminate_account,terminate_account,terminate_account,true,true,0.6466606617740962,0.8648806233488809,0.6313858628747379,0.8472136441108103,both_correct
98d79b1df2ab567f2d546fb035f3da017857fe97c9179e56a677bc36461cf616,pending_card_payment,pending_card_payment,reverted_card_payment?,true,false,0.3619861966997621,0.3787437413647596,0.12933561263201984,0.1496345087832293,lexical_correct_semantic_wrong
98dd612c3db6648153b89c05ff71924562b8604af689aecb39d1ac4493d2dc78,transaction_charged_twice,transaction_charged_twice,transaction_charged_twice,true,true,0.8794455547911526,0.9283552102119496,0.8654085298630155,0.9126176471856725,both_correct
98ed46570b7d2dfd09a43ca5163dc1b31015dd851b8e971b03604b98427956ea,cash_withdrawal_charge,cash_withdrawal_charge,cash_withdrawal_charge,true,true,0.4407643355548988,0.6853960649085726,0.28669371174485375,0.6022245439701824,both_correct
990b1521db0a35ae82e8954cfca76fd930bbd362dbfbd6c4f7554194010a3405,change_pin,change_pin,change_pin,true,true,0.5955543497934935,0.8362438374747727,0.44825888486205556,0.764434562095367,both_correct
9924a8ad5b5c380779f50fcfe9bd40000a0d74bd6a331998c51cb17d7bb8d3f7,activate_my_card,activate_my_card,activate_my_card,true,true,0.8987183111915498,0.8000857406803206,0.8808027412161303,0.7312462389827034,both_correct
993960bb193ce5a3389ecf45fd3b7a6de39821f2f7673b4ba5dacd0b8978c71e,pending_transfer,pending_transfer,balance_not_updated_after_bank_transfer,true,false,0.17875424555505523,0.20253789073032963,0.014272899259389293,0.004962413676104088,lexical_correct_semantic_wrong
993b974bffaf660d346dcd000ae5f1f939b808a28f65a587c94c4a8152f2cfa6,top_up_reverted,top_up_reverted,top_up_reverted,true,true,0.3710140709877763,0.7495375776291241,0.0232825894927689,0.634333977640645,both_correct
997bfd1536163ce2c1103cdf0a33e5e7387be34b02ed8f5b5b16d5c73f8bb09b,compromised_card,compromised_card,compromised_card,true,true,0.6357301765631391,0.39030904373550623,0.5693561170997934,0.27525989125795913,both_correct
998b253ac42e2565b6854514b48ed4043bab30f1dc68c8aa3f88c45ac1e792a6,failed_transfer,failed_transfer,failed_transfer,true,true,0.493157863829448,0.6977194288134233,0.4233343532708669,0.5904615412444683,both_correct
998f054429b2711897da732b36197228f779f223e20e8d1befe14f69ef06ac83,terminate_account,terminate_account,terminate_account,true,true,0.5745542243398887,0.8409582072087076,0.5559002064550977,0.8226374619267822,both_correct
99906adbb7170a04092417542aafdea2c0ca6311b8f7907a6d53c74b601d48a7,top_up_by_cash_or_cheque,balance_not_updated_after_cheque_or_cash_deposit,balance_not_updated_after_cheque_or_cash_deposit,false,false,0.7711935967705975,0.5660306402030869,0.6128180036378987,0.20477368673281887,both_wrong
999ff0764f98486ea11e784964501cf18fdc8aba8ba5ea9fb92e633470b06913,cancel_transfer,cancel_transfer,cancel_transfer,true,true,0.21846899606637368,0.5021524977259826,0.13245036874547467,0.3139365299420239,both_correct
99a0aa8bdfef44a22a0c0d94078212ff00af491ad4714dd207f4c767fbf96f12,get_disposable_virtual_card,get_disposable_virtual_card,get_disposable_virtual_card,true,true,0.5305819347725983,0.6220384891343348,0.46866316800145036,0.5231343218132113,both_correct
99b25b466a0fac23f3e099cddb7e1885b089b4b8e5c99a865682f75ac8400fe9,getting_spare_card,getting_spare_card,getting_spare_card,true,true,0.7543784545859772,0.6011251740718213,0.6322689997285653,0.41929699687998223,both_correct
99b3b73a47d326fee028a339eae66172d7581a4e21e11cf2fd4eaa0d0ecd2643,pending_top_up,pending_top_up,pending_top_up,true,true,0.1813571804914532,0.44474592221050935,0.06248479553985771,0.35789613868377324,both_correct
99b7a318a48fd525060fa0029eed78f58bd0db6d31441a45ed777f31f5bdfd1f,declined_card_payment,card_payment_fee_charged,declined_card_payment,false,true,0.03958923733772335,0.20858824861024972,0.0014637410232317336,0.06187937268174343,lexical_wrong_semantic_correct
99ccb3f3cfaddc48ba41c065259d6fe6aab9d25ef2661cdaa2b94e5e99fed326,topping_up_by_card,topping_up_by_card,topping_up_by_card,true,true,0.4031299510305013,0.468512034370652,0.3076625901814861,0.3411084827059809,both_correct
99cef7f8a92550f0df7db8cb7a79e7451c1898c747e77c69d0d6db3d5367df70,atm_support,atm_support,atm_support,true,true,0.48031556145489296,0.8196977237201468,0.4491423635632977,0.7914846255127437,both_correct
99d86a48c4385e2e078f43f6318e0b91bb020856e6dfb61375c767a32ddd7c3a,beneficiary_not_allowed,beneficiary_not_allowed,beneficiary_not_allowed,true,true,0.15941778199994583,0.4513835486460857,0.09801158104616343,0.3649203887530773,both_correct
99dbdf00333d3312efbf3b6112c03519c47b4555615f2ceb71802fbcacb0a47f,visa_or_mastercard,visa_or_mastercard,visa_or_mastercard,true,true,0.8451642590965668,0.9539846795177792,0.833547317647828,0.9408564806780763,both_correct
99e3ce48de9eb3a4b1e679efd52ffa975a738aac4738d36452461c05a94b5773,pending_cash_withdrawal,pending_cash_withdrawal,pending_cash_withdrawal,true,true,0.7170127602433348,0.761830887108961,0.6761526446098997,0.7047250574238391,both_correct
99f9a796b055c083a436b78cbcff876e4486b73dab7a144b5c09e28b7266ac8b,card_acceptance,declined_card_payment,country_support,false,false,0.09571185460078377,0.23984246328618283,0.015340796098025064,0.02748873379738148,both_wrong
9a3fe488362f67650ffa59150ae2f89df50448635bc1f0bbb68c9e7bc9e5e2cb,get_physical_card,get_physical_card,get_physical_card,true,true,0.5912865273854152,0.7366821483091615,0.5138374272035524,0.6882845860731029,both_correct
9a5d2f2eb909b13a504b35dad002540be59ed726dfcd9a013c070bfc1c42cfe6,activate_my_card,activate_my_card,activate_my_card,true,true,0.9662925296177253,0.8375662642495729,0.9643144221785215,0.8217819666664864,both_correct
9a79a40a880607a3582ce1a0a3650b22ea47bd64f4526ac5ef7b8c7d52049cfd,why_verify_identity,verify_my_identity,why_verify_identity,false,true,0.5713234425734234,0.6152529784465716,0.256225473094547,0.3601683780387924,lexical_wrong_semantic_correct
9a82adf04d3ca71cd106153566c642fe3143714fa580095fcd6111a1828026ed,declined_cash_withdrawal,declined_cash_withdrawal,declined_cash_withdrawal,true,true,0.24314710981056964,0.5020311491136789,0.15653905138070742,0.30555335145645246,both_correct
9a85bfd2d9a6e8e7ca0d68ec2e17bec4fe6b645e98a3b62f7d6be798001b834b,cancel_transfer,cancel_transfer,cancel_transfer,true,true,0.38263536222667444,0.38944055641671177,0.2568723518406494,0.15808886047118753,both_correct
9a8cc7e0308f7dfd8925283819606dad5d2c4a0ca8cfae626bc3ea3ec7fe2ea5,virtual_card_not_working,card_not_working,virtual_card_not_working,false,true,0.14244466564954694,0.46339249160950485,0.02815581598481745,0.2779953115173556,lexical_wrong_semantic_correct
9a9bd85ff5c0c665f4553d1f7f51c4338b5246afa2a7374e1663889ac5a2b695,card_payment_fee_charged,card_payment_fee_charged,card_payment_fee_charged,true,true,0.4092361826270779,0.6500187004799641,0.35222863647436453,0.4858961868130879,both_correct
9a9d8b9666da09b14a63ed2922981d1468508d9232464255a4298f2992dadb7c,Refund_not_showing_up,Refund_not_showing_up,Refund_not_showing_up,true,true,0.8567900712719095,0.7191899344251989,0.7971997447539072,0.6047698330211726,both_correct
9ab2273deafb9fe32b4269547c1d72b23a81cd782949247b76afec669c897ff5,virtual_card_not_working,virtual_card_not_working,virtual_card_not_working,true,true,0.4263049052632163,0.6536215320931583,0.09397176265580826,0.4834617444831161,both_correct
9ab8e366ff53f0428a91bcdd1d2a5b011a8db7829c818ee0ddda0f7b0bb194b5,get_disposable_virtual_card,get_disposable_virtual_card,get_disposable_virtual_card,true,true,0.6890171005635362,0.5200717412440848,0.5926756659403668,0.3949409553484906,both_correct
9ac6c128a12e81867f2ceaf7c90da5a57f1313d0b14eb38733098bdc3f041839,verify_top_up,verify_top_up,verify_top_up,true,true,0.8403770785309908,0.7782320199157683,0.807731354692949,0.737397673387796,both_correct
9aff961a27424d17a4f5d2ab919ae01adbc43293fd446c3c7daa7d51d3c9c337,pending_cash_withdrawal,pending_cash_withdrawal,pending_card_payment,true,false,0.215921251904911,0.20226570224299303,0.007485389524107683,0.03699603841257623,lexical_correct_semantic_wrong
9b093fc578f60c1b8286247c5b8d56afe521a73d31839f222a58f50f5a3f31d8,card_payment_fee_charged,card_payment_fee_charged,card_payment_fee_charged,true,true,0.28051566297743874,0.5316563543071481,0.13766574423324698,0.4126998701097311,both_correct
9b2f6b3e2d57e926897ba57b7810f29731df9032e485db19a9586bb3b9a2445f,declined_transfer,declined_card_payment,declined_card_payment,false,false,0.11207956441873825,0.2974866108380677,0.013838673432713902,0.19990153797917654,both_wrong
9b354d98e4ce14179475466da292d0c3a2e634fdbfe58a0a911299ce9949574c,wrong_amount_of_cash_received,wrong_amount_of_cash_received,wrong_amount_of_cash_received,true,true,0.7047280270572108,0.7117177890153685,0.6524007775823191,0.6739901404459614,both_correct
9b52010ac9616c30c41ba2a7c98009ba02f2f63f9319318cfdb1e81efdc190bf,pin_blocked,pin_blocked,pin_blocked,true,true,0.3260194681402801,0.9134457920527009,0.3047985695980203,0.903042835078671,both_correct
9b75332339ae1ed63ab868bf657c4abe0d86b0470371488e19b4d2e10f006bec,card_swallowed,card_swallowed,card_swallowed,true,true,0.24399609731428282,0.5747474830392132,0.2086171616031223,0.5114945795440445,both_correct
9ba5987cb5df82f197c1987c742ba59e3e2038737544ec100bd525262db21509,direct_debit_payment_not_recognised,reverted_card_payment?,direct_debit_payment_not_recognised,false,true,0.22636506793801595,0.3136678164430735,0.11539015621978595,0.16472873667671759,lexical_wrong_semantic_correct
9bc35df0dc5550e08c7a1a09a810b3bec9d80dc53088dc358e5b1252a7eff273,card_payment_fee_charged,card_payment_fee_charged,card_payment_fee_charged,true,true,0.5651522446251405,0.7213446781685877,0.5399148590245219,0.6918901988967942,both_correct
9bd08d32ed74475fdde7fa99d351cd88345071830de44a4c3d56521a1869ef8c,getting_spare_card,age_limit,getting_spare_card,false,true,0.06080658319085384,0.396329119357712,0.00806526084784473,0.2337759612373056,lexical_wrong_semantic_correct
9be1e008f3286c54f6990be65ad65be1b5cf59dcec0a959dd7c53cafc9dafd47,declined_card_payment,declined_card_payment,declined_card_payment,true,true,0.24608327813121045,0.2281102369830377,0.03700428764507835,0.04479872525460235,both_correct
9bfb3943c6c59f460aa113226ed4ae58ab248322d7717cd41f2cd1f7aade2fdd,disposable_card_limits,getting_virtual_card,getting_virtual_card,false,false,0.5313784735670053,0.5329249395534552,0.43126773187614953,0.3577866030466562,both_wrong
9bfccfec3fc7f80e92b5bab398d5fe5c8414c147f141b79061056c25026a3662,wrong_amount_of_cash_received,wrong_amount_of_cash_received,wrong_amount_of_cash_received,true,true,0.7333967150322203,0.8338363074260796,0.7103071555000219,0.8167811723946415,both_correct
9c040a7850c4fba1d383d249df46989d19df316dd19ac975ffa689aad4f485c9,top_up_by_cash_or_cheque,top_up_by_cash_or_cheque,top_up_by_cash_or_cheque,true,true,0.26099024446093666,0.5004664234982036,0.1736462170544149,0.4325340939286456,both_correct
9c07f9447bb43e020558095d460375981fc7938302eb31df7465f2116f063f4e,cancel_transfer,cancel_transfer,cancel_transfer,true,true,0.3261868304005206,0.6936669863940952,0.2364955250919233,0.6250664100248541,both_correct
9c4064b739170273159660e1da766dc27560b70b8dc2fc39b07d8d122dce8ffb,Refund_not_showing_up,Refund_not_showing_up,Refund_not_showing_up,true,true,0.871545599530494,0.8527755753101383,0.8161140599536733,0.7767227830253877,both_correct
9c6cbf82a46b243f941ac7818ea1587213e4c9923a6fcdf5fda3d1b2a476f434,direct_debit_payment_not_recognised,direct_debit_payment_not_recognised,direct_debit_payment_not_recognised,true,true,0.8914905059506576,0.9349857209320447,0.8881684612427466,0.9246054274225521,both_correct
9c8d8db0f05c8555fe16d2db0086bee04a0f6eb27130f07c27cea64e88286616,apple_pay_or_google_pay,apple_pay_or_google_pay,apple_pay_or_google_pay,true,true,0.48808174091116613,0.6930013703604926,0.40158911290133315,0.6091839521517491,both_correct
9c96c0e2c9f139087b5e497514b0da15e77b7ea6e2643233a3fce13324630a50,receiving_money,balance_not_updated_after_cheque_or_cash_deposit,balance_not_updated_after_cheque_or_cash_deposit,false,false,0.1823125969751271,0.39205630133693187,0.10656538974714193,0.0627692600182686,both_wrong
9cae587f05c6dbc6d9bcb789f9e0527ed11156d978348724718adcf30786cfd7,card_not_working,card_not_working,card_not_working,true,true,0.36066138083628674,0.7135703096119321,0.19834964139046135,0.6353905199700622,both_correct
9cb91d8421f6878103f183099d0b4a7135cc60dc20c6c4a957fd1208a0aeb2b1,verify_my_identity,verify_my_identity,unable_to_verify_identity,true,false,0.5595409210896538,0.3227100336940671,0.40144446306239856,0.04804216351419199,lexical_correct_semantic_wrong
9cc8db6b0712f40ef968badc9a0df1be7c7af074589d37888426b3204527531d,contactless_not_working,contactless_not_working,contactless_not_working,true,true,0.0714673415446434,0.16274084063831326,0.009402410368253927,0.0071921302239612295,both_correct
9cdf3d9dd171302b162f1a01e9d1d38e7ebabbc8ffab77226e53d4e7ba1d15a7,top_up_limits,top_up_limits,top_up_limits,true,true,0.5822776813992017,0.893291907528199,0.522477095504077,0.8692123718537448,both_correct
9ceb9ebc2a9842cd2bd75b78c55485de64b9d24f2a3cd90bbf7d3315a6192f2f,transfer_into_account,transfer_into_account,transfer_into_account,true,true,0.8346752037327845,0.8506613115294684,0.7954432118569138,0.8357997264051448,both_correct
9cee4cf5f837525c52c4a86b93159891d0f0afb9f6498bf2444d5f37a6fd7cba,contactless_not_working,card_not_working,contactless_not_working,false,true,0.273672932798741,0.4223785534631385,0.1537637629229881,0.21666521470167271,lexical_wrong_semantic_correct
9d24fe99315924125cb20d98dcc32e46808af8c4aa80cce90aca5c49417c255d,verify_source_of_funds,verify_source_of_funds,verify_source_of_funds,true,true,0.9214541263974955,0.8803136272264303,0.9179443588518592,0.8675043705433575,both_correct
9d524c5196cb63ae8c12bf6c7cc08967c946dd78e1d27ab62c6625b03412953e,contactless_not_working,card_payment_not_recognised,reverted_card_payment?,false,false,0.4111051561996408,0.20857335575233923,0.25041783594575706,0.10154498598369377,both_wrong
9d80567a5d1e696a3937eb720dbc35983eb1b49d8baa309bad3549296bf5a1ec,declined_cash_withdrawal,declined_cash_withdrawal,declined_cash_withdrawal,true,true,0.2690785195145296,0.5110098846693402,0.2136695459919986,0.46761169049856244,both_correct
9d94067db8f83bba347c191a8502fc23c371d930d5c8f79b111eb36a2fa2e05e,topping_up_by_card,topping_up_by_card,topping_up_by_card,true,true,0.6763494410045442,0.4378734391451313,0.6317151530189499,0.3366736507922404,both_correct
9d9cbf1c0851d77c6b71ddcc4a709476be89dd8a274d13c40bbd3257586cae82,unable_to_verify_identity,unable_to_verify_identity,unable_to_verify_identity,true,true,0.16807846720613115,0.48806007746770486,0.12348836550028011,0.40715479945043764,both_correct
9d9f8e179f2200f28627cd45d8ce4e3da07fd93e3e64cdff0e887696985eeaaf,top_up_by_card_charge,top_up_by_card_charge,top_up_by_card_charge,true,true,0.28176999517470536,0.6131586673669143,0.124516940118576,0.5214111060024763,both_correct
9de64a83b5d249dd547de926f8b3a29c99fd0931589a30ed019018aae31ca24e,country_support,country_support,country_support,true,true,0.3706965725221484,0.8007235913793634,0.3454980550603675,0.7671742253510037,both_correct
9e0df53c54123cc636f0c628feea9ec07b9d25eb507ee54d9e94814cbd9fba90,card_swallowed,card_swallowed,card_swallowed,true,true,0.49575907170894373,0.700019695951065,0.456667581929817,0.669525893550947,both_correct
9e233dbff6e2567808807ec6689f766c3d7a4f0c31f0885955a1071f73a12875,card_arrival,card_arrival,card_arrival,true,true,0.8223446290524908,0.8821955930084232,0.8076158736397083,0.8648615634965907,both_correct
9e282000f2ed1edadc8ab9b8abcf697c6c471edc359d15dd33fdca1cfa667d58,balance_not_updated_after_cheque_or_cash_deposit,balance_not_updated_after_cheque_or_cash_deposit,balance_not_updated_after_cheque_or_cash_deposit,true,true,0.544925628053465,0.6432367202144431,0.49379616824358735,0.5965041892468514,both_correct
9e434ec72af5cbed5b57bd5fe0684e17b2f38cf2f338b2340b2a739aa2842d7a,failed_transfer,failed_transfer,failed_transfer,true,true,0.8096179836482977,0.8301074742268865,0.7783519130855109,0.7734544762552764,both_correct
9e5a788b565471eaaa02aba812673087fd4442a59d4a3df5b2e7d7ce977dc0ae,cancel_transfer,cancel_transfer,cancel_transfer,true,true,0.861117424606384,0.7749786040987282,0.8414710701136673,0.7484393158256529,both_correct
9ea4a5907441306eed54856f68ed5ce859190995056a0daf65bfc80bb6fc2fae,topping_up_by_card,topping_up_by_card,topping_up_by_card,true,true,0.3970877590852314,0.35951771233723684,0.3335648770079894,0.24397632293980756,both_correct
9ea705d84f0babc86517cf716d2701faffa81fa2c5b9fa287f4e1cc60a951a92,cash_withdrawal_charge,wrong_exchange_rate_for_cash_withdrawal,wrong_amount_of_cash_received,false,false,0.11121190194852312,0.23081369096048296,0.01730115866654676,0.12074301701882299,both_wrong
9ecdf057d4f30c55236e6bc1181e6f94ceeb96167db74b7f3a45afdb46bb8dcc,virtual_card_not_working,virtual_card_not_working,virtual_card_not_working,true,true,0.5609955610660283,0.6802921854049632,0.35621261261423764,0.5365612798572554,both_correct
9f039699fc785d01d30c24108fd51bf8264c035944bef9207213f825c3e5c376,lost_or_stolen_phone,lost_or_stolen_phone,lost_or_stolen_phone,true,true,0.4267471175069905,0.7880262333909551,0.39812379380187823,0.7495361779792823,both_correct
9f2f53845b627adaca2c819f99c46163ddd0ea6ef9db99cd54f8cb1508f8a598,card_acceptance,card_acceptance,card_acceptance,true,true,0.5777519683544567,0.4679782683553378,0.48572546570840025,0.4050757812717416,both_correct
9f60618ec9c68959c9e16efe4901d6ce740afa061bca366e548e0e33a9bf3998,transfer_timing,transfer_timing,transfer_timing,true,true,0.14516879610734007,0.29903846406180074,0.07234752137502785,0.13982155035756177,both_correct
9f7d302cf2de11a6f16d4b3bb6de120c3be47cb2c432673ffa497b63c5e4bc54,passcode_forgotten,passcode_forgotten,passcode_forgotten,true,true,0.24774350491784544,0.4830690703284531,0.18525901656510954,0.41703883806863074,both_correct
9f7f3f8bb770105b75c0c3356f8a095fca256ab1793519a9095691d06142a387,cash_withdrawal_not_recognised,cash_withdrawal_not_recognised,cash_withdrawal_not_recognised,true,true,0.5720822016400969,0.4219980341855174,0.48260177943345556,0.1451255132293633,both_correct
9fa1867c2461edd4ff5caa0a2676f877ad18385f7e9bc6edc756b7f470d972c4,topping_up_by_card,topping_up_by_card,topping_up_by_card,true,true,0.6393969726908194,0.6390759487140216,0.5953597956273168,0.5954745132635859,both_correct
9fbb86d43509261a61537a4b54575e560856bd6f820a0291e6070760c8948827,top_up_by_cash_or_cheque,top_up_by_cash_or_cheque,top_up_by_cash_or_cheque,true,true,0.9123795056543075,0.901999304595105,0.896872367620079,0.8893799805614888,both_correct
9fc0a75ba797749e895b4c8854e247a51f749e680d0b3c7be9a269ef91fcb6d1,cash_withdrawal_not_recognised,wrong_amount_of_cash_received,cash_withdrawal_not_recognised,false,true,0.22270917469472132,0.4598086619493451,0.07257863974474418,0.29568015447808993,lexical_wrong_semantic_correct
9fc978e7b0d6f0c54bb7727f7091c517ef8bcbce7af751241afdb04898eac715,card_about_to_expire,card_about_to_expire,card_about_to_expire,true,true,0.9071218396466877,0.8589173180126841,0.8974332219959187,0.8389230084370598,both_correct
9fea318bb0fc77e92364376e0f4d30ad30ab1e7bd7c41d6489a2fb3d9efb8766,card_arrival,card_arrival,card_delivery_estimate,true,false,0.31280896205519954,0.47140807203647017,0.07629733396710739,0.12522339917221398,lexical_correct_semantic_wrong
a00bc51f243ac5635de96a57fecabf68dc4979572ca2d7279963c64c0e89c44b,card_linking,card_linking,card_linking,true,true,0.7083720904340958,0.6102157602677907,0.6872861325144362,0.5089303261366156,both_correct
a00bd981ea7de2f5dbaa33244682fe8ad930ade13b6d363a09816026abb8103e,card_delivery_estimate,card_arrival,card_arrival,false,false,0.2914732353733279,0.4108424817664345,0.20593531610975777,0.07306781061486517,both_wrong
a03a62df884ede2e822f85b665fb062c5c5f2b2e336d7573bf3f2c253877772f,pending_top_up,pending_top_up,pending_top_up,true,true,0.23247264623325706,0.4758749373476267,0.1297654713282585,0.3733630966485445,both_correct
a050fb3108755e999e2865101a8bdf524e747368c5a794ee5b4621bc08db0e54,edit_personal_details,edit_personal_details,edit_personal_details,true,true,0.5311430968677734,0.8471098344518695,0.49205650314060356,0.8308685544617432,both_correct
a055c6e847cf173195decdaf6b1ae1b62b922465251d9797290fc23164727ebd,transfer_into_account,transfer_into_account,transfer_into_account,true,true,0.45489083623190796,0.34904315095917104,0.37338431139336126,0.2440106821509957,both_correct
a08d7b7e131566423351bcf303038b55b3e50f0a501a407e6bcb09031d50f4da,declined_transfer,declined_transfer,declined_card_payment,true,false,0.3579866030769424,0.3451555369172108,0.2969048894670488,0.223184400246857,lexical_correct_semantic_wrong
a09f6f801909f89a9814c4614150d044317e16d7ad8853d94424840264590b77,edit_personal_details,edit_personal_details,edit_personal_details,true,true,0.6104675810347983,0.7434556183960247,0.5876887675010434,0.7145691046557373,both_correct
a0b6fcb607c3b3eea247e746b083c8f2a77a4c2aee045171972b66402b4977fc,apple_pay_or_google_pay,apple_pay_or_google_pay,apple_pay_or_google_pay,true,true,0.4714744052173498,0.5804004541831722,0.43115345420585616,0.48063542736206444,both_correct
a0cc403faa646a77dcea7b2ff60c56186ba238c0dd958edb2738da4a9178230e,order_physical_card,order_physical_card,order_physical_card,true,true,0.3863123118702244,0.48235326011799234,0.3391624450785923,0.40908456274363025,both_correct
a0ea91a40a9463225e597b5aa2993d8791e3a592046a4caafc92206d4ca7021e,receiving_money,receiving_money,receiving_money,true,true,0.8111297309707859,0.6067658188491173,0.701366620649336,0.3890902911707906,both_correct
a10f1b774a20496be7aa620e12db85082e19ca159061daf6d8a27b09275790d9,pending_card_payment,pending_card_payment,pending_card_payment,true,true,0.21389638403536962,0.37091818413311206,0.14698141779806317,0.21260703955975785,both_correct
a111a6c992a437dbb33fb06ea99c0ebf9cb04d460537582e152287cb880233e9,pin_blocked,get_physical_card,pin_blocked,false,true,0.18956904630759117,0.4985248907493663,0.021614910016852784,0.23617926273243578,lexical_wrong_semantic_correct
a1185e52d8485f6f8496633bb3ce99702bcc00e4fdb3331569c452168fe3abce,card_acceptance,card_acceptance,card_acceptance,true,true,0.12782207398488932,0.581327767687275,0.07976413609345205,0.5210791332380698,both_correct
a11b7f6b94d662aa0e8d574ac11f080cc12b3ae486a0672df1532827e4ad8b31,activate_my_card,activate_my_card,activate_my_card,true,true,0.869619123860526,0.9346074143441963,0.8473582620414517,0.905453134542326,both_correct
a1213956c619577044093eabdd087679fa3d9c1e94e90b9940324df97b7d0354,contactless_not_working,contactless_not_working,contactless_not_working,true,true,0.7022537994442917,0.7602798659452178,0.6821112624577936,0.7401339989550796,both_correct
a13332ea1e2be5e1547af1f0020b7f0a4fff61ca5f3229a279320f425ba8601b,card_payment_fee_charged,card_payment_fee_charged,card_payment_fee_charged,true,true,0.30598723710198533,0.6108482166864009,0.24345732358171068,0.546062731541854,both_correct
a14c77b6ff3c976919defbff96eff57a3f4a5280c3d34e2c8c22d459f8ae2367,lost_or_stolen_phone,lost_or_stolen_phone,lost_or_stolen_phone,true,true,0.4212807675923682,0.5675355935825414,0.36898726590002723,0.45938875460287176,both_correct
a16ba58a0517f27240f3d13aa47d0bb52943afe6501d12e82959b868d73dfd50,virtual_card_not_working,get_disposable_virtual_card,declined_transfer,false,false,0.23423440854914576,0.2034357591757202,0.13240996040403022,0.020904485988731986,both_wrong
a171f96f2a51538f2c30fbc5dc11aa350448655c9bca3174412e51a909713eeb,direct_debit_payment_not_recognised,direct_debit_payment_not_recognised,direct_debit_payment_not_recognised,true,true,0.25363638583243814,0.7707427790303789,0.19659103128337652,0.7398326773976048,both_correct
a18195db894a3ccf93b2eee956ed64974842289e93aa57c6375ba50040edcd73,change_pin,change_pin,change_pin,true,true,0.8593786325766711,0.6293258440599443,0.7900621550177042,0.5191795917796987,both_correct
a181a15f97dbf49e2bc0eab17229051822679a8e9faa1a6b1dc0724ab5f0782e,declined_cash_withdrawal,declined_cash_withdrawal,declined_cash_withdrawal,true,true,0.6008446835575072,0.6921475606642009,0.4158181647875766,0.5171323661856538,both_correct
a1d4561e168087e115f6fcb72e9af36c376d2bd667bc65333e6ff9e2f8cf660e,top_up_failed,declined_card_payment,declined_card_payment,false,false,0.2509056420473001,0.24914262668917445,0.15524666238157914,0.1554016801206486,both_wrong
a2148f4457f69d0d82dcec952f6054fc1ec38105877874c02845609dcec028e8,order_physical_card,order_physical_card,order_physical_card,true,true,0.8126356879209455,0.7383372110052511,0.7903370242642391,0.6901460687915517,both_correct
a223d12e875670ad65f515172a0b0370170dcadea1a66acf086f8ba18c7d68f9,card_payment_wrong_exchange_rate,card_payment_wrong_exchange_rate,card_payment_wrong_exchange_rate,true,true,0.8148721680641003,0.6598229259047738,0.6841391595756845,0.4166014761148823,both_correct
a23952346dff543dd3a00fef3292a95403e27173519083abd2760e12252229b8,card_payment_not_recognised,card_payment_not_recognised,compromised_card,true,false,0.2739222620792074,0.13008682435793034,0.1787775847752362,0.047705831364449613,lexical_correct_semantic_wrong
a23967c76b548718ec2af175213c999de0f4358a9aa506e5cb26c35ee95f4ced,request_refund,request_refund,request_refund,true,true,0.44113771002627833,0.49614923582840914,0.05206194420136384,0.09513127018832068,both_correct
a23f4b279cf29c3d9120b771eaa47ba2d8fc4da7e2a2718597fcb332173e3fc2,cash_withdrawal_charge,cash_withdrawal_charge,cash_withdrawal_charge,true,true,0.4238179096269459,0.6011204175262318,0.38096482463044157,0.5325178171327168,both_correct
a26100185ed0a52836ffe99417035441b53cc4bde458d669538e0e3d7050b028,card_payment_wrong_exchange_rate,card_payment_wrong_exchange_rate,card_payment_wrong_exchange_rate,true,true,0.8879769671494271,0.8904033085506348,0.8607163863907049,0.8532206185180835,both_correct
a2708c95723c5436554212d2b62c3ca1899fac198ae7ab48c20f6d3e7ee51503,verify_my_identity,verify_my_identity,verify_my_identity,true,true,0.48606130201835573,0.8316029614267662,0.36370700057146776,0.7267806741067663,both_correct
a277f64cf630f6c6d2dc5cb374fcd9e29222ca475539ce7b5907c201fdd9aaa7,pending_transfer,pending_transfer,pending_transfer,true,true,0.41921781523021373,0.8389508894791696,0.33201644993927276,0.8095102304267858,both_correct
a29dcec253f90f0ea8727208c8862aeb6dbec2523532c06106a5a8e5e9cf8c4c,balance_not_updated_after_cheque_or_cash_deposit,balance_not_updated_after_cheque_or_cash_deposit,balance_not_updated_after_cheque_or_cash_deposit,true,true,0.6316186149855224,0.7803693257229827,0.592471695857076,0.7374323747660696,both_correct
a2a74b086c7e7283c32a1908dbe234c0094b5bf47d78c554293612503eb452ad,lost_or_stolen_phone,lost_or_stolen_phone,lost_or_stolen_phone,true,true,0.6150196541770814,0.8439455067197731,0.554956920084159,0.8251682797493286,both_correct
a2bbcd3a89a52944524a1a0043f203c36e90ae5086b900f8623a2eff31066011,extra_charge_on_statement,extra_charge_on_statement,extra_charge_on_statement,true,true,0.5473095578523559,0.7539549760392892,0.5054415735953376,0.6458952736065591,both_correct
a2dbb19d64514d6f760541812a66a26ec837d333e5be42515ce81e46b5ccb916,pending_cash_withdrawal,pending_cash_withdrawal,pending_cash_withdrawal,true,true,0.6715610326268698,0.680137340387597,0.6112432291861599,0.5468491048099953,both_correct
a2e90be0a3f0e58bf299eb0ef5b014db7754957943266d5bd127431978eebe8c,lost_or_stolen_phone,lost_or_stolen_phone,lost_or_stolen_phone,true,true,0.15967742652279243,0.698498057704042,0.07384756794210967,0.6498387698557039,both_correct
a2ecc95c9ea622ab6fb5bdee0733e1a03f5e6b7184ca4e0b84761272ad01d3ac,apple_pay_or_google_pay,apple_pay_or_google_pay,apple_pay_or_google_pay,true,true,0.8564576674106634,0.7996120582290217,0.7773750896398571,0.721686906225047,both_correct
a2ecebcbbdd54359120db7bc15d40da415a0701a56040a0eb0601f3e6263aee5,reverted_card_payment?,reverted_card_payment?,reverted_card_payment?,true,true,0.9140883052234732,0.7977849342492979,0.8671693149823158,0.6883302089571751,both_correct
a2ef6fbde616638fe597f6e5ba57a51489c9e32ddcdeec51d0f7b8759a2dfdde,apple_pay_or_google_pay,apple_pay_or_google_pay,apple_pay_or_google_pay,true,true,0.9065314979512418,0.9312114546382095,0.8954108384887189,0.9196915368524938,both_correct
a2f5ba22dec1830140b585a9ddd8512eb8e633c951b2af797742e951badf219e,direct_debit_payment_not_recognised,direct_debit_payment_not_recognised,direct_debit_payment_not_recognised,true,true,0.9278990648240956,0.9480856062583929,0.9260972501288628,0.9443520741110599,both_correct
a2ff9895b558701de66402b318387aeb6b23afdf13104101003e73880b484438,disposable_card_limits,disposable_card_limits,disposable_card_limits,true,true,0.8907301341192987,0.8980149366240823,0.8405668835284514,0.8493506941201378,both_correct
a3003f82a781f3ad9fb14695a809fee10f1b43efa3bef883d155747d3e4ccc8e,why_verify_identity,why_verify_identity,why_verify_identity,true,true,0.8245672617464566,0.8774904439839213,0.7438808998024147,0.8049534180388507,both_correct
a31affda0cec3518854891d13384b30325f951e0031b2377007527604f4e1c52,exchange_via_app,exchange_via_app,exchange_via_app,true,true,0.3948446192027634,0.7686415248728877,0.361214202563496,0.7410723806861323,both_correct
a325b18f2f61e2fc294cfdeceffadd39c87efcbc7b323bd9f486f52f46b233ce,card_about_to_expire,card_about_to_expire,card_about_to_expire,true,true,0.24701234978583497,0.6488749237562335,0.19348347579440173,0.574674680583713,both_correct
a35f39e3aec88f46171e60b1e7aecb1f22dd8ae92843a6c56573e61568de2590,verify_my_identity,verify_my_identity,verify_my_identity,true,true,0.6573708681205424,0.8046833243605108,0.4421615081738553,0.6813228983027295,both_correct
a398f468999b14667e9fb477fd2b4387210d2e85ed58cb43233dde62df729df5,fiat_currency_support,supported_cards_and_currencies,fiat_currency_support,false,true,0.28047670517674306,0.426431241801625,0.06808444623205065,0.18815763289310616,lexical_wrong_semantic_correct
a3a21e4b16b3eec618713603ec0cfe845096532d1173e99de1495ba6ef23187e,card_acceptance,card_acceptance,card_acceptance,true,true,0.0814238568709246,0.44611914796723384,0.034241206166978344,0.3891140934746454,both_correct
a3a78be2d241d50d82af557829fb6e8eae5d512210c023b5e0046c13c3d37845,card_about_to_expire,card_about_to_expire,card_about_to_expire,true,true,0.5238850022858054,0.6578267239952647,0.4657419838295251,0.5899900614848521,both_correct
a3aab64eb6c733ed8307d5f8e3562c734bb9919306d6b994ec589ca7f78bffc7,edit_personal_details,edit_personal_details,edit_personal_details,true,true,0.9446879397057798,0.955364187743931,0.9238095321297974,0.9497282606550214,both_correct
a3ae84f090d2a5a616a67252caa1c467020ce28fbd3022333e99223fb5d6b33f,top_up_limits,top_up_limits,top_up_limits,true,true,0.7729122644848214,0.8137336832022383,0.74602759844413,0.7666729961367011,both_correct
a3c23ef7544fcfaeb2a3bdcdef5abad5401b9bf240702c1f6032a61bb354bbd0,transfer_not_received_by_recipient,transfer_not_received_by_recipient,transfer_not_received_by_recipient,true,true,0.2067255471970849,0.42950090057309503,0.09718843520549832,0.3323058881093736,both_correct
a3e873a348c485a8329fc683674a43481ecb52be07f6f0256167e8063041bca9,failed_transfer,failed_transfer,failed_transfer,true,true,0.1936970495592098,0.5776494615439108,0.14359169442272818,0.4181435683053423,both_correct
a3fcf9f7680b2f88ca14819011d52d923d7863f86f72d83f629dd926b8c4b083,card_swallowed,card_swallowed,card_swallowed,true,true,0.10346829843549187,0.3623090142521887,0.06531690169310274,0.3001735014512116,both_correct
a4246c597269644dbe431818e05cc5223555393223e1588cc99330dafe7c319f,pending_top_up,pending_top_up,pending_top_up,true,true,0.6384758317762975,0.618468834923069,0.5960214562236631,0.5329035634598511,both_correct
a4259dce39ed9ef9d6726c4b680033b85103b9e5b45cb5d3ae4af427d703c9ac,get_physical_card,get_physical_card,get_physical_card,true,true,0.8709239143403863,0.7663813934717324,0.8478686177006497,0.7337724708546829,both_correct
a442fc0fa6f8157f2cbdb558eadecc8ecfcf6f2bb2da8a91a67f97919df281ee,card_payment_not_recognised,card_payment_not_recognised,card_payment_not_recognised,true,true,0.7195228271355958,0.6051239392024279,0.6630155582960522,0.5212309755957787,both_correct
a44a52aedb4e60191375a45388d8e51443438ac1d9d0d6e73bcea39101b55b9c,wrong_exchange_rate_for_cash_withdrawal,wrong_exchange_rate_for_cash_withdrawal,wrong_exchange_rate_for_cash_withdrawal,true,true,0.6809542450269923,0.7549875929094457,0.5257452831545124,0.6178464579671409,both_correct
a4521a117575bb3920ffb063e99dee28ff8848f816ee4172e65507324fb5bd13,automatic_top_up,automatic_top_up,automatic_top_up,true,true,0.7451694964404141,0.8374613075695782,0.7188809926284694,0.8024374121937712,both_correct
a467ffd8b139364b8f614bf9448bfdc4efdcecae508db9b0ce05c7fbb10956ff,passcode_forgotten,passcode_forgotten,passcode_forgotten,true,true,0.7188369420208521,0.7904642119475678,0.7065018536782922,0.7460266491948101,both_correct
a485c7c374e58315f9229d877a282e8f890337cb4ef7e79d6fd387d457ba7b63,pin_blocked,pin_blocked,pin_blocked,true,true,0.8454209331822286,0.9424270646696479,0.8036118321043549,0.935359034070672,both_correct
a48ea5ed8d9f7c5e822925888a93421007609d1dabf6cc6a44ab2cae04c12628,get_disposable_virtual_card,get_disposable_virtual_card,get_disposable_virtual_card,true,true,0.6236630085515378,0.6733015180106066,0.5335914706720254,0.5668918219506619,both_correct
a4ad7589612569984bf1f2d8a0ece2fb7473bd1d9e204862976672aca3eadc8b,age_limit,age_limit,age_limit,true,true,0.11846496755184081,0.6307887519277565,0.05057966684546783,0.5978421248162744,both_correct
a4b0c2d53b1d5d387699227502dea0283ba355c63a5bb13254fd312536c11bfb,top_up_failed,top_up_failed,top_up_failed,true,true,0.15584364558249392,0.605329950572223,0.07876465628056843,0.3644038593468717,both_correct
a4b6145b0699d5d620112e2ed4821fccfe7ecf701ecd46be47613d3c79ba9eed,declined_cash_withdrawal,declined_cash_withdrawal,declined_cash_withdrawal,true,true,0.24460763653482215,0.3268512113149683,0.14917749589260546,0.16288689140234405,both_correct
a4da476f92b008f231342f43e78ed12a7ed38f5fdc90b71e2072c6f41b05a604,transfer_into_account,transfer_into_account,supported_cards_and_currencies,true,false,0.20982125371028215,0.18613413210808724,0.10726007630267798,0.06293830946132699,lexical_correct_semantic_wrong
a4da949f9fa3a27c92ee07ff0853f547bf6cc5425db0aa06a6728b25467b908c,cash_withdrawal_not_recognised,cash_withdrawal_not_recognised,cash_withdrawal_not_recognised,true,true,0.2626130804070849,0.5891098299071432,0.2087080716101641,0.4848933166929574,both_correct
a4e69df6c960792b1e5ce6e4dd649a0fa78e02b3299b55caf9d79869953439c5,top_up_by_bank_transfer_charge,top_up_by_bank_transfer_charge,top_up_by_bank_transfer_charge,true,true,0.1381653342363553,0.07701452919167029,0.051678169957195694,0.00405929357081064,both_correct
a4f4fe2d6298fa727d91db7db3d6744b7d24b1499ca8241f66617b243b498fce,beneficiary_not_allowed,beneficiary_not_allowed,beneficiary_not_allowed,true,true,0.2271896059418774,0.36528449325453327,0.18098590973790227,0.3021678103202999,both_correct
a502e5e877e004da57fe013708856aa480f6e0a115bddbff1ffc69ed2b15c59a,wrong_amount_of_cash_received,wrong_amount_of_cash_received,wrong_amount_of_cash_received,true,true,0.9312654041363755,0.8385588657496612,0.9140053558329451,0.7956403134939537,both_correct
a52a4908e65d73b7d9c3aa52c9cb685d2620e2630505c0d274deaab6acdf1dad,card_swallowed,card_swallowed,card_swallowed,true,true,0.35689901446702266,0.7061138900544418,0.31066094486975665,0.6329568641002096,both_correct
a556bb5624c182e68917c6a34f9ab1ed9465ef29cbbfd164779fa14077b92419,visa_or_mastercard,visa_or_mastercard,visa_or_mastercard,true,true,0.8515930417199555,0.9254981876123822,0.8474700346288988,0.9111119150671342,both_correct
a561d79a0a99f151b2d1c9ae2ef4c73dfd6ad04dd617c04143e8e4acb149c1c2,activate_my_card,activate_my_card,activate_my_card,true,true,0.7631940075483138,0.9097367556182486,0.7448824213793945,0.8881579439669546,both_correct
a56b9bd954f13f08ebca1fef2ae29050c8c04a789c84394a4b9b159fcc11a860,card_arrival,card_arrival,card_arrival,true,true,0.14884999198140528,0.5412263932994328,0.0369710390463093,0.3873654518408985,both_correct
a57b34da9583f1773fe73931f2dbcfc39d257fa728ce55428ada3c586bc9558e,transfer_fee_charged,transfer_fee_charged,transfer_fee_charged,true,true,0.7563984445366675,0.8371593892655973,0.6649091059500485,0.7978482671247307,both_correct
a5b4f4bed5a28cd5a6e145695bd500d4ef9f2cf78e4a547799a796f194a98ff0,card_payment_fee_charged,card_payment_fee_charged,card_payment_fee_charged,true,true,0.4626467593165256,0.7814632390245727,0.3724397804580656,0.7516010335202783,both_correct
a5bf1fc781a3c23db88cd19ec99a76357a92eba980e567043e087aaedb672851,extra_charge_on_statement,extra_charge_on_statement,extra_charge_on_statement,true,true,0.712496620434161,0.7990692770809804,0.6748962029794703,0.7653607398931144,both_correct
a5e5bb28d8367b98463bccb459704adbef278f4f30aeaf109fae58b7a239d04e,declined_cash_withdrawal,declined_cash_withdrawal,declined_cash_withdrawal,true,true,0.7473135331496454,0.7854490320585074,0.7118426104188583,0.7422356855624302,both_correct
a5ec49a70d4499b48dcb8fc1ac20e7a1a8544b294b00a65451e5a491c2844b1a,request_refund,request_refund,request_refund,true,true,0.7827548166970065,0.9152062033489397,0.7336920322407328,0.8720158939871484,both_correct
a6032acc74dbab9bc1164f8ec643a64966cbd3ad5a687e7f4b0870b2286e0016,edit_personal_details,edit_personal_details,edit_personal_details,true,true,0.7622803384284785,0.8931685860687779,0.7503085907920939,0.8792872714431073,both_correct
a62c617a6a1e9ceacc7d9ffee5276f8fabed5055910041614076813b904481a1,pending_top_up,pending_top_up,pending_top_up,true,true,0.9014436065078214,0.8739894607438237,0.881394654095037,0.8461497785030394,both_correct
a6468ef123cd7c9dee5e32704e0f3b89421d698d116cb4c847746356ba735067,top_up_limits,top_up_limits,top_up_limits,true,true,0.209768915364831,0.46260742548938755,0.07709745835644766,0.2876874629260164,both_correct
a6509db0559a231e58a865cea3985912ad7019debb2616b930ad2d3af68b59f6,card_payment_fee_charged,card_payment_fee_charged,card_payment_fee_charged,true,true,0.5995703286949775,0.6734734937523,0.578287849645784,0.5855046775449375,both_correct
a657f8373e0d47518c59184fc360989c6c6c0f216e34ac05d02475d7261bd6d1,top_up_failed,top_up_failed,top_up_failed,true,true,0.24342128862810306,0.5518343856686044,0.15627789878078194,0.2947950672958861,both_correct
a66a9f3f6ddbf9e867b8d5bc2aa4f7ac4fe2149200e2994898ee74d84af19ca9,failed_transfer,failed_transfer,failed_transfer,true,true,0.47656270741071555,0.6389599409736867,0.3318193620880612,0.45415469772859096,both_correct
a687c3e5ff4c5a7cb940cf1ac61dbcf8c8cceacacc6586936128e0beb3fa086f,cash_withdrawal_charge,cash_withdrawal_charge,cash_withdrawal_charge,true,true,0.9512092432013075,0.9355046496486478,0.9330801013110054,0.9257787625584375,both_correct
a68ed22d04acdb2bc8f031554d180a4b36f1aa431f12ba13c75f1238e4f307f4,balance_not_updated_after_bank_transfer,balance_not_updated_after_bank_transfer,balance_not_updated_after_bank_transfer,true,true,0.632425848181455,0.6801516451278086,0.5920274767850974,0.6199570444617923,both_correct
a6a34b076aeb363784f62f20ba27c9ea815281962df3784e3678c805e86da559,wrong_exchange_rate_for_cash_withdrawal,wrong_exchange_rate_for_cash_withdrawal,wrong_exchange_rate_for_cash_withdrawal,true,true,0.34120038704470784,0.8421247326951324,0.1711099753619275,0.8164926704799146,both_correct
a6c20a316fadf035ba0f656339f368620cd5f48cbc7141d3e6b28282cf9851f8,exchange_rate,exchange_rate,exchange_rate,true,true,0.6681341212191764,0.8449844263181205,0.46977727931941304,0.7845750039617926,both_correct
a6ccbfb245b1d6030f9adae5d23fc59d768ef60d743e20aba8d33475774891c2,supported_cards_and_currencies,supported_cards_and_currencies,supported_cards_and_currencies,true,true,0.3724567441588752,0.5513177355111724,0.15428388530568762,0.41797527383778404,both_correct
a71f0edb335b0336729d8cd931275e58fb7ccbd4a0ec357535d2a28b273f940e,card_payment_not_recognised,card_payment_not_recognised,card_payment_not_recognised,true,true,0.9111928000419312,0.7792100760404581,0.8833260830113453,0.7072508797315654,both_correct
a741e3f7da2b573d8443dfa248139e7ac364166494b1a5e8eea30980606b7747,visa_or_mastercard,visa_or_mastercard,visa_or_mastercard,true,true,0.32002697349593306,0.4543684326076881,0.2887519292026408,0.3841602181518213,both_correct
a760dcd99408d0801c11cc479c4c956ef41da4e4967c67bb23ae38116b7bf7d8,balance_not_updated_after_bank_transfer,balance_not_updated_after_bank_transfer,balance_not_updated_after_bank_transfer,true,true,0.3959311198241483,0.5107120527857928,0.26420249060922896,0.35141037385983726,both_correct
a778ea051c0ea90ae6c3105f7cb58105941a95a236d4a2745dd384497b1d1a57,fiat_currency_support,fiat_currency_support,fiat_currency_support,true,true,0.401279430220358,0.43266123815555774,0.33872990149081184,0.321845816293826,both_correct
a77d65fcc51426dab8fab071ed016579321c8e4c94c9d7e9740cb4eef33f0e80,declined_transfer,transfer_into_account,beneficiary_not_allowed,false,false,0.5847471708909614,0.5156879113818079,0.41967748782104175,0.4049094086746421,both_wrong
a7a5171a4a605a07112007ac2bd46233d8955ae67e0b9953bf3d311eeb1f4d39,pending_transfer,pending_transfer,pending_transfer,true,true,0.691754659357388,0.842029949413423,0.6488790875301619,0.7952939987721891,both_correct
a7c91b79b01d16149fabbc713f511aa716da7fc9ccb03a59b54477c05c18dfc7,card_about_to_expire,card_about_to_expire,card_about_to_expire,true,true,0.5485799789421927,0.9120448358596687,0.5040859186727402,0.9023874462277661,both_correct
a7cbaeea2e8934f67943f48f8a13e2fd64c3e7dd1ae3a9d34964c8407c9e8a54,reverted_card_payment?,reverted_card_payment?,reverted_card_payment?,true,true,0.6083375643879576,0.5826450634694392,0.5648118089646024,0.5176079758228602,both_correct
a7e6ba80d0a095ac50a594dd5593203b54de41fda8885bff1945c94e69b6eb92,supported_cards_and_currencies,supported_cards_and_currencies,fiat_currency_support,true,false,0.2657913232805209,0.42819274026404736,0.18138463499154678,0.1215309915246196,lexical_correct_semantic_wrong
a7fbd3f4da14f2b6b4d1af9ae05115251cdc8dee70f7c1bfe4f154ff8bed7a90,pending_card_payment,pending_card_payment,pending_card_payment,true,true,0.4304145358048325,0.8529319873893852,0.35050458529645334,0.8044497972564703,both_correct
a800279031d06e2abf82c560af99b7199d409bd3a878ceb70119841216f9bae7,get_physical_card,get_physical_card,get_physical_card,true,true,0.7058007805193143,0.7428334073980192,0.653506124277884,0.6775972041720951,both_correct
a8140be7df22f4f801f5a6867d174808389636e635c46694fa817e38bd10b938,exchange_charge,exchange_charge,exchange_charge,true,true,0.8366477347290758,0.7685317466904101,0.80892179809625,0.6915621784747084,both_correct
a8191b421173e36773822647672f1523e76c04e1370940db5b91797d5cd72b2b,country_support,country_support,country_support,true,true,0.4799119875256493,0.7623299465657912,0.4510131842793676,0.7297763292417199,both_correct
a82c525eeea253873010a1847aa035104bffa61e10a43884742f86873648ab87,receiving_money,top_up_by_bank_transfer_charge,receiving_money,false,true,0.08821924968022866,0.286216849004378,0.026322238939303556,0.03294392896380932,lexical_wrong_semantic_correct
a8620f0a83bd4d23b9a0e2a74bd49e9cef95bea4569300b0a2fdf69e92027af4,reverted_card_payment?,reverted_card_payment?,reverted_card_payment?,true,true,0.4952390521940535,0.7480476525223861,0.36091450194722985,0.7116965706986357,both_correct
a8a4c2ae3ef6dae536532dd54c007d6c64a779b08e6585e0a6ee91c62f5bdba8,card_delivery_estimate,card_arrival,card_about_to_expire,false,false,0.0785476481749601,0.2244690117139496,0.012611579489098815,0.09272139414886654,both_wrong
a8adf17d08b2f7d70a10fe2c66d9614a078b1c750b209df3e71ebebd28728cad,transfer_timing,transfer_timing,transfer_timing,true,true,0.7590637039451351,0.7761012904316993,0.7279588811284466,0.7095838027318631,both_correct
a8bdb2c78ffd27e8b95cb95a7a3c28c04619fd894828ef7ab45cd08fb5357f5e,atm_support,atm_support,atm_support,true,true,0.280373457616914,0.6883309660374477,0.13755823549344226,0.6297169240327217,both_correct
a8bebc8df52dbb15782b0d260d85f8ce677858b5e28f6bc22c56cafdcca572cd,unable_to_verify_identity,unable_to_verify_identity,unable_to_verify_identity,true,true,0.690890404899764,0.6469740209102744,0.6543459694962218,0.5393952220378784,both_correct
a8e6550c6e49f6dac986eeb52ae8467dc723aa550c023ce1ed22c09d99187a67,card_about_to_expire,card_about_to_expire,card_about_to_expire,true,true,0.5159976949189397,0.6932550623635334,0.47864145206951947,0.6255831075614782,both_correct
a8ee4e98a179e5927b9fb0c838be3822de7306b9d80ec4e5fa0ce008e0fbfe6e,receiving_money,receiving_money,receiving_money,true,true,0.33635975274334867,0.7562504386830189,0.31936467176836797,0.7325075095195901,both_correct
a8f71517cfca74dc8fcf57accc0b3cd6a950eed7d235949c0f2b6de3945f585a,transfer_timing,transfer_timing,transfer_timing,true,true,0.23205243566022102,0.6991448297403894,0.05863718218509745,0.6661639079847137,both_correct
a8f8c7a75d5e05c5b16a22cf57838af54f58d4584777d221cb6655a2e95bf0e3,card_about_to_expire,card_about_to_expire,card_about_to_expire,true,true,0.627419885256208,0.56499134433304,0.5406448736098921,0.47824132310092016,both_correct
a90b089f73aece9d01a4d58e4642bd1f155eda27dc64400c697950df5ff1aced,disposable_card_limits,disposable_card_limits,disposable_card_limits,true,true,0.7114361656513024,0.8278098812330983,0.48674494503869525,0.7658580867903743,both_correct
a91203832759802d43a3ac489622ef7d21fd22f471e21b6b786fafaeb8151fec,verify_source_of_funds,verify_source_of_funds,verify_source_of_funds,true,true,0.9109208573311733,0.9357201661627533,0.9080154812819209,0.9306390433630443,both_correct
a92c4a3345752051052f78402acbbcac163f87817c25fdd94048e0fa4927ca7f,age_limit,age_limit,age_limit,true,true,0.44837714209252433,0.7669455207063572,0.3243050231866969,0.742069545279421,both_correct
a97cb4e41dc782900a698ac8fca8a21ae4e91f2d11ff1331b20a90d2ac46c4df,automatic_top_up,automatic_top_up,automatic_top_up,true,true,0.38715321096770217,0.8288329011815218,0.34939924764933716,0.7806088953706527,both_correct
a982c7d41e046717c29c8602db12bca6c0f356881297448067ac571be3625665,fiat_currency_support,fiat_currency_support,fiat_currency_support,true,true,0.2873253243124252,0.7303601916471445,0.1959717267145527,0.6740003515701699,both_correct
a99db89e9cb86fb3979050b2e0e73f6bdd7fc93192ece289b3d7bc4d164981e1,card_swallowed,card_swallowed,card_swallowed,true,true,0.27771330298918306,0.6485848134440563,0.1517790265326197,0.5940787732819203,both_correct
a9b38409b240302c4d0b7db5875405bc3c07421a4ce6cc7535286b430b399bb7,terminate_account,terminate_account,terminate_account,true,true,0.8840910995741457,0.9098445957325884,0.87776398152186,0.8975165327269243,both_correct
a9e2e4b962ac809c7b8a74a188fe844cf3df62f697b41a8a261f48fbe8a1462c,contactless_not_working,card_arrival,order_physical_card,false,false,0.11296293556635963,0.30879076003779293,0.009574921172921122,0.23691874684088568,both_wrong
aa060ad2121b0845e6460964d4b816f3c3ffa8a6024bac16a5470d2d84937371,visa_or_mastercard,visa_or_mastercard,visa_or_mastercard,true,true,0.9834789863790201,0.9250447115335023,0.9814003602655387,0.9173877700641361,both_correct
aa41c2e2e2bcb41ed755a5631eb3ce1fe265978b845f7b8f277ff6f8f9e20091,pending_top_up,top_up_reverted,pending_top_up,false,true,0.12889481168131822,0.7817933439976683,0.03303622912348085,0.7167197670648089,lexical_wrong_semantic_correct
aa55a4663e8259a05de7eb79f4381b7535bd4b431debef24c3986a0d8b5fb85a,transfer_timing,transfer_timing,transfer_timing,true,true,0.7986321092027266,0.6154864943582903,0.7364690874011389,0.4027962982069811,both_correct
aa570c11ed91a3a5e302f44d827641e3e91c6d28e19669f16556400575436711,receiving_money,receiving_money,receiving_money,true,true,0.20752737955668898,0.391717796000573,0.1636953965471088,0.2649236695081702,both_correct
aa595710b33c40f2f2ea08779620fb990e9c27db596d93e60564c718651f3843,top_up_reverted,top_up_reverted,top_up_reverted,true,true,0.7677081761403327,0.8598452081422344,0.7189086708404683,0.7866265744087577,both_correct
aa62292652127d082b3a06aa46b70acb78db4260d1a23bb565d1ea7645aa0f8f,reverted_card_payment?,reverted_card_payment?,reverted_card_payment?,true,true,0.5599491646263616,0.4692505610402478,0.4886473268422174,0.3493532370714749,both_correct
aa800bed786e259aa051a96757f7f446ac804d298a588af807f04f3183f7ee37,wrong_amount_of_cash_received,wrong_amount_of_cash_received,wrong_amount_of_cash_received,true,true,0.3912683261235991,0.6697177570181293,0.35691318178191256,0.6014596840651754,both_correct
aa804a2846474919ac7530024435270e647c470f04e98b0f9c32e593ec1076ab,transfer_into_account,transfer_into_account,transfer_into_account,true,true,0.08450731884411859,0.7780957605401425,0.042808380128719646,0.7362010469643663,both_correct
aa93822b61f332357ecbe7a203407e8ac13b45f5e508d9afe1aba9f4c4e4bfc1,apple_pay_or_google_pay,apple_pay_or_google_pay,apple_pay_or_google_pay,true,true,0.9516335703823394,0.9367193318498908,0.9427901264369836,0.9250612160977616,both_correct
aab3395b3125021087909fefa5f264c5c7297a186809e5a2acd24021225c7b7f,automatic_top_up,automatic_top_up,automatic_top_up,true,true,0.6781904415368818,0.7239724951354378,0.6532242345578605,0.6750471083886734,both_correct
aaf03c5c33ca4f0ccd057cc68a85a49ace94eddf8d74f84af18acd60e85e780f,country_support,country_support,country_support,true,true,0.8898963239782669,0.8816964176132173,0.8833156117623401,0.8650427886527101,both_correct
aafb73c44f07f9dc82e7e6054f71bb7b77aec2857546b5ea3de86dadb567b811,receiving_money,receiving_money,receiving_money,true,true,0.4816214836810117,0.8491419920726095,0.44013812850150513,0.8360450814549538,both_correct
ab028b9d1d1e3249126d0c7cc5ad0d7ba16fcfee8c19bdbaf70a135f344e572e,disposable_card_limits,disposable_card_limits,disposable_card_limits,true,true,0.47268182285805543,0.8560848408084457,0.17731212519653544,0.8070892111403231,both_correct
ab0a2a2b88ebffb953ea38d80e23a25da1100f3aaeb47f875aff6dd6c5a340fb,virtual_card_not_working,get_disposable_virtual_card,virtual_card_not_working,false,true,0.37330113892322114,0.527100783170285,0.22961448936857803,0.4151259096317521,lexical_wrong_semantic_correct
ab4b69c23baf7c586cd52e41df0aa880ce0b08a1221e19bac5de58e00f8ef7dc,get_physical_card,get_physical_card,get_physical_card,true,true,0.6589752431472111,0.7496688755432849,0.560950345486794,0.7054732896442407,both_correct
ab4fade870cdb5d32b640c1abcafcbba6374f727a4d9d22f808ecf2ca91ea542,card_not_working,card_not_working,card_not_working,true,true,0.6405677974526472,0.6959294783741486,0.5784149852176366,0.6145986645470731,both_correct
ab86631e624a45dd1dece78c9aea89de23f1e45c930a2ea7fbce05c223fdc961,top_up_by_card_charge,top_up_by_card_charge,top_up_by_card_charge,true,true,0.4299550291599172,0.6566525048220306,0.3894119324516886,0.5907445913854098,both_correct
abd259b98fd26625d4f9922741264e93aaf824ba0190658f61a9d54ab86a9a3c,transfer_timing,transfer_timing,transfer_timing,true,true,0.3194460694095338,0.2886127381593395,0.2741437339854117,0.19158105538808085,both_correct
abe3cfdce4456781a0119461396010bcefa9984ef1655c3a7b3f110215880ff6,extra_charge_on_statement,extra_charge_on_statement,extra_charge_on_statement,true,true,0.577366494154698,0.7780528833217958,0.5565272441046667,0.749845854916649,both_correct
abfcef025ec8ec7674c49eeb243d8a5f1aa83113c8d089a81dd275e233b3bee2,apple_pay_or_google_pay,apple_pay_or_google_pay,apple_pay_or_google_pay,true,true,0.384827013510387,0.5132613241411206,0.3360964150005374,0.42006407614453634,both_correct
ac0823ad30fb8ae3e75891f739e2f7ffa1deb1c6cad3c4defd42c882f642e068,why_verify_identity,unable_to_verify_identity,why_verify_identity,false,true,0.16968172325531478,0.5239995716028484,0.08666039700652622,0.38326531846784817,lexical_wrong_semantic_correct
ac302c3b176e7fc5a669b816347c9a80e7df35f28106d546870946cffdc2b428,wrong_exchange_rate_for_cash_withdrawal,wrong_exchange_rate_for_cash_withdrawal,wrong_exchange_rate_for_cash_withdrawal,true,true,0.7716616513892545,0.8654417701841118,0.7274491696177927,0.8322661088842629,both_correct
ac354c103be537ac35bbd9a78ab1a67297a65445e77302cba08534b5a5949203,apple_pay_or_google_pay,apple_pay_or_google_pay,apple_pay_or_google_pay,true,true,0.5540130255245336,0.7741859688120061,0.5361108869618528,0.7345749834071619,both_correct
ac388a409e2867660b3ad449933d7bedd0df6c8f6b4eac0db1084fc2dccde86a,order_physical_card,order_physical_card,order_physical_card,true,true,0.17309615537364198,0.477238700631742,0.124634375156531,0.30606015492676153,both_correct
ac3aabe541b57613d2fa8f0e5b1c85aa7d764fed711eafa4ab334ed2f9a1b839,pending_transfer,pending_transfer,pending_transfer,true,true,0.489705621350061,0.7075612115189338,0.42520266506115373,0.6378176447313739,both_correct
ac3da6d493d04f718a82b7c4fc92e8788e13b6662006821b666b79a54f8bb70e,virtual_card_not_working,card_not_working,card_not_working,false,false,0.3123050980726778,0.5777718122059725,0.20999238675607976,0.5264345773155135,both_wrong
ac3e3eaeb47af0d31e50bd6dc1d52445f1df5d0462db354cfcbbad0ba6246f69,topping_up_by_card,topping_up_by_card,topping_up_by_card,true,true,0.5329843887328274,0.4418688640047414,0.3316515933781757,0.3172595752589834,both_correct
ac467853182efad96564305fc282b4a74d62a5c7446aa5c75ffddea0c5a40dbc,transaction_charged_twice,transaction_charged_twice,transaction_charged_twice,true,true,0.7526204044068385,0.8708873564338366,0.7102947596216218,0.8305076321432538,both_correct
ac6fe6fe680b8ea2649b8b8956c86ecaf834211a5474a823a67f77efa2465a59,activate_my_card,activate_my_card,activate_my_card,true,true,0.7876126022968636,0.9270212069163111,0.7721324631151497,0.8998789838639162,both_correct
ac790376b42ca245117bdbb5100b30acf2a11eeb345753e5685a8217df05c898,cash_withdrawal_charge,transfer_fee_charged,card_payment_fee_charged,false,false,0.35491875960883495,0.41804108585165245,0.1130262366930195,0.22341886499387054,both_wrong
ac997e74cfcc045871cd4e454653ec46141d9625802c8c523161b4980786f463,transaction_charged_twice,transaction_charged_twice,transaction_charged_twice,true,true,0.5600291053952763,0.9079197599165193,0.5149710495655166,0.8910176090908164,both_correct
acb5ae244a49c0cff4ddeaa4d240c44d6c85c7d8a4c4b7509aac89e5980161ba,balance_not_updated_after_cheque_or_cash_deposit,balance_not_updated_after_cheque_or_cash_deposit,balance_not_updated_after_cheque_or_cash_deposit,true,true,0.6110030800383625,0.9372318859213719,0.572480446135039,0.9246787882988222,both_correct
acc219db2d4e0678f2a8da0b4a5b061b518a48062119b2b9a87cebf3cff472de,activate_my_card,activate_my_card,activate_my_card,true,true,0.8179684657266405,0.7870731603893929,0.7660438498628813,0.6976488432021154,both_correct
acce10e8586b185194b59dd427027168b42ef5a3078104d20c6a2003881416fe,disposable_card_limits,disposable_card_limits,disposable_card_limits,true,true,0.6846376343798124,0.8418839781593749,0.6136011327895228,0.812107664347553,both_correct
acd088a9fdefc8565227ad86dc1042175e7412f7610bca3f9bf528da56426bd9,declined_transfer,declined_transfer,declined_transfer,true,true,0.31110924842409526,0.49461084821496043,0.15189470297123595,0.3712265536650111,both_correct
acf70905bc4f8e386f7f01c3d23a9d87902a76a8729acc6ac6b5a987ba5fff11,top_up_limits,top_up_limits,top_up_limits,true,true,0.3359506559020492,0.6500882799779475,0.26993543290262595,0.5783863040085021,both_correct
acf82c4035b002e5d19e7e31db4e42146c02e74cab23c8d671881c503822ce8b,beneficiary_not_allowed,beneficiary_not_allowed,beneficiary_not_allowed,true,true,0.9582729588361539,0.9499884393804101,0.9493968790352204,0.9302177669916895,both_correct
acfb3f8156aa6f9436d2aea439914ae3fc22cfe47f94ab878ed7139b8d2cd630,compromised_card,compromised_card,compromised_card,true,true,0.1583626068892652,0.263252765078484,0.0871182427490372,0.10421416901365918,both_correct
ad0d193417d9d850549bb1310823334e91eefff2583d8a793761f066a48e74b4,cancel_transfer,cancel_transfer,cancel_transfer,true,true,0.46288660463693776,0.8029604521218914,0.39150605807027883,0.7507545105362093,both_correct
ad118769f505b95a25c497ca589fbe6f82aaf043ff361d2a814c1e5f299c1806,declined_cash_withdrawal,declined_cash_withdrawal,declined_cash_withdrawal,true,true,0.48347273289462284,0.5482612329167804,0.3341684162945458,0.3772410192784945,both_correct
ad190702aa383ac4cfceb3eb9e6393d9241d2d2ddc249db2bdd431ebefe5850d,top_up_failed,top_up_failed,top_up_failed,true,true,0.6119766634720842,0.5843865213546077,0.5778644384032413,0.4461339357252738,both_correct
ad1db038fcfa50bdeb447f5eba9347eaf0353857156245126a61ace5f4da8be1,declined_cash_withdrawal,declined_cash_withdrawal,declined_cash_withdrawal,true,true,0.6977007994322154,0.535974152299257,0.6243406221011645,0.3727904680597033,both_correct
ad5ed60727d5c6dc30444d6e753f2f964710ae3e50b468669041bd15c490af0e,getting_virtual_card,getting_virtual_card,getting_virtual_card,true,true,0.7587814010465846,0.7928947777990801,0.6995078159496648,0.751299620893879,both_correct
ad6b51bd7404ab60e6a7c72e50485eb8762440274d7d551c7a83f72c94219208,country_support,country_support,country_support,true,true,0.535524957271107,0.6776721893485705,0.4873583881884361,0.4673422544243493,both_correct
ad6e92798eecaf84ea7d04001b76daea42cd52d5ce7f0681fc90c4e449957ec1,country_support,country_support,country_support,true,true,0.8383496348551177,0.7091739021122937,0.8179184801125133,0.6529887783091548,both_correct
ad886eaedd1f6d8a0b1d66c923a15e44b0627ba0cb6b747ea0ed0264eb62b1d4,extra_charge_on_statement,transfer_fee_charged,card_payment_fee_charged,false,false,0.1813782066109774,0.3211418645644934,0.02363602068409379,0.10210119403151377,both_wrong
ad8983b706cfa4ae5893e5061f37c41b34e8eed38cb2943e898ad5ae827df908,top_up_by_bank_transfer_charge,top_up_by_bank_transfer_charge,top_up_by_bank_transfer_charge,true,true,0.41368028647461463,0.664012218999384,0.37282245561139293,0.6329250480091754,both_correct
ada0099b4d9de76dbf5e583f9064b2727bde2320c36c95c2ce0a26326bf48fb6,getting_virtual_card,getting_virtual_card,getting_virtual_card,true,true,0.4365677116813234,0.7769452325766203,0.3908053497004201,0.6943821394211812,both_correct
ada21b3c2f32704b8a5f5a5e7a31f758ed2e3ab2e9bb254add1fbd8e564a9eaa,exchange_charge,exchange_charge,exchange_charge,true,true,0.48574951657984616,0.6391680554386113,0.4117879329727594,0.5646292522613366,both_correct
adfa54064104f60ba4849838bc7a3bb8926c2d2e5559dba1206e97368dacd9f2,pin_blocked,pin_blocked,pin_blocked,true,true,0.9140807288780309,0.9635721923334232,0.8952704475707203,0.9570279089863726,both_correct
ae09c42266539c19920ba6143b92b2a85b00bb59540ad852c16fd80b11e19603,lost_or_stolen_phone,lost_or_stolen_phone,lost_or_stolen_phone,true,true,0.966448055591318,0.8720298501060083,0.9577114765789396,0.8421757119878492,both_correct
ae12e1ef8bba0d6b4f3adba9fd199ab2579fb43ce95fbbe86c9787b7c834bb01,getting_spare_card,getting_spare_card,getting_spare_card,true,true,0.38479865050901685,0.4731582542270161,0.34264862167252497,0.3575300039565945,both_correct
ae3afb455743b4a2970da28525e5629e644759fcba6c74f90b5399d5f98171f8,transfer_not_received_by_recipient,transfer_not_received_by_recipient,transfer_not_received_by_recipient,true,true,0.1636481230101412,0.41691428001016556,0.09656968588642334,0.37521942710203215,both_correct
ae609f0fb3eb01a267d8724f54b3770c763b5510d03f267e1d7f77ba8f4a0112,wrong_amount_of_cash_received,wrong_amount_of_cash_received,wrong_amount_of_cash_received,true,true,0.5764644355353289,0.7923251971534562,0.5092812149621628,0.70696775202993,both_correct
ae71abc9bda8a6fe5384e8bf7f928800528cbeb93df42dbb9f043c5729354aa8,card_linking,card_linking,card_linking,true,true,0.39254839914294987,0.6208608962677534,0.3511739549395762,0.5107435097573833,both_correct
ae76f1a1985baf3c8a72334568b710e052a07c3e908fbfcc9f6e1646e822377d,lost_or_stolen_card,lost_or_stolen_card,lost_or_stolen_card,true,true,0.5774028586598644,0.5438414164433072,0.5297365470165528,0.4485415585516962,both_correct
aea2709998b0b008ad5bb36e601dd86c7b574b308d4213b17f7453d3829da90d,exchange_charge,exchange_charge,exchange_charge,true,true,0.12138829188824281,0.39567250333010634,0.06967129348188805,0.26996471704377334,both_correct
aeb0be37e53672451f339a7659bc51edb1ca806be8e38d83350cc3607c8fec21,virtual_card_not_working,getting_virtual_card,virtual_card_not_working,false,true,0.27409641439545607,0.5107800027132182,0.15921739734831591,0.37925440255632115,lexical_wrong_semantic_correct
aef22728928256b2821e3b14cc76a6b44b199298a9a21c64915fe3ace70d8024,card_delivery_estimate,card_delivery_estimate,card_delivery_estimate,true,true,0.3240396794621156,0.6121590485365701,0.2960491826886894,0.535196747439018,both_correct
af009ad8ebd197cd2855b35ed134925b3d13f9cfa7e1de6c3f40561104426d3f,cash_withdrawal_charge,cash_withdrawal_charge,cash_withdrawal_charge,true,true,0.17827901349319916,0.7283818189531454,0.06619776359688039,0.6786619240365364,both_correct
af09f63240ca5e4af7dbfd1dde04775253bb91455fdb79851402173ca2acaf10,verify_source_of_funds,verify_source_of_funds,verify_source_of_funds,true,true,0.8802910920177496,0.9148506390188885,0.868477651030647,0.9081325878297619,both_correct
af65ddf5e5dfe165785675e69bec98a2c03a9829ae7ea8da8c65720d330133fd,extra_charge_on_statement,extra_charge_on_statement,extra_charge_on_statement,true,true,0.754411393372153,0.8915814191227784,0.7161485196733347,0.8749653899165669,both_correct
af79edc789d011d9c6b759f87713e6d25a4f20563e6edebeb5e6994205457220,declined_transfer,declined_transfer,declined_transfer,true,true,0.41289149500151934,0.6917079303233,0.2872320058445942,0.5776082513922096,both_correct
af91a8acbef2b0034378a65af6a606e0a72304fae1bcf9657ce2bd22d95660ce,card_not_working,card_not_working,card_not_working,true,true,0.23924552263817672,0.8078480700507409,0.1901969541631593,0.7784573934510624,both_correct
af93246b2702e070887dafe0f7d0bd518ae349dc8862da5898c48f43d990a2dc,balance_not_updated_after_cheque_or_cash_deposit,balance_not_updated_after_cheque_or_cash_deposit,balance_not_updated_after_cheque_or_cash_deposit,true,true,0.7689378109131969,0.8118386218016316,0.74057750226623,0.7756066320684376,both_correct
afa381076001866907472905bdb9f2f56cad33dd37c8456359116d751e70b597,verify_source_of_funds,verify_source_of_funds,verify_source_of_funds,true,true,0.8327181070164722,0.8699761149556308,0.8259055372436298,0.8572691381182213,both_correct
afaa8eb79597d86d8112749f2a8ced5b7c16aebdaf8d480680c984c462f9d981,transaction_charged_twice,transaction_charged_twice,transaction_charged_twice,true,true,0.8587940245865548,0.87801989566815,0.8496378008632978,0.8475374636752407,both_correct
afd7a1eda469e2e3dd304cfb55193bc59200a640f4cee9e556894df580303418,top_up_by_cash_or_cheque,top_up_by_cash_or_cheque,top_up_by_cash_or_cheque,true,true,0.5772055979942413,0.8374177772343389,0.5315122224804513,0.8114263967006892,both_correct
afe57fbfe667b219ac2f875fc9881edd901700a4e55e8f98f9fbca11911686a9,Refund_not_showing_up,Refund_not_showing_up,Refund_not_showing_up,true,true,0.75522290307425,0.8598570941111855,0.713298961637703,0.8271795678947714,both_correct
aff413fdc8424b75f090eb648b9304d9b34154a1123bac83069301547512e967,balance_not_updated_after_cheque_or_cash_deposit,balance_not_updated_after_cheque_or_cash_deposit,balance_not_updated_after_cheque_or_cash_deposit,true,true,0.6108751262052029,0.8390524305531062,0.5809647170011376,0.8176421053777195,both_correct
affcf30de716c7f7b6341f4b81dd015f4b80e2f125315a34acf12840f2ae0119,top_up_limits,top_up_limits,top_up_limits,true,true,0.18254288932798757,0.5388602723096538,0.1245290891720182,0.4163081890514856,both_correct
b001dd2cbfce25f1f461b82ac987070ee9e0f4d4c309c2c77ab1b6e883e79584,age_limit,age_limit,age_limit,true,true,0.8601951054568071,0.8982394843402517,0.8539288908077686,0.8901152431354534,both_correct
b0048def0b3901e193fbf12818b5df64323870872178aeb0d37b102cf5abae73,automatic_top_up,automatic_top_up,automatic_top_up,true,true,0.7949576581506446,0.7697058063289192,0.724664437552081,0.6208667910306404,both_correct
b01030bee7c3758888e47ceaf46a894f20df72d5f419b8e903110495d4f9111c,card_delivery_estimate,card_delivery_estimate,card_delivery_estimate,true,true,0.7208690497189884,0.7830145403216772,0.647480682214465,0.7131190271947508,both_correct
b089aed068cacdd32e6dbf618cdb7db841c8dd4ba517231e0822a9a97eff83c7,declined_transfer,declined_transfer,declined_transfer,true,true,0.504566677849193,0.7415857761792342,0.44914481273805357,0.6962757371456585,both_correct
b092411a42fe84e1cb1180d8ac5b83b7cb3567ab224266678797417e73509a23,card_payment_fee_charged,card_payment_fee_charged,card_payment_fee_charged,true,true,0.30538859356681103,0.7823193909766885,0.21823541382290887,0.7427233028151008,both_correct
b098c25d9682aadfc16e60f63b4e17b435745024225c3be63a6abfe16442e20d,declined_card_payment,declined_card_payment,reverted_card_payment?,true,false,0.17503123022622935,0.2615936092865395,0.041311208038345926,0.03811511166476875,lexical_correct_semantic_wrong
b0aae12ea83a565954a2ff9dfbaf5910110af5206303b9c8ff8d6748a5a05a05,change_pin,change_pin,change_pin,true,true,0.777782681995508,0.8504171527125062,0.7480045829645798,0.8320928176279794,both_correct
b0b9333f48894d4e703aab8229048b2e9c00cf0bad0fbf79b8d4ebc484a59018,card_not_working,card_not_working,card_not_working,true,true,0.13611551468781793,0.5182257244061361,0.08835513366004735,0.36623218619401343,both_correct
b0fc0fe2fb5258192e846567b7022ddde9ad0eb98ded0512f38d177864449f4c,beneficiary_not_allowed,beneficiary_not_allowed,beneficiary_not_allowed,true,true,0.3442679965229517,0.6403156151503889,0.25528624266657307,0.5026066681832955,both_correct
b114e0c74075245fd14def5775ec9d34219b8b0026634138ff725c13ef595eed,country_support,country_support,country_support,true,true,0.539125655602874,0.7921962032071804,0.4948660185775501,0.7669504179474351,both_correct
b11e9edf070194b5ce41a03c573d3907abe4d8edea2e6812fb70587571481e8b,apple_pay_or_google_pay,apple_pay_or_google_pay,apple_pay_or_google_pay,true,true,0.8225878170918206,0.8142614919374389,0.8035770035999132,0.774906037378643,both_correct
b11eb9f416a73c4fc64561bc496705bca1b862a1dc245a776211c5cee24a051d,activate_my_card,activate_my_card,activate_my_card,true,true,0.747938102607465,0.9301123078583833,0.7249351329872558,0.915459973084062,both_correct
b132a63640f744b518d9b4eedc548d480be49f739250a9bb494a5771387b6976,pin_blocked,pin_blocked,pin_blocked,true,true,0.5628467619767559,0.8659396681677579,0.3552344784912559,0.8327525572481983,both_correct
b15c0c3ed28d82d9681f91b5c210df0736179e990d00f450451b71a299d67411,top_up_limits,top_up_limits,top_up_limits,true,true,0.312377406821098,0.8962607427517768,0.23549046923699246,0.8732869312991397,both_correct
b15e7129379e99d72a8975c693efb968752966626262a7764e6e92a4edac24c5,edit_personal_details,edit_personal_details,edit_personal_details,true,true,0.7182893800116542,0.9180010880417642,0.7061300648522073,0.9089663483003815,both_correct
b1629e6755c06b66666a691b7a76c50de7033faa191bff88bd92e3b88e3f2c12,change_pin,change_pin,change_pin,true,true,0.35772515162687724,0.7452547438884368,0.013563455770771338,0.6240329800922108,both_correct
b173095c68993f29abce96603f7834c45648b5ab3e9a7fc02f31f7713235b0f3,topping_up_by_card,topping_up_by_card,topping_up_by_card,true,true,0.27788885061836516,0.6742068525836304,0.23536159913009527,0.6298656955763007,both_correct
b17bdf84200f22848a0953b296bb1a46edcd1e012a3035d0d3be877ce1bc1016,terminate_account,terminate_account,terminate_account,true,true,0.857738250687254,0.7696595382870645,0.8530323717379882,0.7554871115315227,both_correct
b184f0054a503dbeb957b77dfdf1168165ba02b396cfee055540d4fd853548b3,declined_card_payment,declined_card_payment,declined_card_payment,true,true,0.5966614659928101,0.5059291056616977,0.4718810196186075,0.2918864305226681,both_correct
b1ae2576e50e442f626d196757de7a158c00230a4db3ea8807fe900905de2d93,why_verify_identity,why_verify_identity,why_verify_identity,true,true,0.35094936021631545,0.7237766037802256,0.28120174488072863,0.6076849259631001,both_correct
b1b9dc4198c4b3816a7d612a4fc0622a5196d94b25a27c4b5da598cd36ea02c8,passcode_forgotten,passcode_forgotten,passcode_forgotten,true,true,0.7731279570664219,0.9323341938139327,0.7663884793947071,0.9150119285009358,both_correct
b204920c2bce8fd2f40f5aee58d20108d49132f75abd5f637c1d2eea5ca813e3,apple_pay_or_google_pay,apple_pay_or_google_pay,apple_pay_or_google_pay,true,true,0.8900627883316792,0.8034886086228809,0.8685630080111344,0.7587753561111774,both_correct
b20bce07f097e561d9453aee644e16e6c653dcc7f69a4ba4d1b2518a23def755,activate_my_card,activate_my_card,activate_my_card,true,true,0.714346998278314,0.9316162043386675,0.6451218493207327,0.9088793310660612,both_correct
b22060c62a83fbf138a5637f4b5873283b3168223d679f68fe11ec88d1cfd1a7,top_up_by_card_charge,top_up_by_bank_transfer_charge,top_up_by_card_charge,false,true,0.06826313380587293,0.30676952812572594,0.004702971750574034,0.1537408104142001,lexical_wrong_semantic_correct
b2223b23168057ea499553514aa0cf7e23aa2589ce42145b7a9a90e24b19f724,exchange_charge,exchange_charge,exchange_charge,true,true,0.42182976320474885,0.7362273854909117,0.2804206237241768,0.6662794184168067,both_correct
b23608776ab620271700600997f98ca2fd4371d1691a8904388611587186f603,edit_personal_details,edit_personal_details,edit_personal_details,true,true,0.7609270322960868,0.9546947380234557,0.7531915831615035,0.9502266560751609,both_correct
b23ce0dc68876ff4af89469ae74dadab1dd0a4afb31ed5e98c5427d4a25d3d72,apple_pay_or_google_pay,apple_pay_or_google_pay,apple_pay_or_google_pay,true,true,0.9583763741111317,0.93195274968036,0.950377622099837,0.9179799541411529,both_correct
b2434fbe52756e91d4b33301d397263a41d7db498574a469c94356392ad22143,atm_support,atm_support,atm_support,true,true,0.1285789978208772,0.865361641447861,0.045749425040677805,0.8549183096463248,both_correct
b2483878cc60f76c6ec229666cf65206b902f001e088fc9aa86de3890cfc1d0d,cash_withdrawal_charge,cash_withdrawal_charge,cash_withdrawal_charge,true,true,0.7130236407015865,0.8931994172714403,0.6915662895347198,0.8772828206794894,both_correct
b256d5749889e98bafa4f7781956822c6c2eab9949060bf4836a041045fd72bc,supported_cards_and_currencies,supported_cards_and_currencies,supported_cards_and_currencies,true,true,0.5060009511622283,0.6055497866633894,0.3621634403398633,0.4277314365979049,both_correct
b257455d79006d9243d5a17dbe06a13fe5572bfa4dca7a7f80086bbc9e6a6661,lost_or_stolen_phone,lost_or_stolen_phone,lost_or_stolen_phone,true,true,0.5762428497140295,0.7008362808015579,0.5336486142162616,0.6482295037981664,both_correct
b2a40643aa785960c67a88568290d933ac3cd5712f1b01b56c6c441a3b9602cf,visa_or_mastercard,supported_cards_and_currencies,supported_cards_and_currencies,false,false,0.1476174475720911,0.3407727415876336,0.023671147754884436,0.20827294842477637,both_wrong
b2c4c99a1918ecebe9c8b4840d34e11d8cec0599d2e46f2d5d96264e581b6d95,pending_cash_withdrawal,pending_cash_withdrawal,pending_cash_withdrawal,true,true,0.6423345084971962,0.8923225598230388,0.5685022289191483,0.8708643419166922,both_correct
b2c91945b795e038113124d08031b76c3649a3c6099b9b26f6dc4014bcbdb729,transfer_timing,failed_transfer,transfer_timing,false,true,0.2820395065031458,0.34164452051031535,0.21462504633285057,0.22769393660873422,lexical_wrong_semantic_correct
b2e3521fac36bfcf93ae6c81ce2958ad6625c3d8e7439f796b937ffe93a7c717,pending_card_payment,pending_card_payment,pending_card_payment,true,true,0.6313761558729547,0.7629660424845999,0.5729409679378482,0.7224372504428367,both_correct
b30207cfb010c1c8c51e2ca18c70dc87ee1facc8d32ca7670b9537f6ba8d548a,virtual_card_not_working,virtual_card_not_working,virtual_card_not_working,true,true,0.3631483746805437,0.48496338609367146,0.01838444257281996,0.39493309996201487,both_correct
b30de45094f3b9466e192316399b8ee9fb635724dda65287692e9aacee602961,card_not_working,card_not_working,card_not_working,true,true,0.39755043123240846,0.7949535286328228,0.3170952488258958,0.7497179949057686,both_correct
b3250147344926dc6812481bec997b9bd047f91500447128c385d232e949d0b5,transfer_into_account,transfer_into_account,transfer_into_account,true,true,0.4118806104324643,0.7532218982606791,0.2904607725516011,0.6927590819181608,both_correct
b32cbf240daa2f923d21da3ca56e22a25690e282527c752eeb6090f04d76b721,getting_virtual_card,getting_virtual_card,getting_virtual_card,true,true,0.8761641386959804,0.8531360823741085,0.8447476344741973,0.816951266482157,both_correct
b3432bbdc27757d5d91cb7d416b79ac983252328e4cc930dccad913c12dbf181,card_payment_fee_charged,card_payment_fee_charged,card_payment_fee_charged,true,true,0.926551682737215,0.8126156484879182,0.9097922158461571,0.7930250289848544,both_correct
b36ed67f8a2b0c4b12f35a41e2b9e35ae5a3438c93f2922a8deff4ce1f1cdf9a,top_up_by_cash_or_cheque,top_up_by_cash_or_cheque,top_up_by_cash_or_cheque,true,true,0.5805997849894687,0.7840434491714603,0.49616794821124227,0.7353935234764137,both_correct
b36f833b3178f2bd3579c77c8e535dadc9a16c6ed748aaff75df9eaf78b8b5da,transfer_not_received_by_recipient,transfer_not_received_by_recipient,transfer_not_received_by_recipient,true,true,0.43625855546444864,0.6287501619302153,0.41688100803119993,0.58806380132107,both_correct
b3b0368d3d7b065675e06866b6526a65c3040a62231ef948acd607c4e1f217d0,pending_transfer,transfer_timing,transfer_timing,false,false,0.1885918684738103,0.3788619732428725,0.010255581204103165,0.19503949239188048,both_wrong
b3f57f387347561e96d5a50509fcf8d49fbebb190bca69f9f1526413cb69d2d0,transaction_charged_twice,transaction_charged_twice,transaction_charged_twice,true,true,0.5162437741884238,0.8021481111979075,0.44353046534363916,0.7207212946549099,both_correct
b404207378f544aa6babbe1284dd30ce2fe97d49a88a315ae3d493306397c431,extra_charge_on_statement,extra_charge_on_statement,extra_charge_on_statement,true,true,0.7149599990774776,0.6282936686775878,0.658669078134763,0.5398199660511653,both_correct
b4134f09de33127a9b5277753349ea364b602784b0021bd08ff8c7d6a75239e0,verify_source_of_funds,verify_source_of_funds,verify_source_of_funds,true,true,0.917992025794551,0.8925249695229446,0.9115298506071038,0.8829857637878908,both_correct
b422fef632465164c7271ebc6b06aa7ceb8c43995d703fad7786b40634dea825,reverted_card_payment?,reverted_card_payment?,reverted_card_payment?,true,true,0.7329661474781974,0.787516744538867,0.6826363951146525,0.7595002337844409,both_correct
b4325cb521ea8ead8d22c8e6208bd12baf5c6d14f8e2a661be671c579cdae04f,transfer_not_received_by_recipient,transfer_not_received_by_recipient,transfer_not_received_by_recipient,true,true,0.2371588689895908,0.22435737292975375,0.1915316791682256,0.0022883405087658903,both_correct
b4541644cc46f52783be7709418b84c926cfe5e13ac574c179326641398e801f,pending_cash_withdrawal,pending_cash_withdrawal,pending_cash_withdrawal,true,true,0.5873501375987913,0.46951317519995184,0.5299492972249229,0.3683624126585727,both_correct
b458e0f1ed982c4301befbf545351dbac58c255fa7e219a227b47f9835d83615,Refund_not_showing_up,Refund_not_showing_up,Refund_not_showing_up,true,true,0.8078995834058117,0.6945236396459621,0.7873060239367982,0.5743598195863934,both_correct
b4644eb324cb5a742de94baa78a789586ef4aea75996e097c8699b9b0cad5bd3,top_up_by_card_charge,top_up_by_card_charge,top_up_by_card_charge,true,true,0.35809742058221916,0.7529695210138841,0.19386226384768437,0.6988292497595489,both_correct
b474bda055d69b865b4cb0cb72232db458800d0a1f156c152f295ca22b3f6f20,transfer_timing,transfer_timing,transfer_timing,true,true,0.5824267758229766,0.5655083513587419,0.5087384565583093,0.41789595794824397,both_correct
b488fc854c582636fa1e5acd42e926436c2dcae41fc48a4d5664a28189bb7059,order_physical_card,order_physical_card,order_physical_card,true,true,0.35619722068148024,0.677175556530482,0.23456317158931156,0.6090637793935727,both_correct
b48a71493eea10d162638e6586ea44c64ce0e19c9db03dd86c8142668483dc55,verify_top_up,verify_top_up,verify_top_up,true,true,0.6133892532014151,0.84088692870325,0.5665891598498637,0.8142592795786904,both_correct
b4a68c3623991857d5b9317d34f90a8dfe2713c7f44dcffe7e5f2f0d423b35b1,lost_or_stolen_phone,lost_or_stolen_phone,lost_or_stolen_phone,true,true,0.5175373965979849,0.9113012573467222,0.45397756460208655,0.8816604560165562,both_correct
b4dd6c16362bd32a9946d14a703616626dc491c11d6ad734a3ff8c192d168893,pin_blocked,pin_blocked,pin_blocked,true,true,0.06293645681784639,0.12319037250660614,0.01430389175326862,0.02360865145188662,both_correct
b4fe490ab5df8680f217b3bf2fabd0cbcd64ac9f3dcac851ed2a444c59399fbb,transfer_timing,pending_transfer,transfer_timing,false,true,0.1805612592583769,0.49080222910064353,0.012927125983111382,0.31179645242563003,lexical_wrong_semantic_correct
b50cddcb347895873cbe640b6d24f9364a298b293b71c0b4e95d6c2ab3dcac45,fiat_currency_support,fiat_currency_support,fiat_currency_support,true,true,0.8692862170542047,0.8329060398843093,0.8570022432900567,0.7847684050401582,both_correct
b51492fcc97a2698646ddd8bfb74b34950f40eb71b2846fcef5894a327d2d47b,failed_transfer,failed_transfer,failed_transfer,true,true,0.8196315044408347,0.8376144333388474,0.7920246019087118,0.7684564654859963,both_correct
b575fe0f293e8b5dd147fb3e79c9bd524beef7c6d5de1b45af75e96380ddc486,pending_transfer,balance_not_updated_after_bank_transfer,transfer_not_received_by_recipient,false,false,0.24902280258750206,0.4814482905032753,0.15591840912470956,0.2913871564806856,both_wrong
b57746cd567603d78e5dcf22fbf144603de4f46c93c4223aa9347c43c9438330,exchange_charge,exchange_charge,exchange_charge,true,true,0.22124112001705368,0.8009982512364582,0.09805789533192824,0.7690833343002041,both_correct
b58a406116283125ef8da69c68f29fa8d05b28827ada6c2af96ba62df37a91da,order_physical_card,order_physical_card,order_physical_card,true,true,0.7772227632642137,0.6832419765689055,0.7595923452808644,0.5890325802419974,both_correct
b58e28051db52cac8d150caf9b955b66c5820d2ba0ff62f091e19cc785afcb94,supported_cards_and_currencies,supported_cards_and_currencies,supported_cards_and_currencies,true,true,0.1901712616000452,0.2054693464002136,0.1147122469862322,0.016711228987495774,both_correct
b590de4c9858ae0ba168b1f2c52dec046d4665b5eefedf7480a166a236819aa2,wrong_amount_of_cash_received,wrong_amount_of_cash_received,wrong_amount_of_cash_received,true,true,0.5206635748621011,0.8305832298468884,0.4950376927306153,0.8204167854888541,both_correct
b5b063921f6600d63c2f225a79568f21da9697bc61ebf933a28cc7e31fbfd3bd,terminate_account,terminate_account,terminate_account,true,true,0.5364252231091589,0.8658061902217067,0.496054628663707,0.8388393329088729,both_correct
b5de6f3fa8daef2318b202dac6ec6f2a7b3901868b8c892f22639be2b6070672,wrong_exchange_rate_for_cash_withdrawal,wrong_exchange_rate_for_cash_withdrawal,card_payment_wrong_exchange_rate,true,false,0.4940704950947549,0.5456075468567401,0.16631761195109834,0.1632692226933184,lexical_correct_semantic_wrong
b5f0c1ecffc74c8894c925bca478a75b026aaec168ae9f540b7fcce7c962d86b,topping_up_by_card,topping_up_by_card,topping_up_by_card,true,true,0.4462919170136474,0.5428711700757989,0.2862593061741272,0.4478577593023922,both_correct
b5fd9e4eb29c84b2de2c5a13b87f0f78c404b9282bc53c3ad2a9dd225f967fa2,receiving_money,receiving_money,receiving_money,true,true,0.8204863288761293,0.7274699375679403,0.8032397862266282,0.664334087373938,both_correct
b604bfde601071167d3ef0cee9fa0e8293413fb6c62d8ac6b542c31c3aa7d875,card_delivery_estimate,card_delivery_estimate,card_delivery_estimate,true,true,0.5407793660822254,0.6968808208412475,0.4433122034960033,0.5461655489978317,both_correct
b613bb04a51ee60328d39cb06370ecde52df3e0b050186e9307f1fc6e32dc193,pending_cash_withdrawal,pending_cash_withdrawal,pending_cash_withdrawal,true,true,0.32382886891402646,0.2100866390228051,0.2232625504300668,0.03447530198810403,both_correct
b61768f60534e167590d454dc0db984e6a688146aa2edbf7807a586b59596273,visa_or_mastercard,visa_or_mastercard,visa_or_mastercard,true,true,0.9513187975507877,0.8757669625983554,0.9498196110817316,0.8571653939636704,both_correct
b6203f18800c7ffcbb38ca7e1e4e7bf12f47de5dc15ed4e728ecd8d9af6310f0,balance_not_updated_after_cheque_or_cash_deposit,balance_not_updated_after_cheque_or_cash_deposit,balance_not_updated_after_cheque_or_cash_deposit,true,true,0.752851706804954,0.9245217089727563,0.7227216026276273,0.9068740177960434,both_correct
b64c556fc9e5b0d92ce08b685bfccccd6ab223d4672819f218d3f720c0fd6c2e,request_refund,wrong_amount_of_cash_received,cancel_transfer,false,false,0.14269399986734596,0.20340648278024043,0.012508427309972758,0.03213329700983,both_wrong
b65d694766cf04442cdf4e7e95fa14a6e466ed3cea0af00cd6f223bf5bb04ea3,card_about_to_expire,card_about_to_expire,card_about_to_expire,true,true,0.4859305933696833,0.5125529983427245,0.3929906459532676,0.4443257074059086,both_correct
b663576d4c035831ffeb10e157b4b22fa4ec62b56e5a51e03c575b9da4b29f58,top_up_by_bank_transfer_charge,top_up_by_bank_transfer_charge,top_up_by_bank_transfer_charge,true,true,0.14886528980656571,0.6120437734431997,0.07194821879878102,0.36520202580507927,both_correct
b666f01abd188b5ce9f710404cb03bd4591fb7fefffc865c1911e4c656df32f6,age_limit,age_limit,age_limit,true,true,0.7114386811865301,0.9312161138406921,0.7013232418065563,0.926770213015328,both_correct
b67b0490102c72397da38c8cac387e0756b27ec8f6e0480f4cff1cbbbf0250a7,get_disposable_virtual_card,get_disposable_virtual_card,get_disposable_virtual_card,true,true,0.636342976177855,0.7477210005829584,0.5093231097287653,0.5943226165612914,both_correct
b68071562995cc8635032cd0fc3b51fbded9dc6cdaf81b303e61c4ca85d9102b,lost_or_stolen_phone,lost_or_stolen_phone,lost_or_stolen_phone,true,true,0.4023851034572736,0.40024903770200787,0.3690886092187951,0.334934918293877,both_correct
b6888a12f3e7e3678ee8021c38ff88aabc22ed3ad844143b34c92417ef9cd5b3,receiving_money,receiving_money,receiving_money,true,true,0.43771635971618034,0.5336399212832662,0.27169767785423704,0.40290494697183,both_correct
b689d7d862e3ce41667f2fe910f71fa6c9208bd59dc9597c7c8a817624d41666,pending_cash_withdrawal,pending_cash_withdrawal,pending_cash_withdrawal,true,true,0.9415459899821189,0.9152814998572862,0.9224765995880609,0.8982183116678492,both_correct
b695ff48e3d9ec5d21f9aac5baeb3f2225e14c515812a2d45a33d387959e2e16,receiving_money,receiving_money,receiving_money,true,true,0.3772491234344526,0.6538879385361901,0.2640489801374425,0.5330783550961559,both_correct
b69d94c5285cc984c01e611290529f09e2d2c728b33a5a652eec49d09e2b05d7,extra_charge_on_statement,extra_charge_on_statement,extra_charge_on_statement,true,true,0.7814652808684917,0.8431094578369954,0.7219791183799744,0.8136958417883282,both_correct
b6a1932cc3654ce8ccea302c514a0b9ef13ed0bb37f2cdf333aad52283438840,visa_or_mastercard,visa_or_mastercard,visa_or_mastercard,true,true,0.47886793142965456,0.6648436068029919,0.42911445044639773,0.5607322049540601,both_correct
b6abae4b2d5c23a7e15135ae891dcd8dd2b7d5d312e96a54d72bcb51ec148d17,pending_transfer,balance_not_updated_after_bank_transfer,transfer_not_received_by_recipient,false,false,0.27735059849853644,0.4021041153979275,0.1366592106849299,0.0786462574358841,both_wrong
b6ce8a314586db337bbcbf0d956bcd878a5e32e492103eca739e76d18aac0efe,order_physical_card,order_physical_card,order_physical_card,true,true,0.05661834158343615,0.48171639606619554,0.0005734586653025273,0.4210249002860704,both_correct
b730f803682730e6ea80ff537800693129177d92d97d2c3f7123045aaea2f40c,card_swallowed,card_swallowed,card_swallowed,true,true,0.22526023177658278,0.35711022617032245,0.16623698127278486,0.18691349970225496,both_correct
b73889a21f4ea7da16ca25e3ef8690e293b1871e5e95cb3e1bc336be85154426,top_up_by_bank_transfer_charge,top_up_by_bank_transfer_charge,top_up_by_bank_transfer_charge,true,true,0.5583859955969313,0.731339940123873,0.5390985085240395,0.7078857728422351,both_correct
b74fbed8b7666aa7cb5ceef6dff3453142b3801eb0cd17191aa39397c3b4d2ed,exchange_rate,exchange_rate,exchange_rate,true,true,0.5243078132977635,0.6803839649299779,0.30947109442445003,0.5752406124640257,both_correct
b75cd802cb01561b259b66c6c852562e60ebaf95b5e0bbde8147916a819a71b3,transfer_not_received_by_recipient,transfer_not_received_by_recipient,transfer_not_received_by_recipient,true,true,0.9519434242398643,0.8870786634764236,0.9484134714736069,0.874738945888252,both_correct
b7c114cbf24d2e4ba43a1cc944eecf33abbe3252aead1e7d7618b37f0a617edf,virtual_card_not_working,declined_card_payment,virtual_card_not_working,false,true,0.13976567681354587,0.37291572943751455,0.06814121575386108,0.1464176037002458,lexical_wrong_semantic_correct
b7db5460c021af554baa3e342d1e5b62d00119e900827fcaaf5edfa0ce898017,transaction_charged_twice,transaction_charged_twice,transaction_charged_twice,true,true,0.792956953806288,0.8433338783821351,0.7702622870613131,0.8092814264806918,both_correct
b7dcecf9eca5cd9a1d194bf4ff0ca70f58b6e4453a0d161791c4a2af20e3a031,card_swallowed,card_swallowed,card_swallowed,true,true,0.37559953834834553,0.6881856874613803,0.30715734972268255,0.6378322503991288,both_correct
b7e9ae0ca9e6efb635ee7d566d4fe159ab76fdfb0739222dbd7f64e82cce7ad9,supported_cards_and_currencies,supported_cards_and_currencies,supported_cards_and_currencies,true,true,0.5974029120361707,0.6795377399659877,0.5162669721703841,0.5459600119420209,both_correct
b80358a302143fbde62ec78dd4dc8e825961069bf1015b7c09d4ae8c202927b1,card_swallowed,card_swallowed,card_swallowed,true,true,0.40428689988300903,0.5070465757337261,0.2761903346448278,0.3406775651572357,both_correct
b81ee45b1c8ab4713460ce22354c0dab872d2ee295ccf4442a82af9eab29305f,failed_transfer,failed_transfer,failed_transfer,true,true,0.24441225225866375,0.38024594667504347,0.14530278909657007,0.22479391367446636,both_correct
b8443b823b96118d24cf5003ba079765d2d137f3950a9b6aa92b51846e291df4,order_physical_card,order_physical_card,order_physical_card,true,true,0.6749377143181795,0.6325566484195216,0.5744037598389787,0.5579981611020323,both_correct
b84c984e82ef5bf07d64b23efa3fdfb83493a165d157603424f9395847adb714,top_up_reverted,top_up_failed,top_up_reverted,false,true,0.2611631287278659,0.44945315855737006,0.09982601044368555,0.2253220731063106,lexical_wrong_semantic_correct
b8966f0d8dbeb27d8fa1641e1e25357e4034d2795aff2d47317730228fc330a6,lost_or_stolen_card,lost_or_stolen_card,lost_or_stolen_card,true,true,0.5921126416453342,0.4185393842059306,0.5673217352167879,0.3269681233353889,both_correct
b8aa29816557037380b29749633436bcd364ab1b2bccdab8184e568a4e90f7a0,cash_withdrawal_charge,cash_withdrawal_charge,cash_withdrawal_charge,true,true,0.7405083748612394,0.9287376989608439,0.6146115180897996,0.9163885535501982,both_correct
b8b27d71585148faeb9f90648d1c400b78b49b494676cc6164590c229338f758,getting_spare_card,getting_spare_card,getting_spare_card,true,true,0.14688108006660294,0.7669428820343198,0.030660194653129358,0.7320178889954998,both_correct
b8b7ad1a95966f02814c475fd4e4d0d2a6f3e659b9dda90a63267239542e1727,Refund_not_showing_up,balance_not_updated_after_bank_transfer,Refund_not_showing_up,false,true,0.1150894270760868,0.29459234797147915,0.030151678242856556,0.10876277312138768,lexical_wrong_semantic_correct
b8bd45da45f91b34f9c51d0edf9033a7f450738ecd1fbedffacabf8318d39502,cancel_transfer,cancel_transfer,cancel_transfer,true,true,0.23988649043459695,0.5978274709968573,0.1502340506631124,0.5345201667972592,both_correct
b8c148944f6bb4eb4819d66c012242fec93d76dd67c8254482c361fa6127fec5,transfer_timing,card_about_to_expire,transfer_timing,false,true,0.11742165722928974,0.5394517456922328,0.003002552402712924,0.43530247831884666,lexical_wrong_semantic_correct
b8d8d39cb5dac40cfe1f3dd17cf3b003c9f00279f9fce87b00f2b779c8b5d301,balance_not_updated_after_bank_transfer,transfer_not_received_by_recipient,transfer_not_received_by_recipient,false,false,0.1702998275512749,0.2579992307743286,0.03330681258844442,0.0774559831981817,both_wrong
b8e0ce38fea9ab8386465d956318310949b6f02ac814c176c5daaa2687d95302,request_refund,request_refund,request_refund,true,true,0.3966347748332688,0.9131816860870979,0.26649090713825135,0.851343240066885,both_correct
b8e852bd9e62c41d8effe47a2a2d5d07c5cc1d2cfd65a1c3ccd06d61a0520776,top_up_reverted,top_up_reverted,top_up_reverted,true,true,0.3350863723727332,0.65776888741386,0.1593130312086764,0.4749061382139032,both_correct
b90387117d2e443b8af73e21d8f01c33e489c56b1a300968f1ff936c08242073,card_acceptance,supported_cards_and_currencies,card_acceptance,false,true,0.2654458900525468,0.2742637844934258,0.030211928544009725,0.036837795194512135,lexical_wrong_semantic_correct
b933f1da60090f5119c748f31d7fca477ac42807ae2f4c645d32af7c35dc7dca,card_payment_fee_charged,transaction_charged_twice,card_payment_fee_charged,false,true,0.09070402273915196,0.3418479337343935,0.023769936905876796,0.14446098894293358,lexical_wrong_semantic_correct
b93f8135869c180d2fe70cc9d06cadb4283bad9e6e11cfc5e82f118f68d19b3d,verify_top_up,verify_top_up,verify_top_up,true,true,0.14817928413575082,0.49772042460525084,0.046025320555741836,0.3625984662934687,both_correct
b9635a599c53affe2de40d4dc8227ac95b66574ffb6b99173a8a4e8bc51442b5,Refund_not_showing_up,Refund_not_showing_up,Refund_not_showing_up,true,true,0.8229591097979596,0.913778933329541,0.7909470692617984,0.8848560664274707,both_correct
b969ee29c9007da36aacd93f4f896cdd290999b5dc47202ccf083577ea1f4710,beneficiary_not_allowed,beneficiary_not_allowed,beneficiary_not_allowed,true,true,0.9245583544275724,0.9546293598095319,0.9107221142196924,0.9363016178198692,both_correct
b96fbda067bca6b60895056358b295ed45be45541f60555bdb28e9e24bd8976d,atm_support,atm_support,atm_support,true,true,0.1763058922510946,0.8411937029353113,0.09468873028351595,0.8182847223679236,both_correct
b974dc1ff0963fb24b209d9407ebc69755e4ed539827801833f33ae523d48936,transfer_fee_charged,transfer_fee_charged,transfer_fee_charged,true,true,0.7578966339800237,0.8852680235040685,0.6692485921866325,0.8651034038419434,both_correct
b97a47bfb1a48798c19ca15c5bfc5e4d3a1c7920dcf4a1b9439674fabca55e4e,transfer_fee_charged,transfer_fee_charged,transfer_fee_charged,true,true,0.7400797051149862,0.7123082335590879,0.6657533538406377,0.612908563706257,both_correct
b97f0b215abb01f34c94a536eb7f4dfd37d3d9a2cb5dc9f76b43bc2cafc7d2c5,pending_card_payment,pending_card_payment,pending_card_payment,true,true,0.43942548103805534,0.6225484235986777,0.35817183839269245,0.49239901269272035,both_correct
b9a360d2c5729362ad95a03b11a354dc2cc1508d3f86c2e606ea626b710af466,declined_cash_withdrawal,declined_card_payment,declined_cash_withdrawal,false,true,0.08050931713436724,0.5827423091171949,0.039149777164776384,0.5140700176635218,lexical_wrong_semantic_correct
b9c29775180df771a606afe1372c1f60a6b5c664fad264e0153edb37431f4dac,card_payment_wrong_exchange_rate,card_payment_wrong_exchange_rate,card_payment_wrong_exchange_rate,true,true,0.5066982233703045,0.6889122050240641,0.40615687716316073,0.5821517410019866,both_correct
b9d9faaefcd8b8147ea4b4701812cd7c7e8a1b4ab94c8a6a3260d3b579203c30,request_refund,request_refund,request_refund,true,true,0.3008477521887525,0.5515175171099654,0.2106470105886411,0.31487776527010086,both_correct
b9eccd3733c106ef701214dd9bec8339817a00800b1c42f407796383681c9f2c,get_physical_card,get_physical_card,get_physical_card,true,true,0.56647228208735,0.7322247407229068,0.47828961181970225,0.6085861912656968,both_correct
b9f2de88d2efc421c125e155d6796dca08b06e632b3e6c0fa5906dce53d46993,transfer_fee_charged,transfer_fee_charged,transfer_fee_charged,true,true,0.42198404594797273,0.6521650540630866,0.28699751753701197,0.6224071636362015,both_correct
ba1f642c81e7df6c87de5d81dac23e4249ff1b40870ec838b1970b40c532575c,transfer_not_received_by_recipient,balance_not_updated_after_bank_transfer,balance_not_updated_after_bank_transfer,false,false,0.0886774253559715,0.3405368999334701,0.013613310583597299,0.22034325922597442,both_wrong
ba2bd8f080b4bf37e1965958f934717e03cd15aee245d547f116e6efe124e769,age_limit,age_limit,age_limit,true,true,0.7923564352693775,0.9307186285302185,0.783843810498431,0.9244675602013892,both_correct
ba3ff913bbce66a1358eadca73b3e04dc88d9fa107dab78003032d07a7c84e7e,terminate_account,terminate_account,terminate_account,true,true,0.2691343371086453,0.8717234820730344,0.2393350051859939,0.8565675025594353,both_correct
ba4689957d0fb2a331ac136412f6470f950725adc2e38a61c7b9462ec286c863,topping_up_by_card,topping_up_by_card,topping_up_by_card,true,true,0.28757670143994846,0.3364413911045822,0.20032298731584852,0.24514284038939882,both_correct
ba979f48b5e187c8fafd0cc3604b97a90140c0e01627aba53670bc3414bc91e3,extra_charge_on_statement,extra_charge_on_statement,extra_charge_on_statement,true,true,0.8819562658254715,0.9245278563698193,0.8536822234896102,0.9131575963543285,both_correct
bae80df5d0cdc3038c5b2fa6fbc3a918bae59989ff0184fd60830b1b7d41e986,top_up_failed,top_up_failed,top_up_failed,true,true,0.3298412793565664,0.6003264224119478,0.19535583619441108,0.34478109306773713,both_correct
bb00d3c2117ba90001b257486a2429d6601e477b727002f7bbb67564754c3b6a,card_linking,card_linking,card_linking,true,true,0.8776713123191833,0.8990962743312868,0.8704823508672962,0.8847271426644545,both_correct
bb1b3cf57fe8a1d95b1c8228a9a5db467ccc69a1d3830dc407dd316656616d8f,pending_cash_withdrawal,pending_cash_withdrawal,pending_cash_withdrawal,true,true,0.6276474601957023,0.8366041813760511,0.5518706163508483,0.8072629509847169,both_correct
bb21ca654a1b20ee9032c24e9fea6c9924ced8159039ee11fafe1b49d006d8eb,fiat_currency_support,fiat_currency_support,fiat_currency_support,true,true,0.48186077099215324,0.5759548335842389,0.4506734633086307,0.47128114665952703,both_correct
bb25046cc9193253d45c361f046e3ca8461fdb08439df1099122e9319babe56d,verify_source_of_funds,verify_source_of_funds,verify_source_of_funds,true,true,0.5986013317019117,0.865071557553255,0.5774552602218688,0.8562808005511757,both_correct
bb31a7c490835182c4eae52226ccc11a4d3ce33f3886e1ed12db106dca4e87a9,topping_up_by_card,top_up_failed,top_up_failed,false,false,0.14410367988190462,0.42606596132623986,0.014271126893402153,0.21958367051051156,both_wrong
bb6e7c7313e9c5e7ec2da302eeaa6e84fb01752867c74ffe05d49254983f0b36,balance_not_updated_after_bank_transfer,pending_transfer,pending_transfer,false,false,0.9441228549727688,0.8186762710069325,0.9291716274879078,0.7962697637920301,both_wrong
bb7e153da377bdd538a483e43df743429c979a3c3c4c3acbc87a31324747c99c,topping_up_by_card,card_linking,topping_up_by_card,false,true,0.18945351532264795,0.311430950872664,0.03845487735209607,0.13882072780015897,lexical_wrong_semantic_correct
bb9725e0631de6f46b4122cd5f41cabb99673d574160f25c966f4ef3612fcbd2,failed_transfer,failed_transfer,failed_transfer,true,true,0.26790210107858353,0.4334696038333767,0.14309580983793566,0.24882354379683372,both_correct
bba05c3b4c890e463feeb69a12b9093b3b01f9cc86dfa959d6613448f4c9e1ca,card_payment_not_recognised,card_payment_not_recognised,card_payment_not_recognised,true,true,0.6520356556479865,0.632512543697312,0.5181411212178707,0.5184226853268483,both_correct
bbbee1360d756492171230e1be003ac452e12e1e525cafcaffd53d7dc507d101,unable_to_verify_identity,unable_to_verify_identity,verify_my_identity,true,false,0.26777261333246277,0.44943584371919804,0.0015174371300673006,0.16114549909370007,lexical_correct_semantic_wrong
bbc7d6cfb20f73477491817d477a3b2f78afdeb2b006e566ae847f64ddbe045d,pending_top_up,pending_top_up,pending_top_up,true,true,0.30209900357932945,0.36468740505294933,0.2639522679579283,0.2334889276926549,both_correct
bbcd2d9228ad79e01439f93196dbda3b5048a494c60abb3acf2e2b95cb3a6f72,verify_top_up,verify_top_up,verify_top_up,true,true,0.9245642807320703,0.9647885504024667,0.9139437821941189,0.9604129069475357,both_correct
bbcfe191b84dc0714de7a237ca8feff6bffc306491a01dac5ae4829a316aec3c,pending_card_payment,pending_card_payment,pending_card_payment,true,true,0.644628572695934,0.7914805387366516,0.5987598342552125,0.7294141032744912,both_correct
bbe830d4fe78a17c9e79abd38fadb3d1998716086e8fe31cde6653a2dde6afb6,top_up_reverted,top_up_reverted,top_up_reverted,true,true,0.6470651786867884,0.7110255886957132,0.593728778623003,0.5378727080662479,both_correct
bbece2088f2d5d717a5ce3ebc16bcbacb9b4e2075f2889d8db7a3fe4a47bccd9,top_up_by_card_charge,top_up_by_card_charge,top_up_by_card_charge,true,true,0.535581470745831,0.6966328977249479,0.41363021800168154,0.6379816382094354,both_correct
bc0cbb24bb0e57d4399cf9697c4ba02f5039dd0973d77d15bc49faebce07b25e,unable_to_verify_identity,unable_to_verify_identity,unable_to_verify_identity,true,true,0.3730057921587709,0.7373550524898949,0.24369330733152383,0.6390302116978288,both_correct
bc248d5eb1ef4f96de5e487b3b67a89961c601263b5a808f6363088b8a5fb916,card_swallowed,declined_cash_withdrawal,card_swallowed,false,true,0.15601262919436312,0.4254824941413382,0.008881362552345617,0.19192139438494313,lexical_wrong_semantic_correct
bc47c59bae5857a82c2142879aaec12c94cec6cfa43e0e4ae75d5014c27b8509,card_not_working,card_not_working,card_not_working,true,true,0.1034318216660812,0.7938706539393261,0.05485453409647554,0.7268798697017299,both_correct
bc735e0d98b1aa6c2b2edc1dbf5ed829b8e5ab7e10a5b60f82a192c707c519e5,card_payment_not_recognised,card_payment_not_recognised,card_payment_not_recognised,true,true,0.46649365062529957,0.5492024340485228,0.3029123903802676,0.45096937764577893,both_correct
bc812d5bac85e54059332eead074f697437b4b207690822d9df689098b3b40ff,cash_withdrawal_charge,cash_withdrawal_charge,cash_withdrawal_charge,true,true,0.7260732610857007,0.6055661338808477,0.6504633674067347,0.5476982712482513,both_correct
bc84fd0cfa040cce51f669541ed0dc99d4aa6917dd9bd321e1aa63afd4e2d6e4,virtual_card_not_working,virtual_card_not_working,virtual_card_not_working,true,true,0.63947869076781,0.59121571722673,0.5308159749041642,0.44303412648610635,both_correct
bc8c0e2bc24da9400a8f418b3dfb4e3618cd31a2df734db898b77918ce50d143,extra_charge_on_statement,extra_charge_on_statement,extra_charge_on_statement,true,true,0.7330765770818781,0.7727838881224401,0.6932567935741545,0.6946265099577303,both_correct
bcb0455b6081badab0e88329f8c5ee61f10f36ab1300a070f4689fda0e9a1b1f,top_up_by_bank_transfer_charge,order_physical_card,top_up_by_bank_transfer_charge,false,true,0.11192960124097906,0.28727991726960694,0.013223575297338086,0.13665055300896115,lexical_wrong_semantic_correct
bcd1040adaf78e7768cf367c00ed8ce9435c02aef6cf6af1c573fab3da531aaf,failed_transfer,failed_transfer,failed_transfer,true,true,0.5070234449715287,0.4775346168889845,0.35525899944537565,0.35102224142534244,both_correct
bcd66aa8384185a3998dee519635d72f0ae45bd63676b3b8012408883148366a,extra_charge_on_statement,extra_charge_on_statement,extra_charge_on_statement,true,true,0.7938685606618524,0.8014960340745628,0.7617248215532899,0.7387936351022715,both_correct
bce5d0dc0ab8cb0d133adcc8091f36e9a47c35c85682c19907b0130ff1d98cd5,reverted_card_payment?,reverted_card_payment?,reverted_card_payment?,true,true,0.922954975667395,0.823142499158243,0.8953957650832515,0.7427365153058479,both_correct
bd11173176674759ff678b954df546db90b9e6fa4f5576e9ececaf28a37166ac,transfer_timing,transfer_timing,transfer_timing,true,true,0.43464547425482086,0.5476349801363989,0.368072670396618,0.38501087346757906,both_correct
bd11605537726f9fbcb2997cd55c30d5d467d257dfa777a223dd339aef3bf165,extra_charge_on_statement,extra_charge_on_statement,extra_charge_on_statement,true,true,0.5232617646982115,0.6517752003566597,0.3982007260963002,0.5341062523939623,both_correct
bd11f00582519b88e8da636404b9734a7876c69fa42eb1765d2d2ff83caae36e,why_verify_identity,why_verify_identity,why_verify_identity,true,true,0.3975275910201003,0.8823928864035543,0.24889767489589598,0.8187591973702598,both_correct
bd154bc7acf7a717a5bce36389ece92c0e8c008e651c8e2e94cdbb80878d1311,visa_or_mastercard,visa_or_mastercard,visa_or_mastercard,true,true,0.8177951681285949,0.8473363818992201,0.8060359562405859,0.8002268178520433,both_correct
bd2800e54d2ccefa7e9fa0c91939c43b5651f523d800f773b3c1c4e5b9a6b182,reverted_card_payment?,reverted_card_payment?,reverted_card_payment?,true,true,0.7920714883687124,0.6829119854234719,0.7628812156396476,0.6315481674620216,both_correct
bd5fd4a291badf7a16a67176827a8fc5971641691bc6b89bf24932065f06a773,top_up_failed,top_up_failed,top_up_failed,true,true,0.6313128654099371,0.6648927612229175,0.50064199198451,0.5054778456930635,both_correct
bd6c1663f0776ab12b0234116ec42e27f1eef5aa719afea43ccfc5c7d429a973,receiving_money,receiving_money,receiving_money,true,true,0.8517933940859643,0.7734210226076669,0.8418247987855086,0.7515969666893264,both_correct
bd8709a036c8966142bfdf0566fd5ca270f7d5e894528cf9f6a0c22e4386a0ab,supported_cards_and_currencies,supported_cards_and_currencies,supported_cards_and_currencies,true,true,0.5942552854584324,0.6728270235382665,0.5039192565998103,0.5373118174315296,both_correct
bd9d87467972d0fb5bd99f0e69b733a623c87f0b8153193578f8ac9be9b20510,top_up_reverted,top_up_reverted,top_up_reverted,true,true,0.5289222835004466,0.32097274631162054,0.46941276375907304,0.07701922283873619,both_correct
bda010fca50647a58158ed2c8246350746e5864285ae24a1a98b7efeed565273,extra_charge_on_statement,extra_charge_on_statement,extra_charge_on_statement,true,true,0.730584885738862,0.5914390544632312,0.6894912429886402,0.5274239629886899,both_correct
bdc4df43e396184cd75df521dba5e143752d63b79baddbd1bb145dd0bcebbb96,card_not_working,card_not_working,card_not_working,true,true,0.5683930737670458,0.7004386441242452,0.47207178862895305,0.6412122796192449,both_correct
bdcd0fbb7980e746e5bf977bff1cf64af74f6bb914705e0d01a0b94e2aa473ac,top_up_reverted,top_up_reverted,top_up_reverted,true,true,0.269257865115196,0.5787766126275603,0.22766985810905715,0.5204335260808443,both_correct
be0edac0625f79c8d5d255f04f4db791e871dd1203a177c76fd7cd0ffe3fb1c3,transfer_fee_charged,transfer_fee_charged,transfer_fee_charged,true,true,0.31675801357344313,0.6848923785515363,0.2540555578746295,0.6242209059095936,both_correct
be14132a90fb7d90d06dfd697fb06abc7e5ce9ade8893eb0bfd6b3190888dabc,direct_debit_payment_not_recognised,direct_debit_payment_not_recognised,direct_debit_payment_not_recognised,true,true,0.7595194158716794,0.8056966282248488,0.7225856224130763,0.7515240115039464,both_correct
be5d544bfc60d06db93e3d8f8388603818b7c3ac916e8efc9b0c2dbc0e71e532,verify_top_up,verify_top_up,verify_top_up,true,true,0.9068492601850463,0.9137134862720911,0.8981390175060379,0.9012079621174859,both_correct
be5dad6e0411a1c17071b4185153c315d18a16d544931b86820009db2fdb6fb5,card_about_to_expire,card_about_to_expire,card_about_to_expire,true,true,0.8772937234622895,0.8955626883530701,0.8497200427959228,0.8802198375096805,both_correct
be5f305ae5791922e48e7b6a385ccdd6645c72dbfc48bae01b598390303e4193,supported_cards_and_currencies,supported_cards_and_currencies,supported_cards_and_currencies,true,true,0.573977785405448,0.6576902231018431,0.3778415847491303,0.5055013764156564,both_correct
be718073b7db2e05f7f39edf5c57618134bf553ffd14468fe8b9cf1a0721ab93,balance_not_updated_after_cheque_or_cash_deposit,balance_not_updated_after_cheque_or_cash_deposit,balance_not_updated_after_cheque_or_cash_deposit,true,true,0.5485304291622606,0.7162724755123223,0.47504564836019364,0.6718677429231613,both_correct
be7d2d2e0687f100347adf68b9e4c506b681e26a19d8c617c54d3d2d8fbbcd95,get_physical_card,get_physical_card,get_physical_card,true,true,0.582914542103402,0.7687099222199147,0.4518841889459182,0.6880986864464822,both_correct
be7d320a77d1186b3c304398c1bdc83a40259745ae0c4f89e96451eeeb070f42,beneficiary_not_allowed,beneficiary_not_allowed,beneficiary_not_allowed,true,true,0.9061654999507407,0.8558687128592004,0.8871746810089772,0.7965748342096781,both_correct
be9591afdbb5143ae9f3ea54a1978a242281d47291c00be12625d72cde7017fd,wrong_amount_of_cash_received,wrong_amount_of_cash_received,wrong_amount_of_cash_received,true,true,0.42992713208917993,0.7806742736962602,0.25126866021635186,0.6779499708544189,both_correct
be9c0960226fba3864d29e7403bbf92a2f12b68c05260c9187fdfd21c9369b17,extra_charge_on_statement,extra_charge_on_statement,extra_charge_on_statement,true,true,0.8156825683869344,0.9301069971112255,0.793441877318881,0.9055279006970862,both_correct
bea6eba3a10dc7ebe1144de20de274f9bf702ca7d00ff20b4c8f87f8eaa5654b,verify_source_of_funds,verify_source_of_funds,verify_source_of_funds,true,true,0.9456362475200644,0.9645244307821076,0.9438847976078367,0.9616940355114884,both_correct
befad04f0f298ffa1d2b92e98059b55bed4304d202661b91839e637ce27315c8,balance_not_updated_after_bank_transfer,balance_not_updated_after_bank_transfer,balance_not_updated_after_bank_transfer,true,true,0.7076833943684315,0.7457089166350406,0.6164449517118407,0.6960615939256152,both_correct
bf211a071683fe5e347b910de2d0425b0e3cc1b66cd9831a30b5a4bf75572f94,get_physical_card,get_physical_card,get_physical_card,true,true,0.6480847011960469,0.8097308559761647,0.6057833772687105,0.7228311525798182,both_correct
bf4d794212199a577eab1325346f05e1d0f45e0b75aa85ddc02910f2267d5583,verify_my_identity,verify_my_identity,verify_my_identity,true,true,0.4728163644428686,0.47881182178466675,0.18542323525827598,0.035653029489133015,both_correct
bf5dab27273e5bb470ffd2bf01065c54473f70ce751e7e49d6f8f086846b095e,receiving_money,receiving_money,receiving_money,true,true,0.44801673324753916,0.8384528365388727,0.40695440080491135,0.7659537754571484,both_correct
bf69c23a0ed38431fdd6ddc4add7a47fd4a52ec467fab47dbb07b830c55af5b2,transfer_not_received_by_recipient,transfer_not_received_by_recipient,transfer_not_received_by_recipient,true,true,0.6093811593052736,0.7699991568516628,0.5540658248600557,0.721656846130394,both_correct
bf6b5a7c7de7c102cbceae34a9f8b08073c0a5039ae90c730466b6b468c416bd,direct_debit_payment_not_recognised,direct_debit_payment_not_recognised,direct_debit_payment_not_recognised,true,true,0.9430992412838084,0.8950600594909737,0.9323033792195484,0.8878578774856228,both_correct
bf73bdcf00d3531c227b603ae113226c44a96e7acd99734fe2a1ac3501077d9e,terminate_account,terminate_account,terminate_account,true,true,0.21854916771507857,0.7780054636316756,0.1797274392729802,0.7451613858016806,both_correct
bf88e8b75f4bba9933ea497fd28091e9b49229c166005d602f77c0d33353aeca,request_refund,request_refund,request_refund,true,true,0.8586195285627282,0.9097174156077361,0.8501202951286597,0.8502030215358554,both_correct
bfaa8c5f4f438db8ca8bfaeb18bdbe16b06dddbdc32cd1e22e991a4a6b192fd5,get_disposable_virtual_card,getting_virtual_card,getting_virtual_card,false,false,0.49458318280539737,0.5814217881285286,0.36771458737957635,0.41692461684213117,both_wrong
bffcdb5eedf9eafa176b9069691215c26995cfbdd2db872db642e62cb1e956a4,getting_virtual_card,getting_virtual_card,getting_virtual_card,true,true,0.598786509533353,0.8175911419491522,0.557277490919545,0.7748216030601353,both_correct
c00157a76c487294c1482f3acf79220afee7e01fb9dbe8671860587f83c2f034,fiat_currency_support,fiat_currency_support,fiat_currency_support,true,true,0.845233540052115,0.8927194777533384,0.8089032965077072,0.8465544197268244,both_correct
c0067583c04075ef556a30ae00e03060950e334fdcdbfba703e1ad2540543661,compromised_card,compromised_card,compromised_card,true,true,0.1056315597758435,0.42526592158728144,0.03471835173524605,0.2899101396686372,both_correct
c012a78608a60c72dba120c958e6e402fe0aaa431cc0001aa055054479025b30,lost_or_stolen_phone,lost_or_stolen_phone,lost_or_stolen_phone,true,true,0.9291508342758819,0.8769545754830156,0.9210544482287102,0.8464385307328228,both_correct
c04d554518a039685c9db529d384656c2fd285402e87b1bf5019cd64eac3141f,unable_to_verify_identity,unable_to_verify_identity,unable_to_verify_identity,true,true,0.4059702295091404,0.3956250528836652,0.22852111388950813,0.07064656120595769,both_correct
c0593bed6f6092eda172071559968ddb6353bdcdc11b9fc0da10d030976aaaef,wrong_exchange_rate_for_cash_withdrawal,wrong_exchange_rate_for_cash_withdrawal,wrong_exchange_rate_for_cash_withdrawal,true,true,0.7789469998341098,0.8811536427861157,0.7100751835407089,0.855332299756645,both_correct
c05de74ed0dd83c1e10e2bfd83f5959add537ab15e019f2db006c268d1385ed1,terminate_account,terminate_account,terminate_account,true,true,0.09817282422679316,0.5556166808257653,0.05184003824244468,0.49104685989931995,both_correct
c05fbe8fc5c395040a625b639305fb9536bf9d3292d0e0db42435b39e2f51709,cash_withdrawal_not_recognised,cash_withdrawal_not_recognised,cash_withdrawal_not_recognised,true,true,0.1011288737109881,0.48002362204967186,0.02382769194935759,0.346030876190922,both_correct
c062a39e7d829d2fe49a826ed6ae9fa50d30534dd9b398cf3a36cb7e0e4c33c3,verify_top_up,verify_top_up,verify_top_up,true,true,0.8932159088584652,0.8622106650788495,0.8777304305924112,0.8371815750656437,both_correct
c063f48c7fb733a4be1b9a62788fba8541d1890e23805326ad54e703974f52ba,supported_cards_and_currencies,supported_cards_and_currencies,supported_cards_and_currencies,true,true,0.10290153960556515,0.22094574217452387,0.051948489652982446,0.034115349931191946,both_correct
c097c876244735a8c7636a063eff1651565e72a20ebb23e2ae9e3eefb4bd46d9,getting_spare_card,getting_spare_card,getting_spare_card,true,true,0.49122675224311846,0.752619758895089,0.3751961504003044,0.6992358639458107,both_correct
c0b61232ab35fbb502a079e6997875654748360314d748b5183a99369f6a70ec,direct_debit_payment_not_recognised,extra_charge_on_statement,extra_charge_on_statement,false,false,0.4954794792101189,0.5228789764057435,0.41712153275622016,0.43478200660624994,both_wrong
c0be8b530e488b7e1458a7775fdf1f63999fb24d9dbf5b50ca4d4a388f5d7d82,supported_cards_and_currencies,supported_cards_and_currencies,supported_cards_and_currencies,true,true,0.40017455311575645,0.5788120413428698,0.3298785142004981,0.481085388306201,both_correct
c0ced3d5f3041b19bd70d417a02f114b7f2c9a587c14a17d9315000f020e51f3,order_physical_card,top_up_by_card_charge,card_payment_fee_charged,false,false,0.23893606493028402,0.5676933594189266,0.17054329091031145,0.3886669072347616,both_wrong
c1128b18aa3ec7c53e17fdbeb8fdd452b011166293e6d1896ba0656c3cf4a821,transfer_timing,transfer_timing,transfer_timing,true,true,0.22128599726966539,0.42528989805968503,0.18244254870804186,0.28687153374904295,both_correct
c122dc424efb7dec3413d6fd0fa57990691f3ce65499c7f20247bedabf739605,card_arrival,card_linking,card_linking,false,false,0.06238510077772139,0.2267991207644088,0.00348749416449156,0.01333164865760822,both_wrong
c123287a230cc9bd2ba327681fcde6b79e8b76685eb62f14b7b5c66866f49b07,pending_top_up,pending_top_up,pending_top_up,true,true,0.30918143442151674,0.5160474779359018,0.08965575524153727,0.2951302585265045,both_correct
c147b3ec799ca3aabd751684eaec881508a9975317d1cc840c5dd5cc8fef8654,activate_my_card,activate_my_card,activate_my_card,true,true,0.6946478799363839,0.8498644917916288,0.6488723879834792,0.8049021805817139,both_correct
c14962342c34203d2ed5971e34af8fae49e2ba531649b401cf232b104a9e14a6,lost_or_stolen_card,cash_withdrawal_not_recognised,lost_or_stolen_card,false,true,0.07895728156468904,0.17472260540201515,0.004343056162688139,0.08217488350051395,lexical_wrong_semantic_correct
c18b9a9b9c9c96ee2ec576cde1da0fb2b2781b15eb83a69d73709aa1d2619316,request_refund,request_refund,request_refund,true,true,0.9129988284400362,0.8904839011845587,0.8451525639286399,0.8121536314887087,both_correct
c1a6a2d68c70fbd0c8f82aa3d79606cc80e9a4621868241cd14051c5dd70ea0a,transfer_into_account,transfer_into_account,transfer_into_account,true,true,0.5233481163156807,0.8095948803843669,0.4997268481980974,0.7897579059634731,both_correct
c1b785a3af660290a2b6bdd5b608315f02171b1d8b13bedf8ce00fce21962739,virtual_card_not_working,virtual_card_not_working,virtual_card_not_working,true,true,0.36789967046409777,0.5228323747628555,0.07553855149459426,0.20614840892156294,both_correct
c21a6684134a8eea871d044d587d7e25544ad385ba2088823cad45310416eead,beneficiary_not_allowed,failed_transfer,beneficiary_not_allowed,false,true,0.5378098843887407,0.34847536827423026,0.3960530568174112,0.027594633810194225,lexical_wrong_semantic_correct
c2239482fea20928e9df7a6940914e2dbc79b6c162e2df43992f5003e424f8c4,activate_my_card,activate_my_card,activate_my_card,true,true,0.9824192310822885,0.9178654124385702,0.980027789563322,0.8886880748368725,both_correct
c23aad8a18ba259ff6cbd208265480667d260e32f0a40d692e03384c51e85f1a,wrong_amount_of_cash_received,cash_withdrawal_not_recognised,wrong_amount_of_cash_received,false,true,0.3050037555756049,0.3054006236173636,0.17531911079248838,0.10704454984679715,lexical_wrong_semantic_correct
c26adef8328f078b8d16e19d3d668025197c42678b0e7939f76659d055df7097,top_up_reverted,top_up_reverted,top_up_reverted,true,true,0.49823840524677443,0.8361887026596466,0.38427569971042,0.7676395902298309,both_correct
c298f447b73c1a8823b6260d561751f5ddd06e3042a293ef35fe161d77ca1eae,card_arrival,card_delivery_estimate,card_delivery_estimate,false,false,0.3256059065928942,0.5027445647705453,0.21581595436895834,0.2742481383029603,both_wrong
c2ba0dd8b216ef6003c704353f5628a137284700ced9d9acef85be483f40474a,country_support,country_support,country_support,true,true,0.6472808758696983,0.609576153227916,0.5862946510488479,0.5090830869201483,both_correct
c2c79e2c97a931eeb06813480aec78b99d1c92632e569e3c866b8750f8bccaab,contactless_not_working,declined_card_payment,declined_card_payment,false,false,0.1604483076060594,0.22804476982107322,0.003236411394656691,0.07674592797986746,both_wrong
c2d982d098843db35866a8aded29729a6efcf11bddd9367f2ab3dcea66dffcba,transaction_charged_twice,transaction_charged_twice,transaction_charged_twice,true,true,0.7749917944156535,0.8556099077978228,0.7472723993793428,0.8031215660654735,both_correct
c2e4f3bcd7aa2251fb481dd8ee1c5c4a60cd04656ee38dec6df83afc6b80f548,card_not_working,card_not_working,card_not_working,true,true,0.4447214971427431,0.6837011636629499,0.3874394709208365,0.6278732394610088,both_correct
c331d89b4ab866b2220e703847e5a1a0ac8bf3812feb9db6bdc219909c9be618,extra_charge_on_statement,reverted_card_payment?,reverted_card_payment?,false,false,0.1881372984479563,0.2282445178998427,0.03533904204997054,0.13326632958100837,both_wrong
c33d85999170af310e8e93a5e43c3fd45a32621fd0f9834ab0a66a75167dd734,getting_virtual_card,getting_virtual_card,getting_virtual_card,true,true,0.33488349352232794,0.6068262466311494,0.09972420913943397,0.47102879858178603,both_correct
c343cf8e574d9aa8484031cb59f1402810689a6d7c8541e5bb32427d6ea1d879,country_support,country_support,country_support,true,true,0.37387742060406753,0.6550466436886381,0.28717180549161353,0.5858800524845501,both_correct
c346f1b4ccd72c932d0c5493049fa08d1bb87ae87dec1695ac40e94e59dabb3e,lost_or_stolen_phone,lost_or_stolen_phone,lost_or_stolen_phone,true,true,0.916148328389898,0.8814077941094101,0.911037559486212,0.8548547606095258,both_correct
c35ba9d3bb8a15aa6354c91bbda06e6d8c6df343254a71a945df556d75eea21d,edit_personal_details,edit_personal_details,edit_personal_details,true,true,0.555833767987609,0.8354956030833641,0.48375112876399423,0.7989049049265698,both_correct
c395cdb4baf21e3b24d13e350c46d3b94bd9ff2d2600c493a5062f0f0cefbf1a,transfer_timing,transfer_timing,transfer_timing,true,true,0.7571597418696154,0.7127221463523615,0.7230204428729494,0.6100909365425622,both_correct
c39e71dc7a90ce0ad21a522623e41d0afc99e42f8f5b88fde9288a67ee615cf9,top_up_limits,top_up_limits,top_up_limits,true,true,0.6016535725603384,0.9046897789689068,0.5655118177329453,0.8884903060959805,both_correct
c3aeaa337e0bc99821b48e2f772e43dc820ad2487928e20a2b8dcc06cb2cce39,reverted_card_payment?,reverted_card_payment?,reverted_card_payment?,true,true,0.8375933575126615,0.7614172717822045,0.7891374659648085,0.6718806917479372,both_correct
c3b9f8004b8b96b062a8ecbe00669b4fa309a1dbd8ff3e56458d0f443451e890,compromised_card,compromised_card,compromised_card,true,true,0.34588216049281195,0.40832434460208383,0.310467451506367,0.31275763375588916,both_correct
c3bda9a20b629d3ac9eadbfc9363b60a60ee548e65e2b572aa2c845d75a91302,reverted_card_payment?,reverted_card_payment?,reverted_card_payment?,true,true,0.1094473023860911,0.16461265713906018,0.059713833167924966,0.022400583420428694,both_correct
c3be64dc4ce18078a1c6a90eb3b9790176c202d90e434dec10bf900c543c34d0,verify_source_of_funds,verify_source_of_funds,verify_source_of_funds,true,true,0.7903249527506143,0.9040404098724266,0.7787096669732816,0.8953065233504177,both_correct
c3bfc1d439bfd85c85919f680ab0168263fcac2abed0cbd9f0f888e792956981,disposable_card_limits,disposable_card_limits,disposable_card_limits,true,true,0.918175384475498,0.9259831704727524,0.8951278843609538,0.9050135668470807,both_correct
c3c3800cae4c3a337afc4c70d60d76c6a64dd1d848c1293768d0c83cdd9425f4,pending_top_up,pending_top_up,pending_top_up,true,true,0.31892760416769317,0.4814747579088111,0.05727918817013261,0.20363877255214402,both_correct
c3d6335b02f0fe26eb1148998a5d6b48bf4252fcc7f5f1c1f00b871cb02b0010,exchange_via_app,exchange_via_app,exchange_via_app,true,true,0.29962786944534625,0.4368548328708653,0.06285648546376699,0.2793277858017193,both_correct
c3e01ca1b307c7a374a3a4783d3fbe4550cd8ef5e98c9df8538b07ec2d16376b,get_disposable_virtual_card,get_disposable_virtual_card,get_disposable_virtual_card,true,true,0.5165085059970667,0.6869639951866079,0.14633312685105448,0.4766060930647149,both_correct
c3e0cd077b7ba67870b6981c547b409925de89df287d048c3c8c70e2f71dd222,reverted_card_payment?,reverted_card_payment?,reverted_card_payment?,true,true,0.8198985918164987,0.6562724229878596,0.7889738563597083,0.5653727224290127,both_correct
c3e9f7b2eee229e1a553b7e672718e7d24e96ef8b7fec8d0df31ca5b99d21e9e,apple_pay_or_google_pay,apple_pay_or_google_pay,apple_pay_or_google_pay,true,true,0.6385503954663749,0.865890689449361,0.5987826046115757,0.8492439846543659,both_correct
c3f52e87d0a3c94fb3603904973954d15f7a1163b9bd6a3e0c40bc145222259c,card_acceptance,card_acceptance,supported_cards_and_currencies,true,false,0.17925132285510753,0.14399976434557682,0.0758607360901564,0.033247715652417506,lexical_correct_semantic_wrong
c412e1d3d796f0fc9675bb0e4cd33923b96db8ddbdfdb6d49506dbce3d630f9a,card_payment_wrong_exchange_rate,card_payment_wrong_exchange_rate,card_payment_wrong_exchange_rate,true,true,0.5897330204093775,0.7834941981778013,0.4349563884707744,0.7185139587392969,both_correct
c4218fa1ff17f3c7fb17213956099a93849fccd11a3c81330136f6adbd1d967d,verify_top_up,verify_top_up,verify_top_up,true,true,0.6578876878731985,0.9346001285509987,0.608387972855634,0.9292373443602484,both_correct
c42e1e73c11244ea9f990ec15f5b361b87c6493488e23381b31fb4c649dc4898,verify_my_identity,unable_to_verify_identity,verify_my_identity,false,true,0.10210127411396215,0.35567320539970254,0.042877540460176805,0.042831709549729036,lexical_wrong_semantic_correct
c4467b99154b33e0d2e0427f4ee4d24ede85d905fdac3e16e13215a0c568d18d,fiat_currency_support,country_support,fiat_currency_support,false,true,0.10842188084990274,0.4518628333841216,0.0024258377516073876,0.33480876000966275,lexical_wrong_semantic_correct
c455226ba83e42a8ac43ed989542e963b780bcd10a1711ea4284cb05494569a7,transaction_charged_twice,transaction_charged_twice,transaction_charged_twice,true,true,0.8491590871929595,0.8677960571241735,0.8288041419533323,0.8424019889683172,both_correct
c4605f1baa46c3d607211a2ac2cb64394f27274f78b2ba05916205a79ae3579f,top_up_reverted,top_up_reverted,top_up_reverted,true,true,0.2388833209462227,0.49765701541855856,0.1754043996219008,0.41667257864292867,both_correct
c47170faed5eb468816c7f0afd18f2457f55416959afda8457cc82f265f54e67,pending_card_payment,pending_card_payment,pending_card_payment,true,true,0.36498758655781666,0.6175356887928651,0.22622909538468958,0.5439254104456556,both_correct
c487e77ab84edc32c958791d1bb7a0d717ebffadc1baedea5944300dcbbb5eba,receiving_money,receiving_money,receiving_money,true,true,0.632231715424903,0.7043403428802191,0.5720566470379677,0.6413737090466609,both_correct
c4a9b96ede447ac448cd313505a74709d73737233a10651de6ecd1d1c6f491d1,card_acceptance,card_acceptance,card_acceptance,true,true,0.4593215586791827,0.4081545957612081,0.40582098843659764,0.32227211072862516,both_correct
c4b0ba6c49a72ea48cb154a9392dac07e5078407cb43ea43d3d01ccca45aa282,apple_pay_or_google_pay,apple_pay_or_google_pay,apple_pay_or_google_pay,true,true,0.9413751161122446,0.8693250787011667,0.9345464290564028,0.8307545357987449,both_correct
c4fab087eb37705601765d7509f77e0afa54bc32ce79081ae20a901619a4ee95,supported_cards_and_currencies,supported_cards_and_currencies,supported_cards_and_currencies,true,true,0.3254373920570592,0.4941318547715933,0.301163867670366,0.41032117276650115,both_correct
c50312ef73ee5c458d56ec37083841764c1505b67a554334373adbfe383182e8,exchange_via_app,exchange_via_app,exchange_via_app,true,true,0.9004493061074614,0.7804702011722033,0.8903292371006168,0.7553139330676407,both_correct
c51c0ac1541ef664b55646118f5bdfcd7f105a356186711733463eeba15d313b,card_payment_wrong_exchange_rate,card_payment_wrong_exchange_rate,card_payment_wrong_exchange_rate,true,true,0.6597277627043164,0.7731411266752267,0.4614864470735006,0.6239602618693589,both_correct
c560583113558d6e1bd32791f9318d82953c085730815343b6b8d757bf06e22e,transfer_fee_charged,transfer_fee_charged,transfer_fee_charged,true,true,0.5226874231711733,0.5165700951508296,0.3441111383421994,0.17943168951521354,both_correct
c56a38f89a357f3ad48d0fc82a38e1ebaae5fa9baa9fd6a8660b2e8f5abc0568,card_arrival,card_arrival,card_arrival,true,true,0.14417268145286946,0.2583568747669472,0.1192342722617956,0.10551705170050174,both_correct
c57750c113552588c00c7d47ef20a107349e882923a3cec6619df1e45c168d43,top_up_limits,top_up_limits,top_up_limits,true,true,0.5121094740353446,0.7531379181710658,0.4376521214343583,0.7118082431995643,both_correct
c5951e51d072245fb2e91a21b16e5732cbda3e8ab639a23e55a0bc480752d664,getting_spare_card,getting_spare_card,getting_spare_card,true,true,0.21401860381556428,0.44611621654375244,0.16862833727918766,0.3668744766922675,both_correct
c597ababddbbe1723a3dd58e3005bebb82c500f5848520960a4647e7f464e868,failed_transfer,failed_transfer,failed_transfer,true,true,0.19902996000740847,0.5727741133142183,0.11479163590694505,0.4398491969057451,both_correct
c5f6b60466f99fe35d93fbd9d3388bedfb1f045456df6b17bd33e4509ab17f24,cash_withdrawal_charge,cash_withdrawal_charge,cash_withdrawal_charge,true,true,0.7180312545876743,0.8462724850310077,0.6806517166380958,0.8254908468382359,both_correct
c608ee8b7f88935ce88141595c210b3ef8d52eb873a804c27b85408490e70df5,declined_transfer,declined_transfer,declined_transfer,true,true,0.8443721097818953,0.8590924625548967,0.8159993463747662,0.8151552606633657,both_correct
c619f0ae227e392a45e53309d58ab8b576526da39801c534a4633af13ab621e3,cash_withdrawal_charge,cash_withdrawal_charge,cash_withdrawal_charge,true,true,0.43597927285036686,0.6648208078661292,0.3397006052242623,0.5704542445882779,both_correct
c633a83d0d4bb0d33cc0d1b81c9094aa8d165ea542042e27bcb7db5610122456,get_disposable_virtual_card,get_disposable_virtual_card,get_disposable_virtual_card,true,true,0.670531566687394,0.7702298935228848,0.5941237772798978,0.7073291028982646,both_correct
c643f7d2b08f2cb6d154cf61ce9cb609a7db19b0cf566b05a90f298aa156a69b,request_refund,request_refund,request_refund,true,true,0.4865101971585253,0.7381848600715133,0.37854188570222336,0.6261012964799192,both_correct
c66eaa2a2927da5f2179e8c9c255a37fc70b9b2a2ea958eb4f3613c04883ee90,verify_top_up,verify_top_up,verify_top_up,true,true,0.5887876995426509,0.9157012536704306,0.5429937120514683,0.9044222886825434,both_correct
c67f51cf21e93772be5ad3519a074f7f9a4fa07d68d72da2812494e4b20235ec,card_payment_fee_charged,card_payment_not_recognised,card_payment_not_recognised,false,false,0.17744155241800946,0.3444424855343835,0.07840967364938436,0.015714239881715053,both_wrong
c6dfcac4fb2274ee48925bc3f42503bf5d028cf0e068f15327e8ed604662ce98,beneficiary_not_allowed,beneficiary_not_allowed,beneficiary_not_allowed,true,true,0.5633563526315021,0.5408605161652041,0.5208300218150883,0.3692934741215562,both_correct
c6e9413729b83858ac92c7cbb7f4574da90c9058287c574ad2fa8d57d7da818a,transfer_timing,transfer_timing,transfer_timing,true,true,0.3475456941347539,0.5807793916809381,0.19360293416139512,0.4785294947832751,both_correct
c70c2aae8a754073ef8c95c3d8d209cbbcc1d8c4532bca91471c9b7922953dac,transfer_not_received_by_recipient,transfer_timing,transfer_timing,false,false,0.17249397029815366,0.44087325986255776,0.020167627392969734,0.24121508110726986,both_wrong
c7147e719ffb9774be998940ac925c7d9016b551facb196fcd505605fe094865,transaction_charged_twice,transaction_charged_twice,transaction_charged_twice,true,true,0.5333531831329105,0.8408987973545274,0.5122744170370939,0.7985413924985092,both_correct
c716515bcb6b1f164a40e52ef9ef57b4b82976a16cdc9d76096e1772fbafded3,change_pin,change_pin,change_pin,true,true,0.4826125155021123,0.4314208723456553,0.15959985928734527,0.12184787997423879,both_correct
c724d6b848e38cdc0f0f972814d8a73808af0d4364fe59315868bd2e0c85359f,card_acceptance,card_acceptance,card_acceptance,true,true,0.12650146077208488,0.6477194154752006,0.03857959877262725,0.5859972629533575,both_correct
c7411ea09fa61232056be1030ae79aae8fbdbc5fd6fcc2668de02fa74d578025,declined_card_payment,declined_card_payment,declined_card_payment,true,true,0.1978194675603582,0.4884839865512419,0.12044217439234953,0.3153382746043659,both_correct
c760fb4fa96607a3f820d7db57eb8c3542e4275259de1f04f214e9834509620f,extra_charge_on_statement,extra_charge_on_statement,extra_charge_on_statement,true,true,0.17580264386567734,0.643425411059515,0.09991038324066558,0.5514346957864716,both_correct
c76b210ed9811c7547de6c2ddcffd974adbb0b8ffa4159cf586ad79b8621eddd,getting_spare_card,getting_spare_card,getting_spare_card,true,true,0.2954258933012341,0.44110181757194084,0.1907631980827414,0.28350208502585666,both_correct
c7a599fb5b03bcc6b32a3aea2cecf28be93a2568dd8bd6104b6f15122aead967,terminate_account,terminate_account,terminate_account,true,true,0.9332259631378121,0.8952166258154918,0.9289474206475165,0.8694442420647188,both_correct
c7bd6c49e52ad823b5f49bc9b2694f0c47ceb2a91e53617e475432690fd126b1,unable_to_verify_identity,unable_to_verify_identity,unable_to_verify_identity,true,true,0.6672713140308579,0.7203102805175692,0.6118053047307697,0.624903343086745,both_correct
c7d521aa50bf6c70fa9bd0dfae554062a2078fde76b946495bd936fa41d2551e,balance_not_updated_after_bank_transfer,balance_not_updated_after_bank_transfer,balance_not_updated_after_bank_transfer,true,true,0.6503275505334808,0.8138064516674488,0.6095663547686234,0.7734010140223178,both_correct
c7fb0640e424c031729c84c2e4ee3b07f624e847f6de2bb89a66db88a9440d37,card_payment_wrong_exchange_rate,card_payment_wrong_exchange_rate,card_payment_wrong_exchange_rate,true,true,0.7304037129768413,0.7451909204540098,0.6565316625800592,0.6744314791481586,both_correct
c7fea24cb11930ac636bbd502c31f896bb7f1dd6ec78e9ba8ed89c847ec8db7f,top_up_reverted,top_up_reverted,top_up_reverted,true,true,0.34348242913397914,0.7660651258872531,0.2687884141005513,0.6966855911887143,both_correct
c82d1703c2f89903a070593c3052a2c15ba23980d7ce8594e95053a67c0cf622,declined_cash_withdrawal,declined_cash_withdrawal,declined_cash_withdrawal,true,true,0.42496084373718473,0.6791697103456108,0.34202003220560495,0.613944787054125,both_correct
c835e866292aa133fb1bf0111795a11567113ac12d4775eee65379d83176bc9e,passcode_forgotten,passcode_forgotten,passcode_forgotten,true,true,0.5962249065181322,0.7924869904373009,0.584369196676788,0.754218794754569,both_correct
c83ba7f0102e5e5dc27ac050bd5632dd248d4473022c4a3c17809902e50f7d29,balance_not_updated_after_bank_transfer,balance_not_updated_after_bank_transfer,transfer_not_received_by_recipient,true,false,0.21203620223668257,0.16554353782336884,0.08287731210590793,0.004267128010143312,lexical_correct_semantic_wrong
c849db1f50f25e99548c4612638a0ae66c385dfea7dff99bc3730f05a18649a9,declined_card_payment,declined_card_payment,declined_card_payment,true,true,0.44486176935618743,0.6835976089002677,0.2915383383940796,0.6062676622108916,both_correct
c84eac130c1ed7e7fd2dbbacc0bd8515fca2540cc042ed9f202ecf00a6017c86,direct_debit_payment_not_recognised,direct_debit_payment_not_recognised,direct_debit_payment_not_recognised,true,true,0.9797959797876232,0.7743109133358884,0.9774397371260026,0.7592263776294285,both_correct
c8508865663959f067383692ab3de579ed68239cce578b22c74228c3e2a0e10d,cash_withdrawal_charge,cash_withdrawal_charge,cash_withdrawal_charge,true,true,0.183987046592785,0.6632982710994914,0.1137097608349907,0.6227728567912304,both_correct
c8603209dc46f64682348e1ef49487bb73530fd6223402fad5aa39fb0df278fb,transfer_fee_charged,transfer_fee_charged,transfer_fee_charged,true,true,0.23222521963840317,0.41941317106698983,0.11760303512693657,0.3164189683489945,both_correct
c8776c5a07fd030ed5b71ea9eefddd863c20108bdbb6d353b0833afdeb92f900,failed_transfer,transfer_into_account,beneficiary_not_allowed,false,false,0.13269078473877963,0.2935488995591376,0.014504886710039244,0.15130157733064686,both_wrong
c891ea97963e66ab8991462dff61f78ea5477c2e45f1e41a437b8642a71f5829,cancel_transfer,cancel_transfer,cancel_transfer,true,true,0.2882573152298874,0.6815693145590977,0.23955144767025438,0.6192707675048825,both_correct
c8ab9b844010796b348330a63ea76afa0973e506406a004cc807476a4335094c,verify_source_of_funds,verify_source_of_funds,verify_source_of_funds,true,true,0.8457125136640329,0.8051732842122608,0.8347987387933746,0.790691518159969,both_correct
c8e20e3d07cbb8a73f958672f7096a7defa285b6b43e146473e491431edb3a54,verify_top_up,verify_top_up,verify_top_up,true,true,0.528300950619162,0.8419423387808701,0.44840364412524614,0.8162497738798525,both_correct
c8ecf06b8599bc303f76fa868a52dd70fed27687a82c3cda7ec085c311a96b08,top_up_limits,top_up_limits,top_up_limits,true,true,0.8753785695638773,0.8188152793153132,0.8606839992181252,0.7603172670349101,both_correct
c8f90115fe6cce92dd75fadd2146fe9cb40b2a6db021175ce945cf448a92896c,card_payment_not_recognised,card_payment_not_recognised,card_payment_not_recognised,true,true,0.4969408362535356,0.6148562236492667,0.4232156681884116,0.5292812042848424,both_correct
c8faaf83f5a92c3b763c987ccbde23854e209fd980ee346837e74b732c9abcaf,request_refund,request_refund,request_refund,true,true,0.531293228240426,0.8798336861582825,0.5115265198283396,0.8017945666864381,both_correct
c902a83de9cf3e2ff634cbf34232ed49331f9b7463a37cf8f91c653333a5d4a0,top_up_reverted,top_up_reverted,top_up_reverted,true,true,0.763536098288014,0.4583120834657744,0.7286211990344299,0.2930368670070813,both_correct
c90573417ae9503768a212989267a07620d5bbe41094912e843fca4b646a1445,declined_card_payment,declined_card_payment,declined_card_payment,true,true,0.7730668432953772,0.8282042071424901,0.7138222585407888,0.7903692577635857,both_correct
c912395ff2c2027dbe29539aae89d096c818ac88dc4117c4b55ef8a45b060ccc,exchange_rate,exchange_rate,exchange_rate,true,true,0.6022989096432018,0.7217203065723609,0.5659805637096238,0.6602498323868297,both_correct
c91a45ba3152ed698fc24f8c9a3144746cd58c80caf28525dcb172308f731e62,country_support,country_support,country_support,true,true,0.19248538823937628,0.6848126169213882,0.11538701075157119,0.6280221323552766,both_correct
c9252dba51afedabcab5baea45328e4f1fa4138fc9887ef28b40e8a6310a17ee,exchange_charge,exchange_charge,exchange_charge,true,true,0.5836181747300332,0.7752620897514527,0.5206758160139338,0.7284327139751302,both_correct
c9332b8e4f22787b46d779e990bc7b0fc636fa5b75aa811b17082322df8d99f6,change_pin,change_pin,change_pin,true,true,0.8583013000586444,0.899260794607062,0.8424561585793999,0.8898251374977146,both_correct
c9b2766690fc8f1ac8ac10d84bc964c2e66778033d1fb1a6ff551217acf5ff25,exchange_via_app,exchange_via_app,exchange_via_app,true,true,0.6766996560885261,0.7137726914020557,0.6406956686260845,0.688650287187513,both_correct
c9d05c0e48abfa4e0694a1487aabfb86e7963789761b226eab097792b296c88a,pin_blocked,pin_blocked,pin_blocked,true,true,0.30860057408371394,0.46524785231249943,0.2357613278367319,0.38250023725429777,both_correct
c9db640ca4253b52a79eec88fd58e80a6a280de8abf2904df0ffdfa30b5971fc,visa_or_mastercard,visa_or_mastercard,visa_or_mastercard,true,true,0.33145414027647946,0.7727500773241766,0.30467653189112504,0.7390177601319541,both_correct
c9e0174a33193a8156d61fea4cb429178c774667289762fa98e8920f573b7aa2,pending_card_payment,pending_card_payment,pending_card_payment,true,true,0.8716429830220642,0.8754090381934263,0.841301101719833,0.8542442141711999,both_correct
c9e2e10eb30d03286782264670d155c8eeb31b5fe30c4548c323a589ef8bc2c1,why_verify_identity,why_verify_identity,why_verify_identity,true,true,0.2990659365012846,0.45501642929091823,0.07645319960338073,0.13972741585026244,both_correct
c9eefbb9f498b05b537cb8875e095ee0cbe523be691b46e50bf9c6cd1c59bc87,extra_charge_on_statement,extra_charge_on_statement,extra_charge_on_statement,true,true,0.5713955417579268,0.6670412572375879,0.49252916299466515,0.5796693599311978,both_correct
c9f0acf56909d61639cdd63abcb584092ec51b5aa389febc1fda440b25f6ce27,order_physical_card,order_physical_card,order_physical_card,true,true,0.1922011679043158,0.3340549317292826,0.06434369164676351,0.19499124452577352,both_correct
c9f295559c6f32077557745a8fe21fa1b15cef5c506b249203901ebf6baa2d0e,wrong_exchange_rate_for_cash_withdrawal,wrong_exchange_rate_for_cash_withdrawal,wrong_exchange_rate_for_cash_withdrawal,true,true,0.8824575740089107,0.8921435193247923,0.8099698065409724,0.8475080151043373,both_correct
ca05c2d595f90261ad07fb0b87d16f64668415ea2796d81e3109a9c33bae7b6b,pending_card_payment,pending_card_payment,pending_card_payment,true,true,0.34147184779312834,0.602094899193054,0.2845901104156999,0.511850591966445,both_correct
ca1471405125a455fd05bc1c9165b024c00b52752527494b21a4a8d1a556d4aa,edit_personal_details,edit_personal_details,edit_personal_details,true,true,0.8305038722842137,0.865735495621328,0.7891426032001375,0.8443354512948167,both_correct
ca1cb6d65810db78b4bff288ad65620e452d819d1162392ba3695d3e2b54b7bb,card_about_to_expire,card_about_to_expire,card_about_to_expire,true,true,0.7712621941062744,0.789439808053557,0.7011267428577278,0.7388612154172665,both_correct
ca2355d4b0ff87fadaad0ea293b77babca60475a7fc02ca382af4701c4fef6f0,top_up_limits,top_up_limits,top_up_limits,true,true,0.15194842011747267,0.4052318063240151,0.05627718085858638,0.2864270644407199,both_correct
ca2fe7d3b7c05ba9c171c86b52e884b2f3ef62f58de88176a21e4814a2ffe66e,order_physical_card,order_physical_card,order_physical_card,true,true,0.46339660180343367,0.6670147553131662,0.24727305304705754,0.5902872860658039,both_correct
ca571600fda7edfad424a88b6b4fbbf602d91740457d864a9081b0fbf4e6c47d,top_up_by_bank_transfer_charge,top_up_by_bank_transfer_charge,top_up_by_bank_transfer_charge,true,true,0.6594838755016431,0.7079540356887569,0.6292854135324792,0.6789116473394216,both_correct
ca9495d0cfa597cb2984d4367ae96dfb1752d9e3498430a28820a7d968d87a62,card_not_working,card_not_working,card_not_working,true,true,0.6042446434000045,0.7911755068352307,0.47933562075413966,0.7275647797976772,both_correct
ca979a539e2755148e7748bb6a6dfbfbc50113e97efcbc510da667b02524308f,card_swallowed,declined_cash_withdrawal,cash_withdrawal_not_recognised,false,false,0.06324475885935289,0.13000251301648952,0.0059025628161424384,0.048118224125206416,both_wrong
ca9b0120c664ed4aa6e87607613b771853af7bd70ef0abc54b13cd83f48f0c03,declined_cash_withdrawal,declined_cash_withdrawal,declined_cash_withdrawal,true,true,0.5263289849915131,0.5612330140701601,0.4133938113223625,0.3558154415043974,both_correct
cab2d8e284a13c2d9d381ba1657c3c9b110bb5ce6115e94c2ae460297346a127,exchange_charge,exchange_charge,exchange_charge,true,true,0.7260372436906023,0.8004490411724139,0.6962753653909893,0.7683120238158685,both_correct
cac32e6a31ae9a623df088342d04317f7a8a270f482a6206cbd0f164be2046f7,transfer_fee_charged,transfer_fee_charged,transfer_fee_charged,true,true,0.09535642746033475,0.19521032951093623,0.036737004972331816,0.08072101030794156,both_correct
caccbf700ee63320215a792128cb32be34f8c14393a089e6b9af77a214ffcd15,declined_cash_withdrawal,declined_cash_withdrawal,declined_cash_withdrawal,true,true,0.7621896484972976,0.823330987301465,0.70615019697915,0.7610429451606207,both_correct
cad6a98e402235802d2646160d16fc27853cd2301fe344feae4b2c7adf240628,contactless_not_working,card_arrival,card_payment_fee_charged,false,false,0.2985217823073531,0.26192536516151177,0.15450733972231864,0.12646127708763727,both_wrong
cad8a424044c4c1ae58cd51e77fa6a7f41a6efb1ab6e1f0301a5c2200d620918,terminate_account,terminate_account,terminate_account,true,true,0.859157959767672,0.8363443375436735,0.8514404699267475,0.812057696714044,both_correct
cae5264724cb87334d0bd3197593504aff580d14973302ec40de30f7ba964b52,direct_debit_payment_not_recognised,direct_debit_payment_not_recognised,direct_debit_payment_not_recognised,true,true,0.8200617198411013,0.6022840876701668,0.8044265756303957,0.5598625732757819,both_correct
cb01cc0162c2d669db92b0dfab3aaf9adde7007349f6bc216336edb3ad580d47,card_payment_not_recognised,card_payment_not_recognised,card_payment_not_recognised,true,true,0.36011121473919655,0.6058966517886941,0.24389450056702675,0.4720814144013685,both_correct
cb11209047826b8f3f9ad67deebcbb5494e67f1e13dd80babee48a434197809f,virtual_card_not_working,get_disposable_virtual_card,virtual_card_not_working,false,true,0.5317049641816212,0.5472306068872309,0.39820385118295865,0.3570891146396533,lexical_wrong_semantic_correct
cb1f2446d8ed3c0e9cdee0bed600a1334f92a9fab9791a1acd6153c927b0fde7,wrong_exchange_rate_for_cash_withdrawal,wrong_exchange_rate_for_cash_withdrawal,wrong_exchange_rate_for_cash_withdrawal,true,true,0.7519749496763491,0.6532991552494799,0.6873560042508454,0.5115279004656899,both_correct
cb36129eb391891944cf9b252d7b9e1872873f161a551e38aa25c7cfb7f3d7a9,top_up_by_card_charge,top_up_by_card_charge,top_up_by_card_charge,true,true,0.25809124776199943,0.4420789250416165,0.1465059241338637,0.284899176949304,both_correct
cb5f24bf990da11905ea7b43035b38ae72ff8cabfe7749b07485110b783ef7ff,transfer_timing,transfer_timing,balance_not_updated_after_bank_transfer,true,false,0.12651704041154113,0.37519615764821196,0.006931809775150691,0.04834095416747708,lexical_correct_semantic_wrong
cb6dbd65a917548634f29efdb39333603ac07517f4f43f5f7d809be5eb0d2007,extra_charge_on_statement,extra_charge_on_statement,extra_charge_on_statement,true,true,0.2743400984695434,0.703184505396193,0.12957223897624578,0.6538519635947262,both_correct
cb76a70635436b91a3a19cde9416951098a709869e50740c0de5b0bbd69a70c3,card_not_working,card_not_working,card_not_working,true,true,0.4366343313486463,0.5562779145247052,0.36134991313852993,0.4945340394750231,both_correct
cb7dd1d65ba1c70e4db53ee82799fda75936accf1c81a5e2488aeb7e8acec660,pending_card_payment,pending_card_payment,pending_card_payment,true,true,0.5826645912845319,0.8115483776563992,0.5420866159791694,0.7867466504049704,both_correct
cb9dc6b5ea3d774e63a67ea6b98655cce6c7344709544fe7b0653b44d0fa5adb,request_refund,request_refund,request_refund,true,true,0.4057109763013172,0.625906235608488,0.30888697070874155,0.46702063818655887,both_correct
cb9fa519af5e9c892fd09671db91347cf4eaabf11da455b30d6c6540dff01063,pending_cash_withdrawal,pending_cash_withdrawal,pending_cash_withdrawal,true,true,0.25940157389151147,0.16850081394482358,0.1524961560789167,0.09493788099317896,both_correct
cbb43a82c675773287a7e60cb1b46ef38ed2b0a4c2414c5612ff98958a019b6e,fiat_currency_support,fiat_currency_support,fiat_currency_support,true,true,0.2919255140507585,0.7559963351779618,0.26864523797746265,0.7250760367741848,both_correct
cbc5c4f93be323142dd7e499da74127a64b7c721561eb71ff6a874141e67b3f3,why_verify_identity,verify_my_identity,verify_my_identity,false,false,0.2923525475030759,0.7400245923534234,0.12882085794781845,0.6282304255972633,both_wrong
cbcfc3c9080052b124555e0ff450df3e21b07543c75fad697ac84afc39b83c2c,beneficiary_not_allowed,beneficiary_not_allowed,beneficiary_not_allowed,true,true,0.29598476545777935,0.6522040259664181,0.2292437177334572,0.4919788524199172,both_correct
cbde83e0debb3a997a48390bc7adeb31af871a77b0f3a9d82c20fb2f9997ffa2,wrong_amount_of_cash_received,wrong_amount_of_cash_received,wrong_amount_of_cash_received,true,true,0.9370363877377871,0.8310495869135195,0.9247179769192061,0.7381203685399821,both_correct
cbeb3346f8df8a2fa4176b20499e28459ac475f10f312e651a2fc4e456dad322,card_not_working,card_not_working,card_not_working,true,true,0.3718240211860727,0.7051307307869518,0.3088468931232115,0.6482363344426606,both_correct
cbef04ce10a962535fa1b0426b1fbed13d34686c62bbce3a835e7f39bb515925,getting_virtual_card,getting_virtual_card,getting_virtual_card,true,true,0.5915441537201164,0.6963917197599456,0.5371833666339538,0.5784729010292742,both_correct
cbf14fc94ee412599cc7c0635d632888f4d5584a6fa22a49f8d62531e4597c78,card_payment_fee_charged,card_payment_fee_charged,card_payment_fee_charged,true,true,0.7013510488547604,0.7148984942466853,0.6347123849589686,0.6745872761856702,both_correct
cc0bdb69139d9b3116bb28b9f3ce880a745918a10c57dccdf6db3ebdedf2be8a,compromised_card,compromised_card,card_arrival,true,false,0.12769977558510756,0.17951983290665002,0.0011804594852610761,0.01462888215600322,lexical_correct_semantic_wrong
cc278dde16eb80c7d0524f40b5ad2287903006936c5873f0313b5c65015705e7,cash_withdrawal_not_recognised,cash_withdrawal_not_recognised,cash_withdrawal_not_recognised,true,true,0.6920188218557466,0.8905172904415678,0.6279307542337873,0.8654310886506545,both_correct
cc3109c5a1a3e1f8ccd3f4431b38f9fde278f9029ce2d1849ddfbd29a5aa09a5,disposable_card_limits,disposable_card_limits,disposable_card_limits,true,true,0.8249171922624171,0.9299686123405134,0.7317833395983405,0.9178345923616268,both_correct
cc376d96df2294f804ed556d8b940579d8c80d758d06a06bf9246b6b9139861d,card_delivery_estimate,card_delivery_estimate,card_delivery_estimate,true,true,0.48828418400679213,0.8200907133409707,0.31235634292213377,0.7420354922341301,both_correct
cc4c1175dbd9801952547ad7333926151a847c63a71e647819f51013e278d898,lost_or_stolen_card,lost_or_stolen_card,lost_or_stolen_card,true,true,0.4235806400867646,0.636320720378999,0.34039322729547455,0.5682172238487433,both_correct
cc50698809924a38052295c1a6c5cfe5a3681aabe11d8a59ab08dca0649818bf,card_acceptance,card_not_working,card_acceptance,false,true,0.058272705989815814,0.10116133822545072,0.004014986023862535,0.007725373687476514,lexical_wrong_semantic_correct
cc6d03bb8437b468aee46d5033dbe0600f2843c366d22d2459a86edddc326d5e,country_support,country_support,country_support,true,true,0.23315035292950925,0.6295298240531899,0.16562634332787235,0.5441801911013822,both_correct
ccae406a8cef169f6da75017e8cceef9a2209d90dc4ebcae0dd2c936ce1aa9e9,card_payment_wrong_exchange_rate,card_payment_wrong_exchange_rate,card_payment_wrong_exchange_rate,true,true,0.615749087463452,0.7506983659738111,0.512793496068349,0.6742566130344143,both_correct
ccd7a1268a508f58da9479bcb35e1b3725e683d06a262a1373cf6b3a16fb6aff,declined_cash_withdrawal,beneficiary_not_allowed,declined_cash_withdrawal,false,true,0.08224137036381655,0.4971697540185265,0.030680699554334404,0.36255702311624083,lexical_wrong_semantic_correct
ccd9e900d39b601a0f188019c6901d31469b859d7d04388ad7558a2c1430d2d7,balance_not_updated_after_cheque_or_cash_deposit,balance_not_updated_after_cheque_or_cash_deposit,balance_not_updated_after_cheque_or_cash_deposit,true,true,0.31135331560690305,0.9156965126001329,0.18524369196204402,0.9016915467277381,both_correct
ccdf200e05c4bb6f0101c281c927d6cd629163c503b666b4341b2b338f5f452d,wrong_exchange_rate_for_cash_withdrawal,pending_cash_withdrawal,wrong_exchange_rate_for_cash_withdrawal,false,true,0.07162783241999984,0.21833928983519443,0.004738548019656577,0.09100037230490601,lexical_wrong_semantic_correct
cd00feb5dd94eae59dfd49c17fd56ece1069c2db6ef7d859cfb9536a227f0a4d,card_about_to_expire,card_arrival,card_about_to_expire,false,true,0.1207221756319877,0.40425067139648224,1.8756239859571422e-05,0.2898690070317633,lexical_wrong_semantic_correct
cd2bf6942c95ac0b63264b4968652df715faf5a5b40dc04d9c10dc4df5f0cdf1,fiat_currency_support,fiat_currency_support,fiat_currency_support,true,true,0.8472826944332522,0.8927035185949684,0.8364153635083682,0.8720219723720598,both_correct
cd3fb0f76598fd7154dc35af3c53f2be7265febf2c3e36c247c827f1dcd43642,exchange_via_app,exchange_via_app,exchange_via_app,true,true,0.8569012384437958,0.8899119840502813,0.8440439332877532,0.85333305700796,both_correct
cd41b0bde0242b40d3fb1b410222c1e4753c9267813f67b58960e091c15385e1,get_disposable_virtual_card,get_disposable_virtual_card,get_disposable_virtual_card,true,true,0.3918316784858145,0.5032173216425874,0.008619199157908208,0.12232639794516009,both_correct
cd4d2c0c588a1df5c10784790399a916bf37586426528a3a10359ba9c488893f,wrong_exchange_rate_for_cash_withdrawal,card_payment_wrong_exchange_rate,wrong_exchange_rate_for_cash_withdrawal,false,true,0.3931746855799599,0.5548959022183582,0.06276226567077503,0.26440163022483915,lexical_wrong_semantic_correct
cd576df600a990017ab6408ddc09f31aee06d35d3480236f6ee58192b9a7b246,card_about_to_expire,card_about_to_expire,card_about_to_expire,true,true,0.7355389967478734,0.82750592077342,0.7159425974015087,0.8051320903619883,both_correct
cd58f129bc5191992e9a36b608ee6f3811621c1da5aeb2b5064d4ed22351a0d1,top_up_failed,top_up_failed,top_up_failed,true,true,0.7734895517502397,0.7087237101004819,0.7270007813889591,0.5611967450589875,both_correct
cd624092289ac578f36b88e305d36397ae9a33c4bfcc7705fecfe8a744ece5de,card_linking,card_linking,card_linking,true,true,0.4656975044742263,0.6081578206382697,0.41025257411755905,0.5653762983739751,both_correct
cd6789419bb34e1f34ef79bbc8bee6a461f22bec11c9d2aa31c6aa083f0bc122,card_not_working,card_not_working,card_not_working,true,true,0.48490105220697066,0.7148202449788348,0.4482066112037994,0.6481520587475755,both_correct
cd8b3764adc6363240772f6c282cdc3f7fe5ce3504d512468c8976f632ae2022,topping_up_by_card,topping_up_by_card,topping_up_by_card,true,true,0.41452168125157046,0.36528973077092974,0.23665214182593367,0.2592859318001029,both_correct
cd8c091ef98b4eee1672dcbfc6f32e2b81fa0787f13955bec082e136ef7bc290,top_up_reverted,top_up_reverted,top_up_reverted,true,true,0.6593778228603979,0.8152545944484442,0.5993336196424115,0.7368210325814487,both_correct
cd90a31cd42db0c7ec431b3b3731b753fe8df050d1365692f4654e63e4a23148,order_physical_card,order_physical_card,order_physical_card,true,true,0.6908772253287456,0.6030206008157085,0.5698701171723126,0.5124446086282687,both_correct
cd9d1fb246bc10e3a9756764cc507a69f37e5a9572638a4e4b026b614a3b8369,top_up_by_bank_transfer_charge,top_up_by_bank_transfer_charge,top_up_by_bank_transfer_charge,true,true,0.37925788364035207,0.6793988114376112,0.14045173192808344,0.5688916901323949,both_correct
cda23b4c694f8cc98603634c5639c3d22af3b7a7f0d7aba951d6e66de291874a,compromised_card,compromised_card,compromised_card,true,true,0.29682119103234544,0.2542339284170419,0.2385119019856325,0.18195052342113793,both_correct
cda2bf123244617214263e205e4aecdee5d89734848982c1e899849e2649a024,exchange_via_app,exchange_via_app,exchange_via_app,true,true,0.4403113973576407,0.6623428738525037,0.37252581809219043,0.5552802320391346,both_correct
cdbf222f598e092fdb23afdd54b6e7ae6f89f270975dbdc44bfa719ae80bb12d,card_delivery_estimate,card_delivery_estimate,card_delivery_estimate,true,true,0.5960169252172848,0.6870691915580345,0.5574594214497112,0.5391219248470538,both_correct
cdbff062eeb388f7cba83f557ebc66bf3f68118c159b8aa2e40d00913bb44dff,request_refund,request_refund,request_refund,true,true,0.8520648988175427,0.9210109072623417,0.8199382441384255,0.885036385452331,both_correct
cdd52ca2b47c35088b051c3ab83ec5d0bf4e4395e5bfa2bfb40a740ed4e18e48,exchange_via_app,exchange_via_app,exchange_via_app,true,true,0.4054267054485445,0.46124936893853014,0.17952479608036745,0.28698795193390814,both_correct
cdf0f9b1617aa084c3f556895fecd9fee011183efee7e24944188cfef64187eb,card_delivery_estimate,card_delivery_estimate,card_delivery_estimate,true,true,0.49420609447420333,0.7069396520683221,0.371296512056018,0.534446497572868,both_correct
cdf3dd0e39f2da6b327fc6ef22b06109a18064ec4ba2f665775be3b880a08568,edit_personal_details,edit_personal_details,edit_personal_details,true,true,0.9716000997457722,0.9712579410839138,0.9671266116322624,0.967377982422633,both_correct
cdf57cf484011dd622695f7ba1e2e7f96834308f8bcb104d2c86c38302515ebe,lost_or_stolen_card,lost_or_stolen_card,lost_or_stolen_card,true,true,0.6044213497351628,0.5835811791193847,0.5577954265993053,0.4523360360310751,both_correct
ce02de2c0d30040fbd66db95b821f41a1c3526c0ec1fe931fb1f0eb30280c2ae,card_payment_not_recognised,extra_charge_on_statement,direct_debit_payment_not_recognised,false,false,0.4617903577427802,0.15075688570220408,0.4025006262233145,0.01670663692978963,both_wrong
ce0d2bc2b0190c6527fea3468dd11023d85554dab3a994acd4b3e7a1795e1e3f,verify_top_up,verify_top_up,verify_top_up,true,true,0.8753303068051507,0.8606681476794166,0.8636245729133628,0.8373235969605555,both_correct
ce4f4f5672a9f9a112f55501eb84c27637c8b86c2ccb4cb1300775b9606dde16,atm_support,atm_support,atm_support,true,true,0.2967148203134936,0.6865953997499848,0.176613727258571,0.6325148323588942,both_correct
ce503ef6c72972b0f95444cf26fee6674355b7e2dc28d2654bf874ec8ec08c65,exchange_charge,exchange_charge,exchange_charge,true,true,0.6353586201840388,0.7300970307446157,0.5787314208900096,0.6913339413252617,both_correct
ce552a169399d7c52793acfe6ed0b9511bc261bc20008859e0f8675137ed15fc,virtual_card_not_working,virtual_card_not_working,virtual_card_not_working,true,true,0.4399248602065302,0.6830782379155752,0.05737062062876497,0.5256903093108258,both_correct
ce83a290e9b36016772fadb2137e1ff063dca3ea5ea7bd02016b43044c0ec571,lost_or_stolen_card,lost_or_stolen_card,lost_or_stolen_card,true,true,0.2913899804509791,0.5115189579779379,0.2520611016780992,0.4195599149029397,both_correct
ce9814e2363e618a97df05216029fda325fcc0bcd95559e578d925b08aaba4fb,lost_or_stolen_card,lost_or_stolen_card,lost_or_stolen_card,true,true,0.4329221255977178,0.5558663684825338,0.3741452212999283,0.48851809365250126,both_correct
ceaab263f57c0533fbbdc4b0b9084653c8b03d815d19538d21ac3cfb37fae4b9,card_swallowed,card_swallowed,card_swallowed,true,true,0.4612703044012149,0.571510473903447,0.38077841665504164,0.4920435693181102,both_correct
ceb3a7ad7ecfa67331c84b3acf475893efa537fd7cfbefdf232549ba7fb5553a,atm_support,atm_support,atm_support,true,true,0.6359802364183927,0.6100350559521435,0.5688005952431163,0.5522749779032369,both_correct
ced19866485a851d9a95899b92a885faecba411abd13d4559ed139910e3b9262,exchange_rate,exchange_rate,exchange_rate,true,true,0.717400556348257,0.8260691087006211,0.6922860837465648,0.7907796580195978,both_correct
ced2716fccca1578e983dea466209cca6884607e77c7a42dd6c622bcf2a3cff9,pending_card_payment,pending_card_payment,pending_card_payment,true,true,0.9225483827892201,0.843774598829945,0.9072248674996823,0.8180834382506508,both_correct
ced6857adf3227a43bb41ad19107f0c56d14608b597f0ff5f2026b9bf0865c6a,wrong_exchange_rate_for_cash_withdrawal,wrong_amount_of_cash_received,wrong_exchange_rate_for_cash_withdrawal,false,true,0.2647669536224864,0.5794882812913209,0.0007599439740443859,0.4976461921329257,lexical_wrong_semantic_correct
cedd0664110b73f0fa6c77057090c495c81602acb44152fd173661965a4730ed,card_payment_wrong_exchange_rate,card_payment_wrong_exchange_rate,card_payment_wrong_exchange_rate,true,true,0.8254609170674092,0.7817964171340702,0.7412690320198839,0.6644426126583999,both_correct
cf0a74ad087dc2b1f38730efe92ff75034d2a9115e9515e629800e0648985014,card_arrival,card_delivery_estimate,card_arrival,false,true,0.2703429666351063,0.4152218626456622,0.1541105938414973,0.020124194103965265,lexical_wrong_semantic_correct
cf0c86dfdc345bd52d6d669a8b4333a576af19174270f65d03850bd38f69c0fd,card_arrival,card_arrival,card_arrival,true,true,0.59306265522401,0.6141651553083693,0.5492417252658067,0.47500093666114607,both_correct
cf3a0ecd9c038f6987d8161ec141d91c3be430289e8216cba2222e63575b9701,pending_top_up,top_up_failed,top_up_failed,false,false,0.08718428019838385,0.18283105175649308,0.015657613507336937,0.004422138975844786,both_wrong
cf91aae3d212e35ccc8191d4c4f7b22d9775210fea4a5d3da80e6ee838d016ff,declined_card_payment,declined_card_payment,declined_card_payment,true,true,0.7024653512326978,0.5348969036595753,0.5192006571949139,0.4419617691616676,both_correct
cfa234bd8128b0d1d54b85b71d6e80537079332f33b0b1d92a447cdb2da29616,card_arrival,card_arrival,card_arrival,true,true,0.5891278499020929,0.6082106021718555,0.5105679659060388,0.4338006983646159,both_correct
cfa660a0ef340fcb8916f92f4c4c3dc0a2bf754dd220f90864567c0b64488386,getting_virtual_card,getting_virtual_card,getting_virtual_card,true,true,0.6096921650559919,0.8219621298966769,0.5245324621712122,0.7747893461139286,both_correct
cfa8d34094e576dce09afd562d2555833b0927713c4bd9bddfda713192a974ed,top_up_by_bank_transfer_charge,receiving_money,top_up_by_bank_transfer_charge,false,true,0.12911852309197558,0.5250469760143938,0.013132311569637747,0.42436096993402883,lexical_wrong_semantic_correct
cfb222aa59f29862166a495e420e3163970d0e46f104a84920808e029aee7c82,exchange_rate,card_payment_wrong_exchange_rate,exchange_rate,false,true,0.34065927525800543,0.6806561014970691,0.0380281876532943,0.5841222848961787,lexical_wrong_semantic_correct
cfbe1ba4d19bf8d76b50ec28b210d1b6abb9f60dad4c87bf09408cee7c151dd3,top_up_by_bank_transfer_charge,top_up_by_bank_transfer_charge,top_up_by_bank_transfer_charge,true,true,0.21110600002984578,0.5344462090494361,0.10925425191395885,0.44192518585996654,both_correct
cfd1f6f159c37ad7cde2de24b7e39c435d913c000341c79d02c6f0fe6137bbbe,card_acceptance,card_not_working,card_acceptance,false,true,0.09837570747563826,0.45906672095965206,0.04662331273238678,0.30686790539812653,lexical_wrong_semantic_correct
cffd358df6cb0a1d7ce837827066c12a26432238cafda7857616e43e45d71abc,card_acceptance,card_acceptance,card_acceptance,true,true,0.20813429492199276,0.5092149175745275,0.1271893710842521,0.3744518681811425,both_correct
d0198b0d3edd84e63cc7d7200e5768357a6bb9f4f9186ed2b8c125d580949add,card_payment_fee_charged,card_payment_fee_charged,card_payment_fee_charged,true,true,0.7672912096050144,0.7126750873957466,0.7389517068615092,0.6247101893663625,both_correct
d03c186ff375e24ff1c702405113cecfc2069f73e1e6aacb57642f5a938a2bca,top_up_reverted,top_up_reverted,top_up_reverted,true,true,0.7061638245880372,0.7821548908178576,0.6480880172026942,0.6622491444820305,both_correct
d0502f67b53a789215cae80efe0b741a352a8416ed50f6a253119442c224654a,supported_cards_and_currencies,supported_cards_and_currencies,supported_cards_and_currencies,true,true,0.7104967936912097,0.7450463154428165,0.5717849478698573,0.6134399810623541,both_correct
d0641abd997f4e1beb1c78d18a2e3a406361f5b4f7fded0a5ffbb3225b68f536,card_swallowed,card_swallowed,card_swallowed,true,true,0.34710025812700485,0.5083409758502582,0.29667206588691364,0.41081117931035216,both_correct
d066e90ce3cd8ddc90a8824f119942f3018805f4b072209852c06e74ccfc3fee,card_arrival,card_arrival,card_arrival,true,true,0.19648778176718543,0.49093248399718975,0.0837668109323245,0.39347269312334604,both_correct
d072122d8bc0ce95d12fdf87235af1577b99cfe9eea9bf35fd282a90c85e5beb,why_verify_identity,why_verify_identity,why_verify_identity,true,true,0.33885231333753607,0.8317931832807548,0.09194555830274292,0.7269470748662961,both_correct
d085609ef0fc9a33d81a3f86140707ca792705bca0c83a6eceabd36cfb95b62f,terminate_account,terminate_account,terminate_account,true,true,0.6391140751783471,0.9168511257773312,0.6208780572902216,0.8944269367822621,both_correct
d0995507268381dca9815d965cb575099c969cbe16758d2748ab27c2d55f3bad,supported_cards_and_currencies,supported_cards_and_currencies,supported_cards_and_currencies,true,true,0.860785008842861,0.8336948527957543,0.8330896172749349,0.8010885833286429,both_correct
d0a42581158644dd1f28248a1e308244a6d300c4526420cb84f9f55f2e114ca6,cash_withdrawal_not_recognised,cash_withdrawal_not_recognised,cash_withdrawal_not_recognised,true,true,0.6431351240749817,0.28397851150185976,0.5898873571895038,0.004851386888296394,both_correct
d0a5f41e7c1a326131552eaebaee3782a61beb0e827152e3eea57954c3392bcb,balance_not_updated_after_cheque_or_cash_deposit,balance_not_updated_after_cheque_or_cash_deposit,balance_not_updated_after_cheque_or_cash_deposit,true,true,0.3330637641554167,0.7469586152536332,0.26912945580719266,0.7277047233717385,both_correct
d0ad0480f5bd5e2dffe0239516c0142dc2f3dfef05b03065b684335b76d11a83,pin_blocked,pin_blocked,pin_blocked,true,true,0.7481864586113948,0.8407744886488763,0.7146560480642107,0.8056223230336375,both_correct
d0d3cf9005ed23a1269b31a18c51c11057c3ac464dda967a541ffe23567a8c7e,activate_my_card,activate_my_card,activate_my_card,true,true,0.5618558961104441,0.9295321857044206,0.5372953059075113,0.9045366110836649,both_correct
d0ddd1a16cc2590ed64d8f2fd0479bdf9654ec1068725a7c0d074fb4641144b8,terminate_account,terminate_account,terminate_account,true,true,0.9212824684723205,0.9114788289614117,0.9176557278752204,0.8975768904128131,both_correct
d0eaa634c38b789b4999a129750066519c5572bb31d727d9131ca82415b57eb3,top_up_by_bank_transfer_charge,top_up_by_bank_transfer_charge,top_up_by_bank_transfer_charge,true,true,0.5683655638731525,0.7559800269282545,0.5253306900892161,0.7304071748823407,both_correct
d1008febff35ff2ae77fc681d92a3e55ef2adf42ec223a5b272ff009af61b3c4,card_acceptance,card_acceptance,card_acceptance,true,true,0.329017680540276,0.6692969718708885,0.18817828329170636,0.6131343150816749,both_correct
d1117b66d72949326046c9ed3533f1fcd8bbf74b8513ba58bc0c4e04be467bbe,transfer_into_account,failed_transfer,transfer_into_account,false,true,0.19412740986043311,0.1957974644365964,0.09016899737243378,0.01733514311073947,lexical_wrong_semantic_correct
d122fbc3654d69f2ae18fa2e53f117b1f9cdc37a392eeb4c298822e2ca3f4ffc,balance_not_updated_after_bank_transfer,balance_not_updated_after_bank_transfer,balance_not_updated_after_bank_transfer,true,true,0.6824895303040548,0.6678812224570224,0.6514731372945235,0.5381862757516522,both_correct
d1513a0baf5747b130b398fb7566a43e4cbeea1e19f4ecc3520cdbc72f0f4d53,getting_spare_card,getting_spare_card,getting_spare_card,true,true,0.13201907309507796,0.4584253445300033,0.09726898477108396,0.3421302005199152,both_correct
d16e8ca72c16ee998af223a560260ad9800c244c84e972b4d1db627b50d12a4c,get_physical_card,get_physical_card,get_physical_card,true,true,0.614133044497148,0.6666840180375988,0.4129678646134093,0.5267514906841274,both_correct
d1765551ac0d120856224012e1aeb6ba43116e567efab5acac8e4c2e9ee464a9,order_physical_card,order_physical_card,order_physical_card,true,true,0.6594401920562809,0.6840872109912649,0.6366952795067282,0.63092531611237,both_correct
d17bb2fa161131b599f45573e16131c1b2ba10437f936c690d7a8e6909f86afc,pending_transfer,pending_transfer,pending_transfer,true,true,0.553111903893568,0.8364908228514751,0.4899124962778353,0.8075146042697684,both_correct
d181468397a4948e6e2bda2178dc787d7210c13508fa705e17726511a2c1048f,verify_top_up,verify_top_up,verify_top_up,true,true,0.4741849783499114,0.7217690497950519,0.38949652821113834,0.6784854859430207,both_correct
d191dbddf3021f848b8114215ca39d2e4286ee9ae34f77cf7292da467a79fdd6,getting_spare_card,getting_spare_card,getting_spare_card,true,true,0.7411679924285046,0.6632003229709988,0.6612612447418711,0.5221300031406262,both_correct
d198a1ecd1906723102b13246479c60c74539ec26f2e622da3b002d4585d202f,card_acceptance,card_not_working,card_acceptance,false,true,0.2297510227171836,0.38229941993231814,0.14244440463916785,0.30258884525736823,lexical_wrong_semantic_correct
d19bae9d6a218ede7970c855b607d18ca2559478b493374a2e9b7313fa53761f,transfer_into_account,transfer_into_account,topping_up_by_card,true,false,0.12097228613261038,0.27820588242777555,0.04629398355271927,0.1150340155931866,lexical_correct_semantic_wrong
d1a5bc4244e4a47aa4453eb64ccc3fec3b0f7e02a34a739bef429a9054c744d3,card_payment_not_recognised,card_payment_not_recognised,card_payment_not_recognised,true,true,0.2669140221450491,0.6278989677571488,0.21780489377858941,0.48599296326093716,both_correct
d1b307ebf0627f2fa318e4cdab1f1c3f4c01b22ed5534a8cd72bba17ef05bb5c,disposable_card_limits,getting_spare_card,disposable_card_limits,false,true,0.17057808055281237,0.397092211431739,0.058292092809381066,0.21682627234705934,lexical_wrong_semantic_correct
d1c30d1f799623ad23a92ca7e44e4490c7c4f69eb261f60cf3e8b1ef8a9fca64,top_up_by_cash_or_cheque,top_up_by_cash_or_cheque,top_up_by_cash_or_cheque,true,true,0.5737713098093263,0.7681767518697092,0.5080110235712402,0.7427186300735157,both_correct
d1e353fac05f366866645267c8443b42540d4b482699688ca3d6b9b25b76c091,declined_card_payment,declined_card_payment,declined_card_payment,true,true,0.29365689697559355,0.6030764604025575,0.2037988469646036,0.5170826603679569,both_correct
d1f746735d5d79e54338334047cc4e467badb4934712596dc823bc9e13334421,fiat_currency_support,fiat_currency_support,fiat_currency_support,true,true,0.9422468948486926,0.845685952373746,0.9301391118378497,0.7856232652920759,both_correct
d21312f0612c0163bee015149518a1f0582e04cf117494648837ee5193c2b44d,card_swallowed,card_swallowed,card_swallowed,true,true,0.3299906340602401,0.5268983981789338,0.2766145178831411,0.4423376368148498,both_correct
d2139ab3c0936a7f12aa3ac92bedde45e006c6467481137c0d78946e921929bb,declined_transfer,declined_transfer,declined_transfer,true,true,0.7685395145156254,0.8602864748059443,0.7076604966014394,0.8229428177410761,both_correct
d2163f2508325cdc96834aad7188d90e69b0c8f728d59dfd570d3654502962c1,atm_support,atm_support,atm_support,true,true,0.7626667364134381,0.7575160169652918,0.6909735739958185,0.6928589272475866,both_correct
d23c6f52c1c3c38c8d5f909cbb60ec587f66dc562d63b858bca6d4dc2a7cf22f,extra_charge_on_statement,extra_charge_on_statement,request_refund,true,false,0.6937712382398541,0.4100316783889801,0.6222145942753576,0.21221314399883254,lexical_correct_semantic_wrong
d23f351999fc11f8542b1611b9287fff21861720a1c0c4ce513d254a83c0c45e,automatic_top_up,automatic_top_up,automatic_top_up,true,true,0.7201730604561156,0.81278979642529,0.7068876781352312,0.7887030763246689,both_correct
d24ebfac81e103d4416b3451653212961081c68d4cc79705a90d162b67b39e16,transfer_not_received_by_recipient,transfer_not_received_by_recipient,transfer_not_received_by_recipient,true,true,0.47218764209230824,0.38958198427604923,0.4255330957111511,0.2169822245994675,both_correct
d24ed6a67a149e9ec1ea2c2c7a6fb3ddcd0003b264f03c483085ce2b36e9a87b,declined_card_payment,declined_card_payment,declined_card_payment,true,true,0.4437938280241776,0.5378561307011592,0.310357882021519,0.38434066850254894,both_correct
d2558c22038cdac8a6aff06f8acb7bbf1b8ef01ab7fd217d74f80a80b25b6b77,change_pin,change_pin,change_pin,true,true,0.5124071698805537,0.5213794022022145,0.22166351250375588,0.4471283835604355,both_correct
d25c2037a46946b428487c8249a361d4ea10422f0777f7ecccb592a0616be45d,disposable_card_limits,disposable_card_limits,disposable_card_limits,true,true,0.793156635129632,0.7898342966801511,0.7673777661718295,0.6969595765579779,both_correct
d25f14ced5b1236b12d07e38df235127a582b7d0d9a1593072830c7b715178ec,fiat_currency_support,supported_cards_and_currencies,fiat_currency_support,false,true,0.2734837391943452,0.5628739166525796,0.1415076200004674,0.34637369871284285,lexical_wrong_semantic_correct
d27132c5e4f5154c7fd29e44dc274cad527f5e7f4edf77affabaf2ddd2f4f4fb,declined_transfer,declined_transfer,declined_transfer,true,true,0.476749692692976,0.7993330208741556,0.41081933270475296,0.7507090866942562,both_correct
d27d62fdc1639d9d2e983ed615a3670870defb84433d2a8890a7380bb22d1fb4,top_up_failed,top_up_failed,top_up_failed,true,true,0.30521967377706627,0.537612303355701,0.18191943716399758,0.359135034403954,both_correct
d2a4d523c4a41ebb40f4d5e8a4ae85310cc55fe82b9ebfa11b745e9cef99761c,request_refund,request_refund,request_refund,true,true,0.6969609071707822,0.9332109304427221,0.659672787804362,0.908500371295766,both_correct
d2d50585ea503e2490efbdd539f20ff76c1943b735229789fc8419967c12752c,virtual_card_not_working,get_disposable_virtual_card,virtual_card_not_working,false,true,0.15229858543939637,0.17206226259609644,0.04221729382556445,0.1000657706575263,lexical_wrong_semantic_correct
d2e7c7e09588e94da7dea7774f2a37a2719a8a2d03ea0e7594281853dd452264,card_payment_wrong_exchange_rate,card_payment_fee_charged,card_payment_wrong_exchange_rate,false,true,0.04875582903385799,0.2629180888862018,0.010443974466846938,0.16360326180823323,lexical_wrong_semantic_correct
d31f4bacfc7d19ec8d66c5ad94526a68bc91aa3feebc3722cc446098b1fc7be5,virtual_card_not_working,virtual_card_not_working,virtual_card_not_working,true,true,0.370916326493875,0.507766735345488,0.1592766903611754,0.3049404108075168,both_correct
d325fb944d9440e9ebfafb6ea8f69844aa396a3a5a983f0695b4d57011e1ebbe,exchange_via_app,exchange_via_app,exchange_via_app,true,true,0.21413635472785505,0.6375007634029162,0.1638825344876627,0.560713815097408,both_correct
d3592c694b4e8488a42bd2b27c9cdcbcf6a7521ea1603a79d7fd7ca112ab6e63,transfer_timing,transfer_timing,transfer_timing,true,true,0.7318553163782892,0.7837618339384856,0.6926256864023661,0.7345447338338552,both_correct
d391eac148a22e2beefd22b4ccb6e9f250b696d6ea6c6fbb709b613b92ff964d,topping_up_by_card,topping_up_by_card,topping_up_by_card,true,true,0.5746511656319699,0.5956633709803669,0.5225096729467394,0.5133707404314163,both_correct
d39d5c77c8cd5b4ed78bd99403cde730443cb5f54f9ad6a8ade66f783116b368,getting_spare_card,transaction_charged_twice,getting_spare_card,false,true,0.18212620900438972,0.8064298255567242,0.10108363280396032,0.7769013573338915,lexical_wrong_semantic_correct
d3a4c6c5b3c7d68e5619d7deee6719c567db0b5951e99d16a663002d6b1b04b9,card_not_working,card_not_working,card_not_working,true,true,0.554049530284594,0.7017429318997137,0.5132033978826849,0.6423407913256787,both_correct
d3b9cf84fff3f7206c724e54b40087a04155fc9ded07c69b1eaa60c1ffebf8dc,why_verify_identity,why_verify_identity,why_verify_identity,true,true,0.3551946380522868,0.6886279390068942,0.33444906866516216,0.6499636950113538,both_correct
d3bf167ff2915664f516005383c27a66e171b2385457f84a4ed9e9417c35a384,fiat_currency_support,fiat_currency_support,fiat_currency_support,true,true,0.760510007423464,0.7933203613957253,0.736902869793801,0.7376612825983625,both_correct
d3d4a773e1f2ed43f24d3b8df94024d055f14ead28d06b31a746decbbeecdb6b,request_refund,request_refund,request_refund,true,true,0.8000875391265063,0.8320036494932682,0.7511654672463941,0.7220216979948388,both_correct
d3e2cfdfae0cd310bee967e31843689ed1a8151a73a255fe0969e77adecb910e,country_support,country_support,country_support,true,true,0.3167919558814747,0.7654105164827345,0.2518545196229459,0.739728546659134,both_correct
d41f01469baa4499599fd926250790c192d550aa1237973035cfc783101b15ef,direct_debit_payment_not_recognised,direct_debit_payment_not_recognised,direct_debit_payment_not_recognised,true,true,0.41508574886988125,0.909738903591549,0.18634971854445853,0.8629345642932258,both_correct
d432aea2240bbf4d599052fc300e736b0733186ac465a49367882a0721c4c34e,pin_blocked,pin_blocked,pin_blocked,true,true,0.9484089748591474,0.9017589471990615,0.9391893089327276,0.892226683052237,both_correct
d43e0c5c9503d52fa3bed12a9dd5b7355b2164ed55a22503b1c1a868d38602b9,pending_top_up,pending_top_up,pending_top_up,true,true,0.8410563139581053,0.867135369705814,0.8168063743954999,0.841526986879398,both_correct
d44851028746cd62a51b4f58549b9b270798a17fa79d37538d40383b2d079a06,reverted_card_payment?,reverted_card_payment?,reverted_card_payment?,true,true,0.3023093409924888,0.3031655576995536,0.25727848843574064,0.19287976193174505,both_correct
d4548bf535fbed3e378113d8c70b5053057f76e1cdb33b1f7af463a720d48a56,card_acceptance,card_acceptance,card_acceptance,true,true,0.09564306114226619,0.651502965669945,0.05638827061175845,0.6021388862359663,both_correct
d45ba314170582fc7b0d5b6521022cd477b8b2ba17fbc52625cb63e3163a3f68,Refund_not_showing_up,Refund_not_showing_up,Refund_not_showing_up,true,true,0.646231189300561,0.8121325594696676,0.5947694183114115,0.723758956554141,both_correct
d488f1c0843b12edd34453f77775262fb49515ec0f8f4b8d54096eb1911f0ed4,transaction_charged_twice,transaction_charged_twice,transaction_charged_twice,true,true,0.32870667109393786,0.5617335576789733,0.27202729926119973,0.4878908248533239,both_correct
d49a0a8a9688a2887482b776d859c9be2ddfc79c9682543c22510a8fba725347,cash_withdrawal_charge,cash_withdrawal_charge,cash_withdrawal_charge,true,true,0.22500273439435156,0.675057875454507,0.10868232495597804,0.5953900159325333,both_correct
d4d83e3237f5c659e87fdfca9adc41398223a013f44fb2d73eba76b7dc067446,exchange_charge,exchange_charge,exchange_charge,true,true,0.5191246222838194,0.8255388486188312,0.4959596777638556,0.7668632425100326,both_correct
d4ed8b1518fc189cb2ef625cbed9c9f92cc3dbbfe8b15ba276aa5667371f4443,unable_to_verify_identity,unable_to_verify_identity,unable_to_verify_identity,true,true,0.16751173170333022,0.6134143074458266,0.060029466935779804,0.47251694089841434,both_correct
d506683bdda4d213ed9b8e00fbe52c3e4b74852a8b7493ca9541eb06e47ac5e5,atm_support,atm_support,atm_support,true,true,0.33199623554196345,0.31515824633534845,0.24914815644690685,0.0617475248701283,both_correct
d51ca8323198e9c8bc881cb00add92afa0bde24e4cd033dcb7dde97cab105b11,transfer_not_received_by_recipient,transfer_not_received_by_recipient,transfer_not_received_by_recipient,true,true,0.677593177676715,0.7143817480153233,0.5531666680521674,0.6883884061140676,both_correct
d530aecafc20769f91423be2e266f085887f9d26bb141bfbde1d9e9b4f469090,top_up_by_cash_or_cheque,top_up_by_cash_or_cheque,top_up_by_cash_or_cheque,true,true,0.1715700053015937,0.3870479777501522,0.09124897801917548,0.31255885872598205,both_correct
d5612b6d84df90f0af7e1993ce02cd74073767787095edce161e0ac3f1f7cdd5,atm_support,declined_cash_withdrawal,atm_support,false,true,0.0748270474391824,0.5583257828964013,0.012345195536911567,0.5053520357684431,lexical_wrong_semantic_correct
d56d2cc1848cd37d4420b5ac1cfcf26063c066f16d3cbb86673acace5b7cd3f7,direct_debit_payment_not_recognised,direct_debit_payment_not_recognised,direct_debit_payment_not_recognised,true,true,0.9585517123379267,0.8814177716712921,0.9300843493177308,0.8502475027315914,both_correct
d56e14b420b261e22a0382f0699f0a868169b0122a5e98751fe01078458b4785,top_up_failed,top_up_failed,top_up_failed,true,true,0.3874492996644934,0.5124727721339869,0.20858494982285866,0.26714329522928165,both_correct
d58df93e352ff344f064a5e6a3aeb67171b25fe3a3a2585ff4ef347625b9babc,verify_source_of_funds,verify_source_of_funds,verify_source_of_funds,true,true,0.8598701521943204,0.9628222428901796,0.8505812395604478,0.9596120530954163,both_correct
d59cd97a649a700a8f5623debfdb0895adceb2791b5b8efde23b54ade4d733f7,getting_virtual_card,getting_virtual_card,getting_virtual_card,true,true,0.48221563790368815,0.6781092474759267,0.42738237215646385,0.5398372534561654,both_correct
d5b4b02e01c26b0ac42c1bbb0d65dd793f8b72e9c3fdc0fa1767eea6b4e6d68b,passcode_forgotten,passcode_forgotten,passcode_forgotten,true,true,0.550863177458755,0.8420002593473443,0.5356388664239325,0.8212872213113157,both_correct
d5ed6044e545d182da38ed72a22eb512ee1cd7a99c602b66081cd23ce8fd4415,reverted_card_payment?,reverted_card_payment?,reverted_card_payment?,true,true,0.6564630880254728,0.708359971750345,0.5731857996873945,0.5842648423889293,both_correct
d60b5b674b3686d79511b955e95be811ab5db0980372fa3732cdbe892ac1a945,change_pin,get_physical_card,change_pin,false,true,0.34373484624294975,0.6002276988282981,0.19015902783228678,0.48123472302194814,lexical_wrong_semantic_correct
d61bd86fcdb5b3df685b94a7739163679ed2436be3df3bf6dc87b312c9c08313,top_up_by_bank_transfer_charge,top_up_by_card_charge,top_up_by_card_charge,false,false,0.4199300841996942,0.5929554085485532,0.28002942867811353,0.4173983030781145,both_wrong
d61c315cce2e405b2145685eec6106ff1f22ed07beee0135cd1b056c4433ee1e,declined_card_payment,declined_card_payment,declined_card_payment,true,true,0.1048325165166134,0.4671113122723957,0.006015470175338683,0.30580010196195684,both_correct
d620a52c520000e5a511f0e9c84b1143e3aeb026990ecc97b797b5ea78a661a4,verify_source_of_funds,verify_source_of_funds,verify_source_of_funds,true,true,0.9213822635038227,0.918129703587905,0.9153822483046804,0.9115254872593521,both_correct
d62add4967b4c594cff42dbc4bc4483d47d63b188b8d1ff7aeac702a2daa992f,get_disposable_virtual_card,getting_virtual_card,getting_virtual_card,false,false,0.7765012854821693,0.47896378516154153,0.7263410038565475,0.18349725849687515,both_wrong
d63f4eba16fcb9c0e29e43f1f13c8659034136f41ce048590098812efd3c2e6b,unable_to_verify_identity,unable_to_verify_identity,beneficiary_not_allowed,true,false,0.11526303759254311,0.17775400286807141,0.03681114789461251,0.026875181445346896,lexical_correct_semantic_wrong
d640d9ff4e52f8d2e5d5fbe55529a7b31c59e0adc670cc4ecc3101b43a28e813,wrong_exchange_rate_for_cash_withdrawal,wrong_exchange_rate_for_cash_withdrawal,wrong_exchange_rate_for_cash_withdrawal,true,true,0.5550075579668018,0.8614692008930906,0.3477241721691123,0.8224271589585006,both_correct
d67cfc417ef237729770e55f940a02878c31d4fedcd0b745876ef098dcf78b7f,country_support,country_support,country_support,true,true,0.5664549614554559,0.8061473005788344,0.540313726492736,0.7564804749927484,both_correct
d6866362f57074d8a84109a8847a3e04b907b567820a8f8c514079b7196907f8,exchange_rate,exchange_rate,exchange_rate,true,true,0.7130117479485111,0.6936720373562761,0.6820960848732089,0.5808822701011617,both_correct
d6b502988e4756909243d6b4f53284e941990af7bd62c6ddea548dc1e483ab12,transfer_fee_charged,extra_charge_on_statement,transfer_fee_charged,false,true,0.34285063925121084,0.5139459803499102,0.20516129684865544,0.3808721178517318,lexical_wrong_semantic_correct
d6bebceb4097bf0e007e946b3bf912fd74f13bc5532907dc0e0d90c1d58249fa,verify_my_identity,edit_personal_details,why_verify_identity,false,false,0.12492362398039687,0.37297076253372424,0.09188447801286628,0.17917416046566656,both_wrong
d6e66239890f684d04de3b768dccc75acf11f31203626d19499053b395c11449,card_arrival,card_arrival,card_arrival,true,true,0.2755787277411649,0.5716762235085783,0.2512966565010056,0.5052767100193316,both_correct
d6fb70c88c1fddc1cb036b264347a463b415341f2a7dd2232081a4b14cd3c7de,card_linking,card_linking,card_linking,true,true,0.6977236841979613,0.5653197468827738,0.6696016352803844,0.4535824769607378,both_correct
d73db6409f5c70a60c7d2b06e1969ad4437d24c6a08034299ced73a756b8f4dc,reverted_card_payment?,reverted_card_payment?,reverted_card_payment?,true,true,0.25066937579317133,0.5558334749428407,0.18390752239698038,0.46313581929261416,both_correct
d7747de56b815318bc71360bd5088c92ec55e3206320bd7a1ee5718da310d72f,failed_transfer,failed_transfer,failed_transfer,true,true,0.5352802410317952,0.8097014989220557,0.4833301272096379,0.7406510349282942,both_correct
d77a147064f0b79cbb7c8d9aa01aa1af1a14f3eb6cb96f64adaec4b3c552b20c,supported_cards_and_currencies,supported_cards_and_currencies,supported_cards_and_currencies,true,true,0.6733068000127218,0.7090084367299666,0.6348718130837037,0.6573661394431324,both_correct
d78bf9edaf3c15fcddb63c507963f2fbe3b5ca0a98fca299e7a09998e27f6fc9,get_disposable_virtual_card,get_disposable_virtual_card,get_disposable_virtual_card,true,true,0.5421525358605793,0.7172811052233334,0.40833264121579543,0.647792287419879,both_correct
d794496ab092e9076056ec295f6bf46362bbd7b9896d55a15ad508cb50d3ec1a,terminate_account,terminate_account,terminate_account,true,true,0.08709026190949766,0.874126069354437,0.029533448192838402,0.8618985200118511,both_correct
d7a547a2520980b78a3ddfda209dfd415d8b6f33d0b684e139e95766c14ef9e7,request_refund,request_refund,request_refund,true,true,0.20551574069378864,0.38473647779333947,0.16112007714560517,0.2514269159175825,both_correct
d7a8198b689ccfa99a6dbd89df6088a496b01f169d352e52e9960a9f6af8ec3a,disposable_card_limits,disposable_card_limits,disposable_card_limits,true,true,0.47751321433140426,0.883134604527297,0.44056427102526513,0.8635550519051438,both_correct
d7af926942a68b9d305a0aa513145e2c25dc18284468b2db9e7fe68d6d2f9dcc,top_up_by_card_charge,top_up_by_card_charge,top_up_by_card_charge,true,true,0.5376551222282324,0.3252812816776578,0.44879266981050814,0.008220633576991598,both_correct
d7b3279330aa7b33ec96fd1d59477cbaaab380950db88c8cfc8a18c556bc8b80,topping_up_by_card,top_up_reverted,top_up_failed,false,false,0.08676389845188476,0.2281892721458014,0.005004190632981964,0.06397008255515693,both_wrong
d7cdc487b033ef628bcf361b548715f49265ec5501959a050f0c1b62dfce6a81,card_acceptance,card_acceptance,card_acceptance,true,true,0.15948422567010595,0.531791484384256,0.08813144337893232,0.4840613062750365,both_correct
d7f37e4794704c57b438baa3748c5ee77817911f33dd6bdfc28f8e1ef6100e9a,pending_card_payment,pending_card_payment,pending_card_payment,true,true,0.9439787817972329,0.7316609292966949,0.9312839628864674,0.6829621406441744,both_correct
d81cc8772725f17cd240607df0774aa43b506706eb31b7d5d743d986dc53a849,transfer_fee_charged,transfer_fee_charged,transfer_fee_charged,true,true,0.5703578224631748,0.7347305209172987,0.5246664908727122,0.6780265170520433,both_correct
d82f442f476bbb1b9fcfb822dd0047bfa31c962809f4e004d5d62e32b98069da,card_acceptance,card_acceptance,card_acceptance,true,true,0.3374301195930078,0.3437055627581631,0.2980772096883192,0.25920225748576514,both_correct
d8408f50210ba46c856ab445ae43a4b559017831a82bda92acdd95231434b0f1,activate_my_card,activate_my_card,activate_my_card,true,true,0.9289334954919011,0.9407984766978578,0.9162064519654469,0.9267402737914674,both_correct
d85a984051fd73cd31692e08e66c334085469c117242ff22dc94a19e8d742d52,balance_not_updated_after_bank_transfer,balance_not_updated_after_bank_transfer,balance_not_updated_after_bank_transfer,true,true,0.8283992658645254,0.8780824940239174,0.8159733030766568,0.8489372645678949,both_correct
d88039e433c8c2646c569783129ac3a47628f949f372b251b58cc9b49c50f3f8,order_physical_card,order_physical_card,order_physical_card,true,true,0.8962267155589301,0.8122453161030371,0.8722033792109375,0.7844159349289662,both_correct
d88f0dc00d958bbaefc867ca00eaf599e1dfa175245a1a95f4e202208abd2655,supported_cards_and_currencies,supported_cards_and_currencies,supported_cards_and_currencies,true,true,0.361556803205079,0.4013374073453982,0.14508822284248515,0.17580508677488266,both_correct
d8af74d99d166ef46cfaf44bdf5f6f4b6ce86b84ad0dae3516f45fa8c30ad38d,getting_spare_card,getting_spare_card,getting_spare_card,true,true,0.721120245408683,0.7388564014115606,0.6470149694891929,0.7015087648236428,both_correct
d8d9d3cecccbd34c1dbecce242fddf55db58fa82fa92ee28531c07a96f828572,card_delivery_estimate,card_delivery_estimate,card_delivery_estimate,true,true,0.551753734824186,0.8708775938525312,0.42003141196183985,0.8496951889194738,both_correct
d8e41d7f74ce0d1c76b9b050d3908e570d4f38b5e9b770ff9bdd8aac5b5969c9,card_linking,card_linking,card_linking,true,true,0.9383311595241036,0.8525191938736265,0.9340480403274231,0.8386757690709686,both_correct
d8e7b3a967080e99139a465f944ce138a78b04c34fe0f3657891661366b01295,wrong_amount_of_cash_received,wrong_amount_of_cash_received,wrong_amount_of_cash_received,true,true,0.6344941757615522,0.7100247367228382,0.5790088627731702,0.6363546522071072,both_correct
d8f77405cce139dd4fa37c6c717dacadd9db3029f66b614d3a24db17cb290a0f,activate_my_card,activate_my_card,activate_my_card,true,true,0.6597355763083393,0.9096058419386525,0.5792223272027716,0.8983413110748043,both_correct
d9170014dd0aeee7ab00a727ce18a55835b4ac16b45ad2f779697a29a1b78399,contactless_not_working,contactless_not_working,contactless_not_working,true,true,0.2115100402947153,0.1655058348755745,0.1711557214610821,0.029754093311061963,both_correct
d94c307dda1a2060bbd5ad58a4f26e800d0f2f181dde6a1a22a207e893ddd247,card_payment_wrong_exchange_rate,card_payment_wrong_exchange_rate,card_payment_wrong_exchange_rate,true,true,0.518657820734912,0.6932109180850421,0.4013981987656553,0.6033103374771345,both_correct
d96c6996524e4f532aca4c3dbc43aa3025d329d23c8161a2743311a753ddfd26,topping_up_by_card,topping_up_by_card,topping_up_by_card,true,true,0.41246800070561834,0.5996711275035241,0.2630609894221426,0.5188645296281528,both_correct
d9922786c0d63c026f95f77f6cc721d3472d10b056598849734a8b0a38dbf20e,card_payment_fee_charged,card_payment_fee_charged,card_payment_fee_charged,true,true,0.6860705291976303,0.7613998207285592,0.6043547478911515,0.7200141978079965,both_correct
d9b28a96b0e8cfda78a76772cffc92c2efeb2bdf4699a1794f3968dfbe5d94f0,pending_card_payment,pending_card_payment,pending_card_payment,true,true,0.5076983445138653,0.8273453613377306,0.461497100013451,0.7808958930610652,both_correct
d9b9eac6a20981cfc19973cdfb97ece39f7f60b50d73e1e401592cecdac706a3,pending_top_up,pending_top_up,pending_top_up,true,true,0.36022897119563735,0.404631058667076,0.19418472715155627,0.019342153152424213,both_correct
d9d022362a1924224b3b5bb4a5a37e04560a677a33d0ccf62c707a8d5573f908,card_linking,card_linking,card_linking,true,true,0.6806853936790531,0.9277352327500118,0.6574603658250333,0.921564762818543,both_correct
d9e64740ad3529b1923cc071775899dbe74e836f695e6e1e19c2b23db2b20daa,pin_blocked,pin_blocked,pin_blocked,true,true,0.1859339499238915,0.3431919975023792,0.03942501281417865,0.191373204939678,both_correct
d9f9da22df8256f50dc4a3f5e6dda547522ea39a57b005120c952c9b1a89ba72,get_physical_card,get_physical_card,get_physical_card,true,true,0.5736926282683005,0.6328201083900533,0.4819964722050008,0.5558530898215426,both_correct
da16ea8595a410a86b7ec072f265d36c348dfed1c83d968a63577261a3d5163e,compromised_card,compromised_card,compromised_card,true,true,0.259572696371496,0.47830774841599805,0.22061936683599415,0.41979682268678503,both_correct
da2106c787fe921ec2c23575ef8541566665bd4887348046ac4192789a609b5d,cash_withdrawal_charge,cash_withdrawal_charge,cash_withdrawal_charge,true,true,0.4065468933618307,0.6746299978941905,0.21457495642752178,0.5731560968533022,both_correct
da5032e70cb561158af6a6967c2ad8621b5b051291ff74e2565c4230d92fade4,activate_my_card,card_arrival,card_about_to_expire,false,false,0.2145633501282739,0.38724062210284566,0.13932085643950562,0.2347979665432483,both_wrong
da67f7067a853fb2eb5ec0d3e6faa80f1d0f8c56a5f57700b3fc648556df66e4,verify_top_up,verify_top_up,verify_top_up,true,true,0.8964530332469433,0.8815636533554323,0.8822769843781978,0.8576587484453068,both_correct
da845891b7731894c88a90ea9ac635d085226e615ee3c33e88353c3a8cbc899e,top_up_by_bank_transfer_charge,top_up_by_bank_transfer_charge,top_up_by_bank_transfer_charge,true,true,0.393072802261086,0.6151265908479621,0.3559695179791035,0.5071190662172109,both_correct
da8ab2ef5c6aa9bc0d86649f9e9805bbfc52caf93c823681d179121b9a84d6a8,failed_transfer,balance_not_updated_after_bank_transfer,balance_not_updated_after_bank_transfer,false,false,0.14700768799880642,0.14301127243669298,0.05494129024210195,0.008106566574277163,both_wrong
daa4081f3abc3fe7bf06fb2e93b1d9aeaa3df5cb3fbb12ed0e61a18a83a1d0b6,Refund_not_showing_up,Refund_not_showing_up,Refund_not_showing_up,true,true,0.596668251041176,0.7592908779339128,0.5587465951781877,0.7004581080805882,both_correct
dad281b2352b8b83ae699f47da487fa2e6d717e6a150621f1080f0b95a40bd85,compromised_card,compromised_card,compromised_card,true,true,0.31820322756442865,0.468385839135594,0.2810714795294459,0.38417401304819376,both_correct
daf9e1ad8cc69a5a44902f6738e4398d884e7fe5fe1321fa18fd6202458eafd1,get_disposable_virtual_card,get_disposable_virtual_card,get_disposable_virtual_card,true,true,0.44080272372563634,0.7387080701568947,0.36657912443402707,0.6776628042938003,both_correct
db0d584294e58aee430e22e146905c3519be49f8190bff34841d0d0ca2131c25,lost_or_stolen_phone,lost_or_stolen_phone,lost_or_stolen_phone,true,true,0.1491512236172935,0.20067124959250363,0.11310329250446974,0.07053416777949237,both_correct
db2c02ac90a464a273162328b04a1310c36d92dfd103a6d0a643a46790b73f7b,balance_not_updated_after_cheque_or_cash_deposit,balance_not_updated_after_cheque_or_cash_deposit,balance_not_updated_after_bank_transfer,true,false,0.11599523738781421,0.23855082395168303,0.026987909663883536,0.1131730183706349,lexical_correct_semantic_wrong
db3e081546186a04d453e5deaba7f6b30e96641b959ddfe0fc489d78f6ad4baa,country_support,country_support,country_support,true,true,0.6551038799980664,0.8151765087225824,0.6282038840098588,0.7805958621890569,both_correct
db5e4b94b415aefe02792b7f6f8571a4a6ed8fb6817c6be134cc9a32b4e9ebcc,exchange_charge,wrong_exchange_rate_for_cash_withdrawal,exchange_charge,false,true,0.1270367560666902,0.4413222403468395,0.06263399220565727,0.31577323693171244,lexical_wrong_semantic_correct
db6686dfbc4595f1e5713d0e7ffda066ece255ee7f14676649335bc8ead2eefc,card_about_to_expire,card_about_to_expire,card_about_to_expire,true,true,0.7931442773850103,0.8190874066418223,0.7622537699699848,0.7876639780845953,both_correct
db775c67ec2b549434dc9103ef2d3bc1eaeb8e5630a5da8f6505db50951b0d82,country_support,country_support,country_support,true,true,0.7441431614653544,0.6303197742678345,0.7326775930938806,0.5882097686440096,both_correct
db7d887e181a5c4a50fadaedb30992f7612f83fbca180443488dfb28c1cabf4d,pin_blocked,pin_blocked,pin_blocked,true,true,0.5218380304174942,0.960599533895487,0.4961905991942818,0.9552874489012975,both_correct
dba1872a4f51a82857961ce1a00afe820d266c500662ef31f0b4711acbc1f923,declined_card_payment,declined_card_payment,declined_card_payment,true,true,0.375630380933337,0.49764840072042477,0.14349441170812038,0.37411699465315945,both_correct
dbdd74473f0517c4d521d7d9a28e18f2be95aa02584c643930f3bd62218db85f,disposable_card_limits,disposable_card_limits,disposable_card_limits,true,true,0.8696991275706628,0.9099030711433924,0.852685741483627,0.8872670072423419,both_correct
dc0c60384ac796f08e1943916a7cb854fbc69c6e1fd5df40b91cdfe668322c10,card_delivery_estimate,card_delivery_estimate,card_delivery_estimate,true,true,0.09913652699851101,0.2536061159272264,0.04892474087196176,0.14068085337652603,both_correct
dc1b851e497a1931cb9e62ac1bfca1a0c6344ae15cd5cd82a3b82c788a3a806d,direct_debit_payment_not_recognised,direct_debit_payment_not_recognised,direct_debit_payment_not_recognised,true,true,0.9155097991028293,0.9261523919821597,0.9007390035474355,0.9196636037697046,both_correct
dc2c2ed3b8c408886c09ce07d535f63cd24baebb9392c94e3ce6c7912a08f53d,extra_charge_on_statement,extra_charge_on_statement,extra_charge_on_statement,true,true,0.8646190572569643,0.9482295265824396,0.8179017498898026,0.9362312988880884,both_correct
dc36eedc9148e1aa5e5d488fc6bc76debe0508818b949706b12dc92c9d5bea53,pending_cash_withdrawal,pending_cash_withdrawal,pending_cash_withdrawal,true,true,0.2420286266362858,0.15833705794569114,0.18566433051246817,0.0312354356387283,both_correct
dc64dbd72ff2a367e8210c4b9551d3f3ca0187c8ae99dfa6b7734dde04a46e2f,failed_transfer,failed_transfer,failed_transfer,true,true,0.1741798964654281,0.4641449466694743,0.04590631046447144,0.30984194494193895,both_correct
dc7691a79ae492d4596650c3e8895543913e1bdc6bb3b67b7c0de4876c2bbf0d,card_arrival,card_arrival,card_arrival,true,true,0.7565502539017599,0.7184560947574711,0.7283749842140137,0.6888970782803469,both_correct
dd17fc7fd1b3bfd00bbdd22cd064c25f79b4b0ce37574a660c5e21d86c4ec7e5,exchange_via_app,exchange_charge,fiat_currency_support,false,false,0.5304566303161335,0.28805603151675147,0.2565201765600256,0.00039761152339307104,both_wrong
dd257a3a883645e1ecf2096e4b5a19d8008972116ed6632ebb84d43c5b1e2df0,verify_my_identity,verify_my_identity,verify_my_identity,true,true,0.6378698167410757,0.6641954025973795,0.34575699820458095,0.49572349043606917,both_correct
dd53246be174d25a273693d05f79e8185be90e28cce04c3e0f43da6b232aca1a,verify_top_up,verify_top_up,verify_top_up,true,true,0.6151018398266883,0.8317576398367146,0.5553009593406972,0.8078988487964542,both_correct
dd6255c3cd32a42a5aae905761993493e5a3410d4612cfe2467fbebe7fe342ed,topping_up_by_card,top_up_limits,topping_up_by_card,false,true,0.3364248037431766,0.23989539244855543,0.21527190575007402,0.028758063120451066,lexical_wrong_semantic_correct
dd8a08ba1892e299060b6a98217df1d205c9be25da20cc4987bd45af32a9f858,order_physical_card,order_physical_card,order_physical_card,true,true,0.21992530234651098,0.41021611933604785,0.07836972362584183,0.2603487138285625,both_correct
ddac264666058328f8d7cf9844b0909ee24a26ff88e26a5bf3e36cee36478ff6,verify_source_of_funds,verify_source_of_funds,verify_source_of_funds,true,true,0.7072204628699028,0.9324516003825379,0.6933246235832767,0.9270734721629122,both_correct
ddd8b77dc48f33c17e62249509e10c3cf4e30bfe6cc311b3243c9b075b59c5e8,atm_support,atm_support,atm_support,true,true,0.3107521967941171,0.8183125600595933,0.2519113150760045,0.7954201320576784,both_correct
dddb3d34310073836c34e7a282a344c0a560e7c1acfcd1ffcb7227b5d12fa910,verify_my_identity,verify_my_identity,verify_my_identity,true,true,0.8194082446963789,0.8962881498643509,0.7695929452484526,0.8452711608787813,both_correct
de111cebac829a2e1849615fb9b453233c4f4258402a45e36e63591b72c69f56,automatic_top_up,automatic_top_up,automatic_top_up,true,true,0.142956168355961,0.630316543594343,0.026723328104738958,0.5617040723678197,both_correct
de140a677b8b7b800e84d71a42fe9c66205670ee322b34af939fa6bacb632eac,reverted_card_payment?,reverted_card_payment?,reverted_card_payment?,true,true,0.9143604933428439,0.7230253060779626,0.8769355672265594,0.6266877893816498,both_correct
de16a3226f0110f5e2a432744e1be58a34eebba6f83c235b74cbc6857c29d5a1,transaction_charged_twice,transaction_charged_twice,transaction_charged_twice,true,true,0.8671821196790898,0.9144129886725001,0.8581428245826638,0.9055558577950213,both_correct
de1b5fd2e0f215dbc994ccda966f4fbda1019e29a2ad18aab265aa3c10a305df,card_about_to_expire,card_about_to_expire,card_about_to_expire,true,true,0.8287420229821453,0.8680088319798246,0.8103136287076712,0.8488147453017905,both_correct
de20dfa99b2f5ed452d65fe4bb21a9d52c5b1bfaca3c19fffa3855101dac224e,transfer_not_received_by_recipient,transfer_not_received_by_recipient,transfer_not_received_by_recipient,true,true,0.46215404589830045,0.4708556350156167,0.33034528848741934,0.3176594431106614,both_correct
de371bfcd227f680f9c1bddd6ce61f85173c5511244ee2dc0e6e13adf774a910,passcode_forgotten,passcode_forgotten,passcode_forgotten,true,true,0.7487671781679888,0.9176899867212092,0.7276486150336375,0.8852778967879091,both_correct
de53200f9f69e96ed904684c07a5f9210b3448f3338a581e292f1c9a470a6c07,top_up_limits,top_up_limits,top_up_limits,true,true,0.6430265448136274,0.8517982827219265,0.5950675717968005,0.8063642828948738,both_correct
de77045ddddc91cbbe30c7cd81c3366275c19c8894b3ecf06379a3b192778e8d,country_support,country_support,country_support,true,true,0.15697698387959946,0.6335607232022444,0.10194014872527635,0.584265062216589,both_correct
de832e6b3cbf6fadf607e99a08d9558eeb2f0777ce5931babafa28aae82a3ce8,age_limit,age_limit,age_limit,true,true,0.6528180791529625,0.9085156276973123,0.6384602089144715,0.9018081285621452,both_correct
de845cecf617276afd881d22c106c0b078e8d86f843be377442178a3ffd87b67,Refund_not_showing_up,request_refund,reverted_card_payment?,false,false,0.1087805409633809,0.26592357139529815,0.00738197385888803,0.026516389792037492,both_wrong
de8982aabf47e3ece2c887f694e355e7c23a95d06813c872a2aba8dc0cd21172,change_pin,change_pin,change_pin,true,true,0.3381694796929522,0.6480731705027021,0.13315488710927495,0.4566575573262972,both_correct
deb7c2acb1667b1e35d98ac1b55913f5ede4ce64612c61b02d054e46e2a19d0c,pending_cash_withdrawal,pending_cash_withdrawal,pending_cash_withdrawal,true,true,0.40934725007119677,0.4385256666207328,0.33280486901233347,0.2507821969465706,both_correct
def5cfa298d5b10bbb227c01096df1b92d40a856b27cb8cba0a39afebe51886c,age_limit,age_limit,age_limit,true,true,0.8869191507411299,0.8952883774501598,0.8796483870913,0.8878065412235127,both_correct
defbd08b613b7d9ea3b473b37879e681b6f51e3c34a6ae545f5b0313671a537a,fiat_currency_support,fiat_currency_support,fiat_currency_support,true,true,0.9315149619710609,0.9120755764783094,0.9216603952847354,0.884416006385103,both_correct
df207de75ddf4d25cc10d0202e32eecf0792360e69fddc345313319ca0a2b2a7,reverted_card_payment?,declined_card_payment,reverted_card_payment?,false,true,0.1827422124717294,0.6172751625610343,0.01985214763671106,0.5127973395903125,lexical_wrong_semantic_correct
df302b5b68c853e217f346554287da14d7259c6a35e71ad552641b88275239c0,topping_up_by_card,top_up_reverted,topping_up_by_card,false,true,0.11858518165198685,0.14382384932884235,0.011739192994716888,0.026924932713100785,lexical_wrong_semantic_correct
df37db8bac785b5fa42efa79b499c1dd68b9c9dc6c307a357f111ca387419b54,Refund_not_showing_up,Refund_not_showing_up,Refund_not_showing_up,true,true,0.8914765471895068,0.9291490051946544,0.8735620466056269,0.912528205877147,both_correct
df3ebfd6f484cd9ddceec97d215bca030f682f85448231b073476417d38a95b0,age_limit,age_limit,age_limit,true,true,0.5116790244093935,0.9325835221870615,0.49577145631461333,0.9273185373243195,both_correct
df461742e3d057ec539bf1153eb6b77000d01997cc301580c32275bc4452ce74,why_verify_identity,why_verify_identity,why_verify_identity,true,true,0.4998092895387614,0.5426391202307543,0.39348861557110437,0.4179668323590686,both_correct
df79727560a3c210ebbd4095dc1cc81d322ca1438679b8ed206b511d1c82718c,request_refund,request_refund,request_refund,true,true,0.5349066647264661,0.6730602294798388,0.30956866797675303,0.5050844225746276,both_correct
df89242dafeba3b6f7e70d16e4f766501ca7e1932e6c6fafc1662e159c1be1ea,why_verify_identity,why_verify_identity,why_verify_identity,true,true,0.4059591999479718,0.48327228466888855,0.09556848223807513,0.0634815391010986,both_correct
df970f854cc373ec53bfca997f3f2b9b981264282919f091884e3b62e25dea4c,card_payment_fee_charged,card_payment_fee_charged,card_payment_fee_charged,true,true,0.44158104860639863,0.7252891249190615,0.34770455216544693,0.6829858461187954,both_correct
dfbcdf7214939600c936c26bd7e408cecc687afe4f11f78397704c901382ef8a,card_swallowed,card_swallowed,card_swallowed,true,true,0.541676871648781,0.4482625236364645,0.41934969537753897,0.18965188062856037,both_correct
dfda83c9c5a0f3d86c22be4d95eaf872c548941df2ba64962bf1d13fab271179,edit_personal_details,edit_personal_details,edit_personal_details,true,true,0.6035037179132686,0.86077215869866,0.5885753085887957,0.8482763143280655,both_correct
dfe46db440f16120fc1d8705dbdbcfa0a0baae1244d7dc272fa8334f342d6e35,apple_pay_or_google_pay,apple_pay_or_google_pay,apple_pay_or_google_pay,true,true,0.8169050186959524,0.6345711375965583,0.7931475217041559,0.5584782572785107,both_correct
e00b3bda3eba2b5bc443717ff774235b0f4a234f7cb0c3b5bc2cb9e68944cc15,change_pin,change_pin,change_pin,true,true,0.8235564452532654,0.8997373404717068,0.7678427779236002,0.8586583376757927,both_correct
e06c006a36481edaf604e26f570ad7e27be9301c194a2ba49b478cd3a4486be1,visa_or_mastercard,visa_or_mastercard,visa_or_mastercard,true,true,0.8836510803265564,0.9003677003676777,0.8799423073518905,0.8770307521709882,both_correct
e099a0d8735a7d54f7092026503ca7ce7e8ce3cd828c458e18da2386489d7be8,card_delivery_estimate,card_arrival,card_arrival,false,false,0.09407160789533668,0.3979515912975475,0.03005229594713256,0.30052090938109544,both_wrong
e0a96ae5eef00ce661a3d282af025572854ed012952ca0cab3b0f3ee7de60cd2,contactless_not_working,contactless_not_working,contactless_not_working,true,true,0.2081062524845806,0.3130720386852434,0.1577611982241849,0.22414056460244866,both_correct
e11077d4c563de05b1aebb306206def83fc22226cd9379281c6fd3472d22f7cb,declined_transfer,declined_transfer,declined_transfer,true,true,0.5894802656910516,0.7105461386318537,0.43919472951832444,0.6082791042358827,both_correct
e1341b1aa3bc0bf4666c6e9f7b3842d91097e64e4b1bf76e70aa78f8d4066ae9,reverted_card_payment?,reverted_card_payment?,reverted_card_payment?,true,true,0.8839298752907968,0.4798487314432601,0.8426534085952624,0.3147573334291405,both_correct
e135458c7d3dc567f40181d3aef3922f98bc35e646d7bf6478f6d5c27d66d42e,failed_transfer,failed_transfer,failed_transfer,true,true,0.6526811637609561,0.6665988591909631,0.6204439001751421,0.5742571704175687,both_correct
e147c5ce3bd609c3a8ac66afa4dd863f404689e974d9e3d9f6de15d96e732dad,visa_or_mastercard,visa_or_mastercard,visa_or_mastercard,true,true,0.871570546630373,0.7243761226532591,0.8556985163149334,0.6675129562329664,both_correct
e148f285e17f3e37a98d872573fcb4742513432a3ed1c60b3a03ccf2a74c63f1,transfer_timing,balance_not_updated_after_bank_transfer,transfer_timing,false,true,0.3631486284508133,0.384043810729742,0.23568114959043845,0.09277233002011559,lexical_wrong_semantic_correct
e1a4459763ebfe0408cb9a69cbd6c1909cdc5c539ec3ab445b629cc1901f1d24,cash_withdrawal_charge,cash_withdrawal_charge,cash_withdrawal_charge,true,true,0.44855120492286715,0.881682157901012,0.38586539921439,0.8637413494623012,both_correct
e1ac634753e32ef037abe72dd687bcc3661aa7fb6d8abebdc291677295fd8f9f,atm_support,atm_support,atm_support,true,true,0.258441511516657,0.42934787606081637,0.20368937654652086,0.3018425291937734,both_correct
e1db83da1f8af36a18cce6db179bda2a46e3bf4c604efa4725302a95ad73377a,transfer_not_received_by_recipient,transfer_not_received_by_recipient,transfer_not_received_by_recipient,true,true,0.4540807282687849,0.45596917284418276,0.33631636997694153,0.27267558447182494,both_correct
e1dc5ae1157fd4e35679ec16b50b2d0e215e0e13e9fd6b3ab6f280ed6bd30b1f,card_linking,card_linking,card_linking,true,true,0.7734198459921966,0.7231025908052232,0.7455991858130844,0.6821834295829698,both_correct
e20a4628adbc1879be9f839a19cc4e764d80cb864b060d07448e0f9f8db91374,card_payment_wrong_exchange_rate,card_payment_wrong_exchange_rate,card_payment_wrong_exchange_rate,true,true,0.6739184977900777,0.8769112460843076,0.6090142320712754,0.8210377653453117,both_correct
e20b25bf59861c8e99ddc09c2dd4b7c59eea5a28194e02601f40b804b0304441,activate_my_card,activate_my_card,activate_my_card,true,true,0.9286438660846879,0.8812787763665753,0.9022997322666461,0.8197724276553465,both_correct
e219755cdd3ba246c235ca63f18d5d71286de1c0577e0a39b6497def08518ab2,why_verify_identity,verify_my_identity,why_verify_identity,false,true,0.39489230686858395,0.5394773243956617,0.008772401996871515,0.18356809178625344,lexical_wrong_semantic_correct
e24daf69c2a07b4d7cd7e43eb6b3ddfef28a1fb44bc3b167ea9a977ebb858aeb,pending_card_payment,pending_card_payment,pending_card_payment,true,true,0.656211284228006,0.839350841543697,0.5711070470278047,0.8122410626846885,both_correct
e2649fa31599ef5fa13e9077ba387abe1341db5c38c327bc7b5e6b74133f5cc7,contactless_not_working,contactless_not_working,contactless_not_working,true,true,0.5680125011482755,0.8353982390215018,0.5380260327661753,0.8203048674199482,both_correct
e26d3181b7b63eccc57060b4f044bea193b742aa2807ed86bc4d37e212b1ece5,atm_support,atm_support,atm_support,true,true,0.7123466277520454,0.745437584096232,0.6584138295598004,0.7056480797954099,both_correct
e27996ec7707eac85edccc0ef563c158afb91d9d126a707618a4b30f46e0c539,top_up_by_cash_or_cheque,top_up_by_cash_or_cheque,top_up_by_cash_or_cheque,true,true,0.5752012551401359,0.7666232549496502,0.49242893101607427,0.7320089725725292,both_correct
e28e758241d269ac23777acf9fb0c3aa18648cd33620fcd3cb5fb741b06efb43,transaction_charged_twice,transaction_charged_twice,transaction_charged_twice,true,true,0.8398550332822063,0.9251132753657952,0.8202394876526276,0.8959270764953625,both_correct
e293c028998bd0ea51478fc85a24c0f3da9fbda72fc5f41487bf3e5f1cfd1fbd,top_up_limits,top_up_limits,top_up_limits,true,true,0.8581319091526824,0.7304963751457518,0.8340188494813784,0.6975215306048954,both_correct
e2ac1407d395b6a6189f8abc1f09713679c82f9fe672ee8f2a335cf48daa8931,transfer_fee_charged,transfer_fee_charged,transfer_fee_charged,true,true,0.41972305460400516,0.75143402525169,0.17258604182764486,0.6795705003555854,both_correct
e2e52c305b8be164e9a80718f6f041af2537d1fc8e19c1648d4b13a418ad2374,passcode_forgotten,passcode_forgotten,passcode_forgotten,true,true,0.6098862889863496,0.9142059324644616,0.5785966297787398,0.8954156671927812,both_correct
e2ec24531ee9a5d65c4f62eaa79a1661cb1f544011e7633766f78875609d4986,balance_not_updated_after_cheque_or_cash_deposit,balance_not_updated_after_cheque_or_cash_deposit,balance_not_updated_after_cheque_or_cash_deposit,true,true,0.4528819990709876,0.35161808640290476,0.2107913343704038,0.16064624625137533,both_correct
e2f5775571321beeb6113c1b28741e3f5a32ed0be76304abeb93e9ea5f86df7e,card_not_working,card_not_working,card_not_working,true,true,0.43927117295552676,0.6945632062946631,0.3754466078324234,0.6417278896850482,both_correct
e302ad67987fa54731a575c89ee943079d87c1eb3437f385951e41dbe23b1891,virtual_card_not_working,virtual_card_not_working,virtual_card_not_working,true,true,0.29882375230193825,0.5630933191026143,0.2039983552388676,0.3508581394431606,both_correct
e315152b3116c0bd965bf413115b7da5766dc59d9d546d96e3a161dd0037e0e1,lost_or_stolen_card,lost_or_stolen_card,lost_or_stolen_card,true,true,0.7138393914877471,0.687144613958902,0.6864763298367573,0.6435306283035273,both_correct
e3157cbf6fbaa8629683120ce635968af5152140eb9fc62a4ec002a8c843970f,change_pin,change_pin,change_pin,true,true,0.2922611305742046,0.71086319641405,0.2471613497150765,0.6103989395131982,both_correct
e3614628e6d941f3f021f18b69ae085eef8f3d002a1e8730269e71de058d5189,card_linking,card_linking,card_linking,true,true,0.6520837656878322,0.7328971775988277,0.6308627476148907,0.7025690334058606,both_correct
e37798916e4d8d3cf8f5acb5357260a3aaba3bf1aff27fb571c66d7e5f13b066,unable_to_verify_identity,unable_to_verify_identity,unable_to_verify_identity,true,true,0.19326588561910063,0.6716224133009258,0.0992321503872377,0.6323281254052651,both_correct
e37c2cfb552d4b5341c31462cb4661c486524b2f2e0ac6f89bc59d1e4e1b18e2,why_verify_identity,verify_my_identity,verify_my_identity,false,false,0.4553934356815852,0.5113291246250324,0.06412383111244963,0.1938859136310176,both_wrong
e3941cceca9ba063f1ff43b0a3a2913dca59f679f68c7296a17c5f0a242a28d9,reverted_card_payment?,reverted_card_payment?,reverted_card_payment?,true,true,0.3395698594907533,0.7247505621242645,0.24227199137568456,0.6639425301351748,both_correct
e395cec49cef5b4b0954d78b7d83b1b82229f140d6fe3f243a82e88ca90a43f6,card_payment_fee_charged,card_payment_fee_charged,card_payment_fee_charged,true,true,0.6818596411241775,0.7428233219927873,0.5834045265476017,0.6837935295339777,both_correct
e3c9dcd36dce900261b2781034636560dbeb0d32f7023a737348af899cb35f7a,card_swallowed,declined_cash_withdrawal,card_swallowed,false,true,0.17162930717073585,0.4540763275015358,0.028860743822498203,0.2480196467666012,lexical_wrong_semantic_correct
e3d1b680616a81d8d17bdcc1d90fcec8f77675f1f26be9aed3247fa3451c805a,card_payment_wrong_exchange_rate,card_payment_wrong_exchange_rate,exchange_rate,true,false,0.3042135733422537,0.4364729583382586,0.10896730354798403,0.2747791478234221,lexical_correct_semantic_wrong
e3fa825adce5dd1f223003b1ecf20330e22ea782297c9705572c4ee545d81320,beneficiary_not_allowed,beneficiary_not_allowed,beneficiary_not_allowed,true,true,0.17137256621567934,0.6921591591911618,0.08960773286129771,0.6004958821243662,both_correct
e4059a115be3fc8c085ac37d78083b5157e6d9b1e5049e11c0a76e6160b75709,transaction_charged_twice,transaction_charged_twice,transaction_charged_twice,true,true,0.5981125087821924,0.8306387337051417,0.5590078603652592,0.7867103843094568,both_correct
e4216665b7c787fe22a2b044828f773c51edae5d5b1040dcb18a114546d06181,balance_not_updated_after_cheque_or_cash_deposit,balance_not_updated_after_bank_transfer,balance_not_updated_after_cheque_or_cash_deposit,false,true,0.610954560774826,0.2689215387369729,0.478671203294302,0.062203017287994905,lexical_wrong_semantic_correct
e468fe726aea496f86251f34f3371be5cc9874c5b7c0de62435416d97bf8884d,verify_top_up,verify_top_up,verify_top_up,true,true,0.8551096162765288,0.8529795127586922,0.8350754571050465,0.8182803738414464,both_correct
e48a4b9543513770a6aa82ac4f0d4da95972e07e42408bab9ae3b8b4dca6c334,getting_virtual_card,getting_virtual_card,getting_virtual_card,true,true,0.8528071775423304,0.7382911120659753,0.8012401422681168,0.6582128590227134,both_correct
e490a7de4f2581846f6f1978a25d12a3513bd9cdffc85afb93ba931d2005e30f,cash_withdrawal_not_recognised,cash_withdrawal_not_recognised,cash_withdrawal_not_recognised,true,true,0.18711803724060658,0.6535543705044424,0.14428596604313776,0.6057916319119565,both_correct
e496384842d095130f9a598a31103fd58da391637dde75435e4533f5eac4a6e8,supported_cards_and_currencies,supported_cards_and_currencies,supported_cards_and_currencies,true,true,0.2094488801870284,0.6077606868473476,0.10642980102277176,0.492063007032282,both_correct
e49808fd784b06d40f7b151b95172410f561bb98fbda865adc71bb7841580147,automatic_top_up,balance_not_updated_after_bank_transfer,top_up_limits,false,false,0.07086513231875037,0.349891530330388,0.007487061324586555,0.1762361820879846,both_wrong
e4ab4912505ef9b45b793926770632076bd8b964ebaa7b1d02fae597efd11b7e,contactless_not_working,contactless_not_working,contactless_not_working,true,true,0.3448173331966221,0.33390420730627757,0.27875607754555015,0.2906097233871952,both_correct
e4b70edf5b8cad26e17ff5d2bdbf813c1b597bf561beb40f08166894b7141ebd,direct_debit_payment_not_recognised,cash_withdrawal_not_recognised,cash_withdrawal_not_recognised,false,false,0.13395289439422903,0.18813720927588629,0.061920875892753954,0.01816305571539975,both_wrong
e4c9cfc80a350bfb40b3f4f4c0db9f493e40916d7c215112c92938c152bee324,balance_not_updated_after_cheque_or_cash_deposit,balance_not_updated_after_cheque_or_cash_deposit,balance_not_updated_after_cheque_or_cash_deposit,true,true,0.7875499207559729,0.6979129034526392,0.7660300234142352,0.6056838259844993,both_correct
e4d0f37a14d175f7bd3b4006e7daeeb53fac21483914b4368553ebeeb8c7ab41,verify_my_identity,verify_my_identity,verify_my_identity,true,true,0.3769988290721703,0.505820235023325,0.1145366511237832,0.18745618805203124,both_correct
e4eefd29b30811feb0f5ac3400079b1e3e995edf334a05c5378e40688fc2dc84,exchange_charge,exchange_charge,exchange_charge,true,true,0.5709805140426647,0.8208061375903338,0.4548450016477254,0.7774011533090055,both_correct
e51b64c9a6590c87e54eed83fda9a665474aeaafe4bc1b1dbb2fa1162e71ce38,top_up_by_cash_or_cheque,top_up_by_cash_or_cheque,top_up_by_cash_or_cheque,true,true,0.5448615729500575,0.7048146784262387,0.4814422493692526,0.6434361120891496,both_correct
e544abb43de6db165de7bd9c61b42e5ee7c1b6cd01ea3629c9055df3e6502582,visa_or_mastercard,visa_or_mastercard,visa_or_mastercard,true,true,0.6464148111870307,0.6280985733425758,0.6199210865097914,0.5354055098046506,both_correct
e54795432dd0b9978c4e3e05c901bc2d9a5470fb36a5c4495cb9cc60c9fb76dd,transfer_fee_charged,transfer_fee_charged,transfer_fee_charged,true,true,0.6221375001531197,0.9024116841069373,0.4754462556758577,0.8773703748838633,both_correct
e55c2854228a418bbb25ffb0667ca807f872a3b84f66876a6b2d0011cac960b7,wrong_amount_of_cash_received,declined_cash_withdrawal,declined_cash_withdrawal,false,false,0.3520674060616813,0.5079873481590128,0.2682021031046899,0.39412370666965346,both_wrong
e577b5eda8f4f482db8ccdf375f97e8bf36c0714650e367c1bbb7c66c3c56c31,atm_support,atm_support,atm_support,true,true,0.21176737757605274,0.7322757686174515,0.13755432234473539,0.6843881798702103,both_correct
e58e4ed06fae4d73a58a7aa365cb9a4c0f2da654989473399344bef5a397d42f,visa_or_mastercard,visa_or_mastercard,visa_or_mastercard,true,true,0.5379085396542258,0.8637854133071533,0.5190906337743658,0.8495845290817835,both_correct
e5a45daea1b4e86f9f1fe8cf2492e8c0f10f8cfc4067c322786379fc5560b055,passcode_forgotten,passcode_forgotten,passcode_forgotten,true,true,0.7537278486190006,0.7556938139872859,0.7434768624123207,0.7341887178473228,both_correct
e5aae4bbaca918fdb820457fbf2122d66763c87b6da81fe89284162406b9a952,getting_spare_card,getting_spare_card,getting_spare_card,true,true,0.8498701118476591,0.8857977652133646,0.8304490657964843,0.8539237976569523,both_correct
e5be1a01c771912a450fa38c366fe3a6b34b7fc02f412d920df434d2406e5449,lost_or_stolen_card,lost_or_stolen_card,lost_or_stolen_card,true,true,0.292574693750559,0.5662058964793596,0.25355154102544414,0.39846824357773825,both_correct
e5d9dec8c8858b4580ca4e558e851929f4c5fd02f4b737e1801cb012431ada27,country_support,country_support,country_support,true,true,0.6626381166325019,0.7941801050897016,0.6390817159970591,0.7367903375822016,both_correct
e5e563ca142af839d05f307f287b954119573ec218c81865b0e08d49a7d27e14,get_disposable_virtual_card,get_disposable_virtual_card,get_disposable_virtual_card,true,true,0.5794503986778814,0.6000347951481091,0.462722851894762,0.3873388729395246,both_correct
e657bb3d5b5b7b4079aa6113c1a67d1c44f7bdaabc3698ad2d5b734d07c832e2,reverted_card_payment?,reverted_card_payment?,reverted_card_payment?,true,true,0.9140883052234732,0.8111046859730716,0.8671693149823158,0.7152709876790615,both_correct
e6672cb59e7e525b6bf7fefe4d69f814887a6394419564b1ea3e9dee61b69806,lost_or_stolen_phone,lost_or_stolen_phone,lost_or_stolen_phone,true,true,0.8828576711716754,0.7812548413279413,0.8775635123719265,0.7637850991486359,both_correct
e66972396f789e416fdfa69c1086172053a380421fb71198ea0db5f8b50c4032,cancel_transfer,cancel_transfer,cancel_transfer,true,true,0.4938684457433734,0.8633463388456137,0.41647808687964444,0.8271101943994935,both_correct
e66ae944c1b1c29716d76ad14eeefcbd47fb5c2f94f7044b9275d88ea6adcdee,top_up_limits,top_up_limits,top_up_limits,true,true,0.6397315717827642,0.8154167187974177,0.595251340851314,0.7797573458793018,both_correct
e6758432feb8a2b297d3be1038ae235f0998ef4460118d08a82bb36e8dd1865d,card_arrival,card_arrival,card_arrival,true,true,0.30280931632047997,0.5805579013383811,0.17536215338709565,0.40437335093034255,both_correct
e69fe314ee3733cfc6ea3facb9c17209ee9e4917b059c6d9fbcff083ef8ef6ec,top_up_limits,top_up_limits,getting_spare_card,true,false,0.24618972288554924,0.2732980255555178,0.20290330866128098,0.020302190298281675,lexical_correct_semantic_wrong
e6b737cbfd9f46bca99c57f1d44bbda9ee70cc3dc3b09b7625634ca16ed3f15b,card_delivery_estimate,card_delivery_estimate,card_delivery_estimate,true,true,0.3706649499832015,0.5688277578806767,0.2562359435732745,0.4401476164737249,both_correct
e71ede4df398d5681e113f095028d1cffe205b24346afbdbedbc235f6f878a67,lost_or_stolen_card,lost_or_stolen_card,lost_or_stolen_card,true,true,0.6064808846650166,0.4764089621914999,0.5699570216316755,0.36726234891915943,both_correct
e749622118a012e1ee69f58d7c8318e388ef16d6cb5ce644ceda10bcf4173e65,top_up_reverted,top_up_failed,card_payment_not_recognised,false,false,0.11773915375603375,0.22754517456685264,0.023563956489145638,0.1560912386044952,both_wrong
e761d858a915eb7ab9d04e972d69cc8f6a29a9e30af00f6422466645fb8d6044,pending_cash_withdrawal,pending_cash_withdrawal,pending_cash_withdrawal,true,true,0.8871474340325425,0.8806309614950968,0.8327462056535301,0.8497774140203185,both_correct
e78f52d17832352e4b932670c173637437ea5dfe336edec0ea356af02008589f,Refund_not_showing_up,Refund_not_showing_up,Refund_not_showing_up,true,true,0.4523656809704392,0.6723159144268621,0.3119728523259331,0.4625127610236891,both_correct
e790cd299b040f19b8dbcc43ef6699e9abf98145010314e3e100878e56dacfff,transfer_into_account,transfer_into_account,transfer_into_account,true,true,0.7387182705712146,0.8781904679770303,0.7126725050652474,0.8601621709361336,both_correct
e7980aca388b3000fb546d83bce04a5d22f4850b47949321654d0bc3e3cb7d00,visa_or_mastercard,visa_or_mastercard,visa_or_mastercard,true,true,0.9373265479154961,0.9689205047539652,0.9353198799379032,0.9580354324358619,both_correct
e79e4a69747e676e8c2af09b68cd3f316af3071094f96525c288efb6ea506e8d,card_payment_wrong_exchange_rate,card_payment_wrong_exchange_rate,card_payment_wrong_exchange_rate,true,true,0.36363836147851386,0.6311593944120154,0.15832669105557343,0.5073847908916846,both_correct
e7dffdcdd336c322934aadac61678bcb9be5b3f4fc811d603d50d5191a7fe11e,card_payment_not_recognised,card_payment_not_recognised,card_payment_not_recognised,true,true,0.6953732187171334,0.6882478914223498,0.6341835553916748,0.62658692350819,both_correct
e7e0b046661ebb06fde89c991e0920ffa1452b42b84761383a24f1eece6ea8a1,pin_blocked,pin_blocked,pin_blocked,true,true,0.15794879895253333,0.33272387738695797,0.10876097931665696,0.23725765658721007,both_correct
e7e3fd151c606d29890b8627086d452af651c1aabc425b32dde2c8c9bcd706b6,beneficiary_not_allowed,beneficiary_not_allowed,beneficiary_not_allowed,true,true,0.9219806452280253,0.961694887907813,0.9092422152653771,0.9449220993471099,both_correct
e84671b249732614794a8cad27cdbf3909b55bf12208a21769da449331656a8c,transfer_not_received_by_recipient,transfer_not_received_by_recipient,transfer_not_received_by_recipient,true,true,0.25259073369738644,0.1630661214994917,0.2025484473263673,0.09279641433586602,both_correct
e85ea0961676f0a25642c3c101a73c2c95bb74874d71078fef66b2ed569f2154,compromised_card,compromised_card,compromised_card,true,true,0.3426901588791347,0.5823792179571212,0.29441242461456246,0.5194517463844294,both_correct
e864eda0c500138d0c10461aa4498f92a6a4666e5ab4c9bef60fb84afcdb5e06,pending_card_payment,pending_card_payment,pending_card_payment,true,true,0.33854363594652626,0.4088133392700689,0.21564470339897784,0.131030488512914,both_correct
e868b79982f36a30597b0389a043345ff95b002c75c205faecb45a41890653a5,country_support,country_support,country_support,true,true,0.7465972473915278,0.5636760361316149,0.7215161386209047,0.41770886440701416,both_correct
e86ca00f4d64cb17ecc88151cafe64d515b087f1aea9e019ad25dbc94a0ce5d7,pending_cash_withdrawal,pending_cash_withdrawal,pending_cash_withdrawal,true,true,0.5832061060951058,0.8430805651900755,0.49064059808961247,0.8162294439513665,both_correct
e878b6d1edccfbf49b13dca1d2da95627672d927b925d423c60e8e48031febf0,verify_my_identity,verify_my_identity,verify_my_identity,true,true,0.5506125708238198,0.7734489140909504,0.1826050435732927,0.6261503502671731,both_correct
e87cbd1b64f82ee5c59a7f63a47205f407cedea79ca2e801905fbb33afe4e3fe,why_verify_identity,why_verify_identity,why_verify_identity,true,true,0.7027712142770052,0.8309671266417977,0.5159845806399629,0.7372048182904876,both_correct
e8a15cd5685b042ac681c9ed506cf3b9dc3583eb4d4ba0242f38e51ea5b9c2ac,declined_cash_withdrawal,declined_cash_withdrawal,declined_cash_withdrawal,true,true,0.30865671999618227,0.766831415448643,0.22290287358938454,0.7212535114473545,both_correct
e8b6f046a9384d29ce1f15e566e4293cbb2577899583d0d754c17adf9bcdde02,direct_debit_payment_not_recognised,direct_debit_payment_not_recognised,direct_debit_payment_not_recognised,true,true,0.7539491626745675,0.8115297043956177,0.7339161191188209,0.7815380256048994,both_correct
e8d926f25ede1d02e81805f7c7dad3cb4f89c744ca93123c81290e4f4f05d22b,wrong_amount_of_cash_received,wrong_amount_of_cash_received,wrong_amount_of_cash_received,true,true,0.5868880654038755,0.8026017069290671,0.5570473861471829,0.7869998381098356,both_correct
e8df0121947724438481373c0d3367309b3018017060140b20db8709d274d53a,balance_not_updated_after_cheque_or_cash_deposit,balance_not_updated_after_cheque_or_cash_deposit,balance_not_updated_after_cheque_or_cash_deposit,true,true,0.7145537604052234,0.7526979271390993,0.6244506495390385,0.7027513815649421,both_correct
e8dfc7ee800ff5202416c35a3f11a13224373775bca0765b1d6c48fc9e866c0a,reverted_card_payment?,reverted_card_payment?,reverted_card_payment?,true,true,0.9084585003433088,0.7399353416652974,0.8820922414249572,0.6760694803672084,both_correct
e8e0a7c074632ecd1e76b0e0c79a2d9e68b82f97acd88c0d9d57553000614d67,top_up_by_cash_or_cheque,top_up_by_cash_or_cheque,top_up_by_cash_or_cheque,true,true,0.1950050466007112,0.5855998039919111,0.13591746168933683,0.4734446361829189,both_correct
e8e8715db77239a20669bfd0d9577397ae3623d9c1d0de7527458f4912c6facc,transaction_charged_twice,transaction_charged_twice,transaction_charged_twice,true,true,0.2964009022665006,0.6770341195801024,0.25181532936150386,0.6315444649378581,both_correct
e8fbe81b7badbf648e1520dfab54a230df2358bfd1c973e61cc57fd3279b730b,top_up_limits,top_up_limits,top_up_limits,true,true,0.865459558156303,0.9130755788268949,0.8430381920878364,0.9008499510344296,both_correct
e918063a77ad94ab47fee0b78417450254f4f17caf855a0abd8cf580375c37e2,disposable_card_limits,disposable_card_limits,disposable_card_limits,true,true,0.7483188483352136,0.9110477898305294,0.7189457177522348,0.8955867859571637,both_correct
e96980201032f45667acbce110a011910da74ea3d472bcb0ad51f030337f506b,card_linking,card_linking,card_linking,true,true,0.5558748939648803,0.8061744406837462,0.5291552071616197,0.7757100830391261,both_correct
e97011e6eba3176b4510cdd2ad518c5b4aa289fe3d575a842835126b45e69945,top_up_reverted,top_up_reverted,top_up_reverted,true,true,0.20393711173560647,0.6429627834033742,0.092274885534157,0.540278369146184,both_correct
e987a4735792feca9cd0c719c0ab645452d828393bfd4cde0fa30ffa7701664e,getting_spare_card,getting_spare_card,getting_spare_card,true,true,0.7556561799292871,0.9110988104068999,0.7425523037328475,0.8934626697151865,both_correct
e988a36fe4bcd0f7e58525bd329c0910191d94b68b1a8716a90de9f9222de8b5,disposable_card_limits,get_disposable_virtual_card,get_disposable_virtual_card,false,false,0.851808123267767,0.9030631738503541,0.7936556677669637,0.8485853725298015,both_wrong
e9a59220eaea9f389120e7a33aef8505dd69937050ee2be44bc017c86edcff5c,reverted_card_payment?,reverted_card_payment?,reverted_card_payment?,true,true,0.6835822966296164,0.7851899252918114,0.5409619001053297,0.684028911765292,both_correct
e9b82b44e2103a864be20dfe1d5c00245781f8e0b7001cf9a542ea772909ddef,top_up_by_bank_transfer_charge,top_up_by_bank_transfer_charge,top_up_by_bank_transfer_charge,true,true,0.7442226627326228,0.8026561990186644,0.7036301739305836,0.7301579180527757,both_correct
e9b9b8833010cc3863cc2639245c1a8e5db80d3f5ff505ea5b6b0df9928bdfeb,balance_not_updated_after_bank_transfer,balance_not_updated_after_bank_transfer,balance_not_updated_after_bank_transfer,true,true,0.5521711056301205,0.6009230006569587,0.49669475771598326,0.5414540436407644,both_correct
e9ba9f5b02699f8eb776f65ff893be8df7fba59384e6d07ba88e428ce174fe3c,verify_source_of_funds,verify_source_of_funds,verify_source_of_funds,true,true,0.6095329092314437,0.8590785738819067,0.5749780458446545,0.8410632781320497,both_correct
e9bf1fd101543f518f3623a0cc876fa5c0430b33c9cf243ceb2392dbe42be578,failed_transfer,failed_transfer,failed_transfer,true,true,0.20755409664417046,0.27318865537738235,0.04740313129988338,0.16498831493765714,both_correct
e9ca7917965ef1915f1203260d6f62927853a2ebabddcd40714a88f0a2be51b3,order_physical_card,order_physical_card,order_physical_card,true,true,0.47734472499157354,0.5661859687368065,0.44461128288277213,0.48441761507378106,both_correct
e9eac36fa1cd610e3c118cbe5deb55ee9aed704777b1db02ce4b665ec18af165,passcode_forgotten,passcode_forgotten,passcode_forgotten,true,true,0.30481602231929916,0.43710480426754633,0.21226002899398225,0.3234391901185434,both_correct
e9f68ba64c7419989f3c49a0970d09002ff1d721a5f33ca4513e06c0d0a484be,contactless_not_working,contactless_not_working,contactless_not_working,true,true,0.3239695103179687,0.2572801200086665,0.2676492864271443,0.1488031212404069,both_correct
ea2a7d304fc5bef57b8117876a65acb0324d5f8dd8a98077629e5939b2196c4e,get_physical_card,get_physical_card,get_physical_card,true,true,0.25388119379687085,0.6968840497267914,0.14318318057918591,0.6248016433278313,both_correct
ea32ac0cd947456add0680d7df91bf96d028ff7e41a0c423af4935d801ba306a,declined_transfer,declined_transfer,declined_transfer,true,true,0.7429812097404375,0.8599686206242032,0.68569127959595,0.8182940271149232,both_correct
ea46b54696abaa9e66050b2e038f58713859b9ae0e39a3a024b3148a37e15501,pin_blocked,pin_blocked,pin_blocked,true,true,0.1374505867047023,0.2632644606447254,0.08728591545836056,0.17521395837728662,both_correct
ea60b60e87347cb55bb6161a7f3794a4a5ad83c68ee844db734f5c484869f226,card_payment_not_recognised,card_payment_not_recognised,card_payment_not_recognised,true,true,0.1581606784336784,0.16928688602938152,0.0711711749472328,0.09419139981645357,both_correct
ea69f4791eb631b8b0ec6dab347deb91087e697f40b426e0003c698a567a15e4,lost_or_stolen_phone,lost_or_stolen_phone,lost_or_stolen_phone,true,true,0.6054954890430665,0.884062520224103,0.5736525242671795,0.868523585456185,both_correct
ea7c283c8cbca7abd1f719aa87f634f92e0dd14b802138ec98c82d848bb38207,contactless_not_working,contactless_not_working,contactless_not_working,true,true,0.40723191204275416,0.804425381074644,0.32137710983815837,0.774514654804739,both_correct
ea7db12ae82caf5774b102f976b9aa34f6840196c931a442c448ec556d193c6e,getting_virtual_card,getting_virtual_card,getting_virtual_card,true,true,0.8067473117906804,0.8394641850430726,0.7419094304807246,0.7832832131293004,both_correct
ea87230cec4b22f530d8f864a3a842f9e60ad8b92e03635260420a348fdfaedc,top_up_limits,top_up_limits,top_up_limits,true,true,0.7001329847835187,0.812834085616444,0.6613655944248777,0.753385811051788,both_correct
ea87f8d280cef7970f17378962888fa971c866bab3f252af2a179b71d05c11b5,exchange_charge,exchange_charge,exchange_charge,true,true,0.8805077944335372,0.7629728938787417,0.8710781523675942,0.6927628384122962,both_correct
eabd9c22c9c3071b39f0d92b3176b8f951b105412438f8d63614607d866dada8,request_refund,Refund_not_showing_up,request_refund,false,true,0.7304501019951516,0.6766438151883111,0.48272760421441757,0.42501025402382464,lexical_wrong_semantic_correct
eae3cd97491ea4864f70fa59cff3048d2b565a88bed521184b70c0f86797ba2f,wrong_exchange_rate_for_cash_withdrawal,wrong_exchange_rate_for_cash_withdrawal,wrong_exchange_rate_for_cash_withdrawal,true,true,0.43633939929377813,0.761132160705818,0.06459929715008617,0.6045239713764327,both_correct
eae788e56290b8faf5dc855e008552308eabd97130458ab1b369eeaa515c991c,cash_withdrawal_not_recognised,cash_withdrawal_not_recognised,cash_withdrawal_not_recognised,true,true,0.3468402325996646,0.5363508521950401,0.2266095169512562,0.4286675173313441,both_correct
eaea890433086c354d96f700cef8086a41a5c655a8e6738c24f29e5cf16616d2,wrong_exchange_rate_for_cash_withdrawal,wrong_exchange_rate_for_cash_withdrawal,wrong_exchange_rate_for_cash_withdrawal,true,true,0.4579322335836155,0.744823759996166,0.1951376933731107,0.6626207030919751,both_correct
eb1f6b7cc7acd66feaf0226e6ea40fbc25a12bab2a96068164ed91a556149ec0,cash_withdrawal_not_recognised,cash_withdrawal_not_recognised,cash_withdrawal_not_recognised,true,true,0.6451719581761594,0.5501512622361321,0.5279960197154451,0.3938698345655314,both_correct
eb22bd2b03f7939e61d0846ee716f8a881955c0b3e3eaa17c25a4bfbca2f88df,Refund_not_showing_up,Refund_not_showing_up,Refund_not_showing_up,true,true,0.5651658826458716,0.9091371843634299,0.48692638030912405,0.8899744906867146,both_correct
eb3173a14eb33ac06b32386920888f9fa20ed7add07889384e072f23c1ffeebf,Refund_not_showing_up,Refund_not_showing_up,Refund_not_showing_up,true,true,0.8487404136602639,0.7207813407174987,0.8017955031886512,0.595076657771263,both_correct
eb4d1e349052c841b0334664cb135629bc0ad2f9472781cc55dd5bb360f78a4a,failed_transfer,failed_transfer,failed_transfer,true,true,0.13582708771070076,0.7661255007288948,0.06859916666597139,0.6867439627925006,both_correct
eb52b5cbf40817478a7441643e514c90a34fa27040b8af356815ed613f3d17b7,getting_spare_card,getting_spare_card,getting_spare_card,true,true,0.137265022812069,0.6534114622931276,0.04113715737067493,0.5971453339225806,both_correct
eb5b247247a516035c1d4442030b972c8374e625c8ee9b50e969ba059582fe63,age_limit,age_limit,age_limit,true,true,0.3468947967922902,0.9116431094799003,0.3146789419397566,0.9038407355799845,both_correct
eb89bc756873ed71fb4fe3c74539ce26815ac70b8e8e54838769299c2fcaaebd,visa_or_mastercard,visa_or_mastercard,visa_or_mastercard,true,true,0.969853070883773,0.8558553192301817,0.9667881503220586,0.8026642678761317,both_correct
eb94e36a3c143fa68a4de70f4f3bbb23221a521c403e4523f67a60aa2199f234,getting_virtual_card,getting_virtual_card,getting_virtual_card,true,true,0.8058819587377251,0.8140718411601137,0.7287036111433076,0.7285244708172076,both_correct
eb94f40d6d42ddc67bf4572505d1cfb72f990e10d81b0ba305799806e3bb7d77,extra_charge_on_statement,extra_charge_on_statement,card_payment_fee_charged,true,false,0.3897983345517447,0.29114441165603827,0.320471459945581,0.016073080054999023,lexical_correct_semantic_wrong
eb95e804934c013cf91028c151ecc639b6d903a7e62f85bdbf0735f38f2e7247,activate_my_card,lost_or_stolen_card,lost_or_stolen_card,false,false,0.12639322075734574,0.23407963539346544,0.0717724455022968,0.05495497307314742,both_wrong
eb9e4170e6decb926ffa52d3ba83d557b4afbb3444b1b91770b1a180d4a77935,exchange_via_app,exchange_via_app,exchange_via_app,true,true,0.22095173008911653,0.5178414255211685,0.15529787031344608,0.44849780439025577,both_correct
ebb0c42baa381760148d9d7c48ba46e6ddd73bcc6ab88592f33adaf3a22fad3e,transfer_timing,transfer_timing,transfer_timing,true,true,0.36854086339209513,0.4742442536233368,0.2385444984172536,0.1259341507778618,both_correct
ebbc1e3b7362717c0d76b4d4398adfd76c6c9e02642819e6bfb53f44b51c1532,verify_my_identity,verify_my_identity,verify_my_identity,true,true,0.5624269060308552,0.7998311360394547,0.4927133405478936,0.6682342663859655,both_correct
ebe8fefb9cd9427516b35d4e872709295e5422cb6e60fb5d4a19a91ecbbb1f37,cancel_transfer,cancel_transfer,cancel_transfer,true,true,0.8702630899260211,0.8241286568158496,0.8512754996327505,0.777654510145759,both_correct
ec47a93f3a4b6481eea98b3bb6a18833e20e17ca20c53216bca40382d4a82128,balance_not_updated_after_cheque_or_cash_deposit,balance_not_updated_after_cheque_or_cash_deposit,balance_not_updated_after_cheque_or_cash_deposit,true,true,0.8899527666386994,0.851180737677332,0.86648929666377,0.8263636894000885,both_correct
ec628760ccdeac4d77617174e4c410ae0993648e028b7be398e7f86457a47667,atm_support,atm_support,atm_support,true,true,0.3845286025022427,0.7400647922846486,0.31120331473394586,0.7003350795316002,both_correct
ec7aa8065de5103476906f0db7e281719b39465086db5ddab5d1320e2ac7abdc,pending_transfer,transfer_timing,transfer_timing,false,false,0.31031232578826257,0.3540746185025658,0.1725137658238821,0.10746636585217101,both_wrong
ec8cc070bdd16e7e8a8141161e68d6fed7444dc34d1f12ecd4b11d0a570c857a,fiat_currency_support,fiat_currency_support,fiat_currency_support,true,true,0.8605141120525271,0.742409392292412,0.8452782506212473,0.6685691210635688,both_correct
ecc626889094c4835b8dce922b94982c68555b4ce49351bbe991e56188f4d6cb,card_acceptance,card_not_working,card_not_working,false,false,0.3142242845798378,0.10796184960959464,0.060808194977606145,0.018234272911988952,both_wrong
ecc9842c4d28d60b0fd33dba97dbb9c817ba3ef416b788d978d342310394d182,pin_blocked,get_physical_card,change_pin,false,false,0.6870979451172828,0.4362120363046374,0.5516371968495732,0.2108585320143788,both_wrong
ece159dedc9ef4a5c1314693da34588048ec1c2fafac26076c36da467a8f178e,failed_transfer,failed_transfer,failed_transfer,true,true,0.3192205096624823,0.6200603813689219,0.1916086086106522,0.48918666026887603,both_correct
ecf8191a00fb3d25821d0f68d64e154f90f4fd7966a1874551a8d10f63ec0277,passcode_forgotten,passcode_forgotten,passcode_forgotten,true,true,0.7265751683327126,0.9042076216832432,0.7183588004111257,0.8824213602664128,both_correct
ecfc8a80b12dc60da771cbfff0daad750c91c15139aae1f067f314b509640f83,supported_cards_and_currencies,supported_cards_and_currencies,supported_cards_and_currencies,true,true,0.5765926271490837,0.534880123368896,0.47783666252305734,0.32789864743170505,both_correct
ed0403afd896c0db610898408c45860dddee6093f0c6398866becaa87fb8fd4d,get_physical_card,get_physical_card,get_physical_card,true,true,0.49536878846272697,0.3293143747370527,0.29261790970306734,0.18999211873300317,both_correct
ed0ad373d4e8928bb04f4a60a3e4e992a753bb0236ac6d11d0f9d204457c659b,country_support,country_support,country_support,true,true,0.8064771477495976,0.738659654927709,0.7918833878265438,0.6529464911651873,both_correct
ed0b2af268e28479a1774dd9a1b05a1844d6935277a71682a3aae8be880b8411,contactless_not_working,card_not_working,contactless_not_working,false,true,0.1601201748152351,0.19979843762599975,0.10969119725839907,0.05234298651462266,lexical_wrong_semantic_correct
ed2a90fc8557119c80efd1deb057577b327717701b12a209d9539271e5902d2a,receiving_money,receiving_money,receiving_money,true,true,0.5215546034757234,0.7016135299380931,0.43327371978302703,0.6575685468073837,both_correct
ed413d8f67d886ffcd4cbefab9221a52f6245fcef2b9fa27cdd3aa6ac0f1a271,fiat_currency_support,exchange_charge,supported_cards_and_currencies,false,false,0.08731314734705888,0.21079863840935406,0.005442491074981376,0.024887488072980135,both_wrong
ed61bc681b5f193a792b0bfce2e701756890796cfd7e771a027c79f75298a5a0,card_arrival,card_arrival,card_arrival,true,true,0.7754984148994581,0.7527143266493386,0.7589507381506904,0.7263839450590155,both_correct
ed850fbca722a2ef1072365c6254be2940e0bca2b854ee351d99a46a395a2b3e,activate_my_card,activate_my_card,activate_my_card,true,true,0.5265222974141142,0.7929108018731112,0.5015159545653053,0.7688114643508206,both_correct
ed8d967bb888e8c3c8011f654aa7e5ef9f8afb00fa3009ca40961e96bbd230f2,country_support,country_support,country_support,true,true,0.5914043204610018,0.7347472961453547,0.5743060121881118,0.6902902527037857,both_correct
eda6e230efceacc31c274582b632641720d29b8f25269731340c986ea8904f94,cash_withdrawal_charge,cash_withdrawal_charge,cash_withdrawal_charge,true,true,0.594271264361045,0.7953952291428189,0.5546377877999586,0.7427954977423458,both_correct
edc21bcfe73c16d988c2e0ff58cc9c65ffc553cbb22405a1619916d78f233825,exchange_via_app,exchange_via_app,exchange_via_app,true,true,0.7997854463388969,0.8964598410963535,0.7847900298680619,0.8766182584723992,both_correct
edc537d3dfbe41d5da444445f3ac502bb9850da3529be9d37e964f49a486df59,direct_debit_payment_not_recognised,direct_debit_payment_not_recognised,direct_debit_payment_not_recognised,true,true,0.48938876604248205,0.847199809991024,0.3010165737629188,0.822215384185897,both_correct
edd3194dd308990a6be30e784aa089b6ca9298c1b748a50bd01076a299289e6c,top_up_by_card_charge,top_up_by_card_charge,top_up_by_card_charge,true,true,0.7894163593346878,0.8076666608376993,0.7419564075139939,0.7890979126471594,both_correct
ee03d8da6caf9ac637912a9126fdd112d849bf69eddcc03763a042e6916860f0,compromised_card,terminate_account,compromised_card,false,true,0.03613861197093547,0.3861214139385551,0.0024177251245256146,0.26923950525509965,lexical_wrong_semantic_correct
ee27687cee8a4c39299cb6c0ce35e1587debf353201a9731139e044faf058a18,wrong_exchange_rate_for_cash_withdrawal,wrong_exchange_rate_for_cash_withdrawal,wrong_exchange_rate_for_cash_withdrawal,true,true,0.7422497561302744,0.8421933290251526,0.6808676670240603,0.7935670905966847,both_correct
ee283d4cb046c456b76e0b62f996f282e6677abb31112eead036906153c80619,transfer_into_account,transfer_into_account,transfer_into_account,true,true,0.3542090612983345,0.8329242865959358,0.30571014244049943,0.8146647635074712,both_correct
ee486a192e2a3d5f9114d972b196fd959390c8497edbd620fda97acb9b60fa9c,card_not_working,card_not_working,card_not_working,true,true,0.2677733375202345,0.2954175173090895,0.2177241151138155,0.18462778982012318,both_correct
ee6463f9571556ac5be4054ac4c47705cce1fc98949b1f0d61b699e42988a09b,top_up_failed,top_up_failed,top_up_failed,true,true,0.4107691953924495,0.5347237018527142,0.32206177592248153,0.3735681609367189,both_correct
ee6474bb44dd46458fff2ca9b32882593c6a63224373eda8ea597a46d1a67e6b,card_payment_not_recognised,card_payment_not_recognised,card_payment_not_recognised,true,true,0.5016849450560313,0.5751173133526168,0.3797842306920397,0.4683491642051756,both_correct
ee78d59049ba0eacabb313bced96204e709d0823944663640eb39d98dc707383,activate_my_card,activate_my_card,card_linking,true,false,0.18432975578535585,0.37941835788721834,0.03872253093382558,0.16883439971381345,lexical_correct_semantic_wrong
ee790e5550ca27944bafb79409ef447a7b5dac355d4591ccf15f2813cf08214f,card_payment_fee_charged,card_payment_fee_charged,card_payment_fee_charged,true,true,0.8735638455118523,0.6972936045771576,0.8576710297846369,0.6309785149409672,both_correct
ee828ced4431ca89b471056210db8487308c6c7b6cb8bbd02e9c2bb45d3c426a,exchange_rate,exchange_rate,exchange_rate,true,true,0.7240339708496495,0.8516501120971086,0.608895915450847,0.8031056372681633,both_correct
ee8e9393fb502bd04233235c3994893ff768379c7b7326076dfd8bb908697d51,verify_my_identity,verify_my_identity,verify_my_identity,true,true,0.7399377624731301,0.7097634518865935,0.5724392829884459,0.5716480439290305,both_correct
eead5606ba03634daf2c2d056dcae7604f5e63f473769276dcc0fc0cb56b340f,balance_not_updated_after_cheque_or_cash_deposit,balance_not_updated_after_cheque_or_cash_deposit,declined_cash_withdrawal,true,false,0.11776729206747434,0.4126196292948866,0.04200904960607593,0.1520310113806111,lexical_correct_semantic_wrong
eeb29b2da728b54e8b49f0a94e8e8b714990b71dbc7d8e3422d85d23a5ca52ea,top_up_by_cash_or_cheque,supported_cards_and_currencies,top_up_by_cash_or_cheque,false,true,0.14620712247512513,0.36538722521602784,0.04781884837449189,0.25872857388338205,lexical_wrong_semantic_correct
ef0771ee7691f032f986c216fe94f54e1528bb21c0ef326ac6cb605728cb5e73,failed_transfer,failed_transfer,failed_transfer,true,true,0.2975880076423885,0.5578437519346527,0.11791666906280943,0.3883572631843448,both_correct
ef238c5a9a119703d529092d66e60cdb60e2991411b65d7068f3fe01927932d9,verify_my_identity,why_verify_identity,verify_my_identity,false,true,0.40372395383749,0.7781869443126218,0.1965923989902969,0.6571056385433344,lexical_wrong_semantic_correct
ef24c6625ca7f9706ec6402934c503d572136d21a647b91f1e007b99fb491bb2,top_up_failed,top_up_failed,top_up_failed,true,true,0.3744054348957871,0.5841813038764031,0.2663777776837254,0.36835335520731394,both_correct
ef2815154ef56b7acbbf89d894d38f82349dd6464399f53433f0a624c476074f,beneficiary_not_allowed,beneficiary_not_allowed,beneficiary_not_allowed,true,true,0.5620717186867014,0.6870667347305188,0.5105810662804254,0.5638006359472403,both_correct
ef2b60435b4aa474c9223991ecc2429eb1e7eefb5b1246c0ac9414e5ad652dbe,order_physical_card,getting_virtual_card,getting_virtual_card,false,false,0.4379513972413651,0.5907678867404483,0.35968511683927185,0.4743507528248581,both_wrong
ef39ef3bafe769b18f5d9fe9319ed598a648e78a851c959718456a0f77518bde,lost_or_stolen_phone,lost_or_stolen_phone,lost_or_stolen_phone,true,true,0.7491763435841248,0.9535383552474581,0.7217003374725018,0.9382222157301026,both_correct
ef41308c88be0fed35674efb41248e015fa1230171db8d56aaa59c9a5e75526d,pin_blocked,pin_blocked,pin_blocked,true,true,0.31904619786550587,0.6385192283816502,0.03704929684156477,0.4815151251656725,both_correct
ef6a225236a45cc2488a62adbac97eb2973cd02e656b6c7cef663e3aa7fb2b68,card_arrival,card_arrival,card_arrival,true,true,0.7205554138141838,0.7259782304502604,0.6838001945710867,0.7017896378425376,both_correct
ef8690790358ee3d054f60172b9e8cbdfb8cae3614e96690cbedfd460cdb4608,declined_transfer,declined_transfer,declined_transfer,true,true,0.8900729177986445,0.8215627821844432,0.8611701085546872,0.7864485191897012,both_correct
ef8fb6b32aa188a070939ff8f44a7adae63c368c989491bd8d8fce72e08cf062,exchange_charge,exchange_charge,exchange_charge,true,true,0.41742606433311724,0.7829429256437147,0.31315701013560876,0.7462523539221986,both_correct
efbf6586ca932b1704bb867d506140e5ace363045629ec2bedff2d7fbcb5c8d7,declined_cash_withdrawal,declined_cash_withdrawal,declined_cash_withdrawal,true,true,0.7937155678553623,0.8640773402216279,0.7555610659107306,0.8353251956351015,both_correct
efe08914ad867fe61f2e888b82f164037ab88a88f432fe90593a749105135dd8,card_acceptance,order_physical_card,card_acceptance,false,true,0.0667782573851276,0.14587497900198523,0.015371702367689921,0.05077341412700659,lexical_wrong_semantic_correct
eff463a699c0565161467ebad744789b1f022bde7acd200e3c0dd6b9f48ebd6c,lost_or_stolen_card,lost_or_stolen_card,lost_or_stolen_card,true,true,0.32994883362659555,0.3080471508339173,0.2579893480180811,0.17915282750067396,both_correct
effa3279def321347a31406fbf9ad3750087870a1c3e1d1824819a69a1b6c63a,wrong_amount_of_cash_received,wrong_amount_of_cash_received,wrong_amount_of_cash_received,true,true,0.845683139940986,0.8428400651834383,0.8289039053164683,0.8065647189401574,both_correct
f00380fba075070b9999095550a5b04eebe8ca631a73a5f32675a36cece2c177,top_up_limits,top_up_limits,top_up_limits,true,true,0.06592764946157875,0.40601847394567525,0.02833487767021351,0.32518653008412923,both_correct
f031bcfc974f914e8218f82f714f24e82a43fb5c7fc2ba4ffb9ddcc4c7842c98,card_payment_not_recognised,card_payment_not_recognised,card_payment_not_recognised,true,true,0.7079240932568691,0.6687603057778837,0.6683856648424128,0.5955035659375667,both_correct
f033c845cb857b1283f1223722afe8358f2abb308745a1e52562e579f03ab529,getting_spare_card,getting_spare_card,getting_spare_card,true,true,0.22164975305981927,0.22456659040706195,0.16366766822225653,0.02505091887816066,both_correct
f045be613c4c6ea3fc5e3ef8f3f3909e697442f8f1f7ad9afbb1c2481a8664c0,card_payment_wrong_exchange_rate,card_payment_wrong_exchange_rate,card_payment_wrong_exchange_rate,true,true,0.8768095003480575,0.9160893121558362,0.8390056436080492,0.877555822952541,both_correct
f05c4bcaf030dd526348648f347d49e7ec1bda0516c44af2b710792118f2f28c,change_pin,change_pin,change_pin,true,true,0.7932388411877203,0.8900944997840163,0.7722040867649251,0.8718252779273138,both_correct
f07149d40523b61ac700c0b25df019505036a9586b7ee7a40fbde38b6b3b4a81,getting_virtual_card,getting_virtual_card,getting_virtual_card,true,true,0.2298078598616365,0.5455507274304933,0.15291429807930074,0.3410688859127402,both_correct
f092f865aae26f952bdf6e62989124644efaa560db0dceb41c5727b8f0cec6d2,card_linking,card_linking,card_linking,true,true,0.41805799868203886,0.5420541037664653,0.38180959781248774,0.47386094331109924,both_correct
f0a7ef3d5751b5da4f593c683b6e1aca0e90b4a3f315809a61e5456d907b0c48,terminate_account,terminate_account,terminate_account,true,true,0.7267503381252469,0.6598073294798371,0.7036099442612634,0.6224919154669812,both_correct
f1081add0fa3218360076ecfd561cc25426b3d5dd88fb9acda6f44ee56baac73,terminate_account,terminate_account,terminate_account,true,true,0.6519560362105131,0.8914028736292685,0.6371036669360061,0.869373201928504,both_correct
f10dc5d4aa7329adb160a97c1bdcf91bb97e2b20e78238e35bae2f468b9c2205,supported_cards_and_currencies,supported_cards_and_currencies,supported_cards_and_currencies,true,true,0.28408699696931655,0.6246908115158741,0.18650457839534887,0.5184726934715969,both_correct
f110a619437eddc4bd065862076f251316b62e67d6ee3694a5f5d9fed48f8441,failed_transfer,failed_transfer,failed_transfer,true,true,0.42406602623810136,0.26314849863730555,0.319508683759966,0.11434427509853587,both_correct
f1115b8b4ede3bc0d60229ef7f443e92824ecb230f73dbe714a84782b89c7c1d,beneficiary_not_allowed,beneficiary_not_allowed,beneficiary_not_allowed,true,true,0.37285923561953943,0.7813423387852102,0.2907690197648075,0.7367014166518803,both_correct
f114d7f0a0b057ea4b622c90ecc389925c93eba827994852147c4e2001c5cebe,transfer_not_received_by_recipient,transfer_not_received_by_recipient,transfer_not_received_by_recipient,true,true,0.3822710828156445,0.3279847579485879,0.32068456027474435,0.1521386503061519,both_correct
f1660d103603a709181206de4dbf5de2bdf34c6d8c0daee109413a506e484d3b,automatic_top_up,automatic_top_up,automatic_top_up,true,true,0.9024922203809994,0.9264792310672784,0.8946445913993183,0.9137408511907944,both_correct
f18adf73d72d533eca7461e2217ad81b92a639d7d91be9bfeeeac5eb289093ec,pin_blocked,pin_blocked,pin_blocked,true,true,0.4370540111039302,0.7240114223728084,0.33479695022565226,0.6783718234731176,both_correct
f1a29572db7ac8d96df429794308d631d97cf67a307e9c6e097dfb3634bbf954,beneficiary_not_allowed,balance_not_updated_after_bank_transfer,beneficiary_not_allowed,false,true,0.07745421032137052,0.6508325904304594,0.01688062216669347,0.5419121347384677,lexical_wrong_semantic_correct
f1a4ac9b9c49477f0b6adaa0cbd0df6e8c388e410453118222fe47f79330fca0,card_delivery_estimate,card_delivery_estimate,card_delivery_estimate,true,true,0.48004302980739316,0.6789001347246486,0.3733947857359444,0.5105293774389424,both_correct
f1a642c89e8959a6ca03097e62e49fe2bba8246082101742ac935646f2496dc5,pin_blocked,pin_blocked,pin_blocked,true,true,0.9115956417898102,0.9505564722427399,0.8633855029279044,0.9403313267864656,both_correct
f1b078956ca5230081c3421eff261d9c0afc725338802ebee1fbd519f6889de3,card_payment_not_recognised,card_payment_not_recognised,card_payment_not_recognised,true,true,0.17600004157512558,0.3741062184056204,0.13160022430259516,0.23448958947550463,both_correct
f1c0a5774fa036eff515412411694956843316e660f436de74d73483652020f1,card_delivery_estimate,card_delivery_estimate,card_delivery_estimate,true,true,0.21139548395390997,0.34636369973287795,0.16275924273251405,0.25344428128571844,both_correct
f1c2285a24a687047c2711a6400d10598dffe1af2ff7720cb66196c20b2120c7,failed_transfer,failed_transfer,failed_transfer,true,true,0.26526647896370575,0.5948272757012549,0.20829361275283595,0.49257062277109387,both_correct
f1ccf94e6e6ecea2367b30c0d1a29b7b29bf53227e6c28e5ecc5cc512550d9bb,card_linking,card_linking,card_linking,true,true,0.8717457270452434,0.8641313638082339,0.8608771714027108,0.8526579892208781,both_correct
f203df9a5b2dece9c4c91c734ca489d21d328fc89951fafde90c09bbe783c4c7,verify_my_identity,verify_my_identity,verify_my_identity,true,true,0.17173717732568622,0.4222618807320993,0.12320753293842834,0.2550316416947833,both_correct
f206f2076e35d5c83302120ea18d80a199004ad523897472b5d731268b9f82d2,top_up_failed,top_up_failed,top_up_failed,true,true,0.6973337901196538,0.7766530013048591,0.6475684750739961,0.6775295617435243,both_correct
f21e8b52ab2fa743aedb59b6cf0a15972950c7164c4916ab8b78e92f697c1ea6,passcode_forgotten,passcode_forgotten,passcode_forgotten,true,true,0.4270951409024317,0.4179647011710735,0.37775747813231186,0.28301345406162637,both_correct
f255269ef82be5070d572e3f81cb118bdfee035d4eb8148972c6db6d1b06fe03,transfer_into_account,transfer_into_account,transfer_into_account,true,true,0.42182867336861773,0.34003745550179604,0.390559107216694,0.26598081410679175,both_correct
f264dca148ab31c1272be479c477b31f97e1f27745002030bca873ab891d5ce7,top_up_by_card_charge,top_up_by_card_charge,top_up_by_card_charge,true,true,0.5982150160580718,0.8023188762696325,0.5675837939230457,0.771157113958538,both_correct
f2781e87cbf6322539435d2cd01ed596ea32572bcd335f2306df2ab7f80e1cc0,card_not_working,card_not_working,card_not_working,true,true,0.48722174161433973,0.5985464373655132,0.42190811902247555,0.5444709984676142,both_correct
f287ad8571340c5b78a10482fd1b25c0c33e1cbb20552b8617248db809f8e5a6,visa_or_mastercard,visa_or_mastercard,visa_or_mastercard,true,true,0.9718198276924683,0.862830396048637,0.9705874095080619,0.8186631754328142,both_correct
f2956e172a55f7c5ec3332c8b40d82fc57849114696dd0b14d6c6a293dc909ad,why_verify_identity,verify_my_identity,why_verify_identity,false,true,0.4393576853755283,0.5941611091173528,0.10683022028959,0.3311562770533076,lexical_wrong_semantic_correct
f29dbbb745b186441f0f132b4ad362269538026249f0bbb0255f7ef982795889,verify_my_identity,why_verify_identity,verify_my_identity,false,true,0.28111403037096366,0.5716181741940468,0.21530355060791034,0.3723121430821704,lexical_wrong_semantic_correct
f29e233d21f3fb9598ed667db5ca3bcb3c72b27d43b079569891e3306a681c81,card_arrival,card_arrival,card_arrival,true,true,0.4753077178062378,0.4845887180738713,0.34802711784586904,0.2207518909209949,both_correct
f29fa49825cb8c5650291db4c7e36acbf98495a3e6693222bf2a90cba28d58c6,verify_top_up,verify_top_up,verify_top_up,true,true,0.8802830095111487,0.8720910756149033,0.8681600769517682,0.8626138567933084,both_correct
f2d7068cbc74e8aadea4b044a5495baee0181938dae328c028cc60b79d190502,cancel_transfer,cancel_transfer,cancel_transfer,true,true,0.9522756852762813,0.8590992879851196,0.9421394181889334,0.815807290054655,both_correct
f2dabaeae25a7f6fb023f6965d680ad704336b18fe728f04760f99453e174c4f,card_about_to_expire,card_about_to_expire,card_about_to_expire,true,true,0.44491033705395894,0.8426361624500215,0.4158007746198844,0.8224314466688709,both_correct
f2deeec50aaa4ae1a84f970da8da34165c0f719ee6c24a2cd9934e571a4f2b3b,disposable_card_limits,disposable_card_limits,disposable_card_limits,true,true,0.8880024739219821,0.9329124175244059,0.8675698752726246,0.9036097133249714,both_correct
f2e0e284fd39cea7003ed29216749af3a4ac54ff01398e90bcfbfd927bc2f5f2,top_up_by_card_charge,top_up_by_card_charge,top_up_by_card_charge,true,true,0.472022598100702,0.6306511069788797,0.3434330106751449,0.5456171397499702,both_correct
f2f053d186b944e5841bb59d2fba26a9395d4d58cd4121b5177e84a0590204e0,exchange_via_app,exchange_via_app,exchange_via_app,true,true,0.6987271319526422,0.7164696951693073,0.6777510757115537,0.6743619018241424,both_correct
f310b425d1045ade886e29583020c7685b843f4fc86131c0ca73ecce9c9dc074,topping_up_by_card,topping_up_by_card,topping_up_by_card,true,true,0.33027363454462494,0.5941894771950115,0.20469507158194197,0.47719108309897984,both_correct
f328b2ca9a5ce9d4c43e8d3724190d849446f4dddcb968141f8077801097ba91,lost_or_stolen_phone,lost_or_stolen_phone,lost_or_stolen_phone,true,true,0.26383703515387846,0.33942372278820554,0.20013055452107414,0.1898753285032839,both_correct
f3369b2549d7cbe279a99c15836d28e2bfb00e43c8b9237a53788862320fe4b6,transfer_not_received_by_recipient,transfer_not_received_by_recipient,transfer_not_received_by_recipient,true,true,0.6155201507031541,0.7858271202964091,0.5580733126805081,0.7126861932856843,both_correct
f33b3a8dce830154109c05d4d7faaab4f6c5a12bf816241df1bf9ffa326ba7f3,balance_not_updated_after_bank_transfer,balance_not_updated_after_bank_transfer,balance_not_updated_after_bank_transfer,true,true,0.5330792726361129,0.611618289153429,0.48382691162092406,0.38826489124358265,both_correct
f364c2f03ebd45a95d93b45d036f5c9adb8fd3a3244e16057a2b7b19f381daea,disposable_card_limits,getting_virtual_card,disposable_card_limits,false,true,0.35238514694957795,0.42166032618675414,0.23439586587223737,0.23100275249100957,lexical_wrong_semantic_correct
f382885e17468620e40ffd3c82b27b412b72f6f3f9e0d015ade8e21b014c8e0e,fiat_currency_support,fiat_currency_support,fiat_currency_support,true,true,0.5247542554533395,0.32509966493240633,0.3123021850178948,0.08012825516652686,both_correct
f3ab1ec2e8a267ade5c7e6c41da23aa7ad5bd3f9af6eeebc6a332cb7d2235f2b,Refund_not_showing_up,Refund_not_showing_up,Refund_not_showing_up,true,true,0.4469986187985336,0.5221689453963584,0.3773295948160411,0.4555172253542817,both_correct
f3c8a353789cdbf0c38c160c530e2ff9c91feec99c75bc8c9eaa64d2ca30b39e,balance_not_updated_after_bank_transfer,balance_not_updated_after_bank_transfer,balance_not_updated_after_bank_transfer,true,true,0.7501053774196366,0.7366601416835533,0.7290928892107043,0.7024736672176118,both_correct
f3cfb45418275107cf292c0eeabfc8c7026cdc095ee1fd5c3a19082cac01f29c,card_arrival,card_arrival,card_arrival,true,true,0.17279432899923478,0.2538289131133339,0.10257149030694176,0.06113601475386818,both_correct
f3d945f70fbce365b244f4d8dd047b8501d3cc5fd069e65e890663afc3ef250f,pending_transfer,pending_transfer,pending_transfer,true,true,0.7183883009458244,0.7201017366106187,0.6924959379440365,0.6510757136682539,both_correct
f3ded26bc51a3a1f4fd91a3512eb81ee4c4aae4cdf8ff28565c656ac819aa782,unable_to_verify_identity,unable_to_verify_identity,unable_to_verify_identity,true,true,0.19953849661927386,0.7007648114832283,0.16847559231173903,0.6282815041099572,both_correct
f3f2ac7b831c1e5bfed3af47588e23ccd322dc75a077067ed17715f1cd1af6c6,request_refund,request_refund,request_refund,true,true,0.16374299776225976,0.37210699223011534,0.09609406174484475,0.2957501480543752,both_correct
f3f300c4db803658cc7c55ad03713f0657e9da00bb52d4c0a264ac4877715f8c,compromised_card,compromised_card,compromised_card,true,true,0.7507664104835539,0.6371546601772857,0.6920332364000701,0.5807737486339467,both_correct
f3f75573280d10433ac000f0b841cf0064215c5347e4f049592453a503c5a3d5,card_swallowed,card_swallowed,card_swallowed,true,true,0.642478578971449,0.48878060508544924,0.5964084495666379,0.4266377468692006,both_correct
f3ff7ec3f4ca7ff22b37480941e8ddb2d975dcced35c9434e67da917d3f969c5,card_arrival,card_arrival,card_arrival,true,true,0.2116267193604026,0.4843894465759798,0.03297226905219336,0.11787294233473833,both_correct
f41578323c63af9f0b68f5e55758dd7961b9e3f16fed80470593a934d30b4aee,top_up_by_cash_or_cheque,top_up_by_cash_or_cheque,top_up_by_cash_or_cheque,true,true,0.6286933457404911,0.6225053741075014,0.5660669534790446,0.5474117695439891,both_correct
f436411141a86977ef1e27bf125b1d70f62d2bd6eb37b07d9ba1122a88c7e7b0,transfer_into_account,transfer_into_account,transfer_into_account,true,true,0.5549450188836951,0.600717867544223,0.49597919316274486,0.5262839106892208,both_correct
f441228ea364e41bc839c1c2aeaae8dd42264ac3c5a68021c2742b83e399d9c0,card_delivery_estimate,card_delivery_estimate,card_arrival,true,false,0.30338445061947245,0.5206752919438924,0.15775252019817923,0.278756338384042,lexical_correct_semantic_wrong
f477adef3b8416bb83a3d26fde36333180813b630daa69421342c09de140741f,declined_transfer,declined_card_payment,declined_card_payment,false,false,0.14442757267667689,0.32737989397894307,0.050511986476138346,0.24522213964795025,both_wrong
f47ad01a29357b579cffdb8b0e351466195f5586a87256db2cd6064489311c09,lost_or_stolen_phone,lost_or_stolen_phone,lost_or_stolen_phone,true,true,0.5843508802067623,0.9155283514875285,0.5652335786418987,0.9091867996049116,both_correct
f47b112c61983523150e296c90d5135da5b5a91c3ba05df05ab13b6acb8b0904,contactless_not_working,contactless_not_working,contactless_not_working,true,true,0.15458921588361682,0.17904248962077962,0.11657114476897883,0.057175954128371745,both_correct
f483a3efde848ff1a52ccdfc5beef8308c5941b8b938a530bfe43a42f36607a3,reverted_card_payment?,reverted_card_payment?,reverted_card_payment?,true,true,0.8732237230393861,0.6301124343050719,0.8348992704857807,0.5337045625033633,both_correct
f4852e19d5c4761313987cbc9658ff9f562251bdcb4ac83adf02328067e60d8f,transaction_charged_twice,transaction_charged_twice,transaction_charged_twice,true,true,0.8814913538899095,0.8915403234701986,0.8749555525259791,0.8751252900569855,both_correct
f49717195409f73f1d0b5b044faea1c29afefbb337e564df2a88f0350bb6a66f,unable_to_verify_identity,unable_to_verify_identity,unable_to_verify_identity,true,true,0.1972267893119076,0.58899105810739,0.10829380838101663,0.5412973459892454,both_correct
f4ab8f473a6d0ac8d6018871105867feaf4ffa499929b71ae2d75db4cd61e4ac,pending_transfer,transfer_timing,pending_transfer,false,true,0.17942886256297771,0.3250550721293457,0.010668777665508639,0.11873242057943939,lexical_wrong_semantic_correct
f4bea7b66965bc18ba8577b976b9cbdaebd2ee5263356a6ae4f9f6448f244d3e,card_payment_fee_charged,card_payment_fee_charged,card_payment_fee_charged,true,true,0.8266231666431654,0.7788723471825392,0.7772737687187637,0.7537351147017424,both_correct
f4c1f4159d1c91a9a50fc93af48f27cf8d2dfdf380ffb5f5b5ed869ca1d6aec3,pending_top_up,pending_top_up,pending_top_up,true,true,0.42999317609914167,0.8043749629446876,0.2829123537801992,0.756523169869189,both_correct
f4c521ce547dd854c2e68c8a79420f3d44d55e4293d7f88b379410a03b8cd49f,wrong_exchange_rate_for_cash_withdrawal,wrong_exchange_rate_for_cash_withdrawal,wrong_exchange_rate_for_cash_withdrawal,true,true,0.6675047603612775,0.8784764936524582,0.5715230455301953,0.8447834148609611,both_correct
f538ea697a0a06d8d05ad2b9a304c686f1cf9f8f1d6784b4c4f403065565a273,unable_to_verify_identity,unable_to_verify_identity,unable_to_verify_identity,true,true,0.10471792940877435,0.5634668746153283,0.026723717688414306,0.49672399583640864,both_correct
f56d8e949bb5db8e86513f35fcc4b870b54c0fa84c29de8f8fcfbb44d2b1e4f2,transaction_charged_twice,transaction_charged_twice,transaction_charged_twice,true,true,0.6143654192742338,0.8073155258359214,0.5864446835539114,0.7817173793039612,both_correct
f57222fd843549733f245fc6041bb5a7cf7ee95163eaa6128663c9fcddafb1d5,get_disposable_virtual_card,get_disposable_virtual_card,get_disposable_virtual_card,true,true,0.6982879371129929,0.8207902841392373,0.5723859381545122,0.7706384190606116,both_correct
f584e03855acb51f082ce61147a0a6b2780e7ab6c586896b74828190b3decf24,exchange_charge,exchange_charge,exchange_charge,true,true,0.7895116052036839,0.8154866007551982,0.7602015776728526,0.7613952699021358,both_correct
f58f60159aaf4888cbaf5247a44369e7c7242fcf077f57550fce678d529473f7,beneficiary_not_allowed,beneficiary_not_allowed,transfer_into_account,true,false,0.17252174604421883,0.2856754172011553,0.03567506453132735,0.15141765159438508,lexical_correct_semantic_wrong
f5e34e481ac9c3d87760a367922288c2e31013a31743ed1e25d90dc0557fc027,declined_transfer,declined_transfer,declined_transfer,true,true,0.2888919479628352,0.8638810324755911,0.22499223778477356,0.8282588571280795,both_correct
f5ef8710b99caa9520da4c490e9d1d8b816040d7c1f904b96f00616d423fa884,balance_not_updated_after_bank_transfer,balance_not_updated_after_bank_transfer,balance_not_updated_after_bank_transfer,true,true,0.37889246064492343,0.6440269172223432,0.33144847901476393,0.5172684509339843,both_correct
f620c7dfb815cb5b21af4cbf73787309632dfe6f1670137f4c62710bcb87a974,declined_card_payment,declined_card_payment,declined_card_payment,true,true,0.3737556067328804,0.45591634651112006,0.26678359853324723,0.17065042364695493,both_correct
f62e9772b88760b9eaded1227ac2ee13be7a2093fa7d27270b7bbd10cd26392b,virtual_card_not_working,card_not_working,card_not_working,false,false,0.3093587797759773,0.6695967482597607,0.21794890862112704,0.6193814571030727,both_wrong
f63414a0ffbf4923647334cbd9f4db9f17d5e412830e4b8ff040170af0c9c4b9,age_limit,age_limit,age_limit,true,true,0.4204405869782042,0.9439277137510402,0.3943232961209768,0.9405388811538131,both_correct
f693bc5fba1a986876852290b5d36b6fd4142e395a2db4820e642cf7103a1e1d,transaction_charged_twice,transaction_charged_twice,transaction_charged_twice,true,true,0.9661243102157733,0.9803820921449432,0.9616107047763561,0.9728479127568204,both_correct
f698aa84753843303d093e476956e02aa7abdaf5916fed5c19dc275e6c2239d6,topping_up_by_card,topping_up_by_card,topping_up_by_card,true,true,0.4189571737141682,0.4059738334881511,0.3515658176939631,0.28791043579983927,both_correct
f69f0c463be0424a375a356e16f6ccdcf6c400a6102e006e0cded493b6e5f3e6,automatic_top_up,automatic_top_up,automatic_top_up,true,true,0.4519340238379354,0.9289157503334486,0.40029859386766636,0.9208327963234411,both_correct
f6e57b399f37b73108b85de070acac18d4048e70818262ccca0f8cb4c9155669,why_verify_identity,why_verify_identity,why_verify_identity,true,true,0.6592154772657286,0.8882756973908829,0.6124930967755332,0.8528453666042626,both_correct
f6e8cbe32de639b8ad381acec8f32bd500bc851784d0972759b85f48c77b54eb,virtual_card_not_working,get_disposable_virtual_card,virtual_card_not_working,false,true,0.158360481269942,0.24812826073094152,0.03554101277272495,0.11365810750475008,lexical_wrong_semantic_correct
f70bbaa80067758e4e016799efdf5144dd052b6e4b255a94774eda9c7e5b11f2,pending_card_payment,card_delivery_estimate,pending_card_payment,false,true,0.08371984150087013,0.12014158140725341,0.0022670313948109228,0.049398490274875695,lexical_wrong_semantic_correct
f7170fd1e82f63066a8fbd229714c706070e1d9f2c60bb2e846f4bdfaa5f98b6,card_arrival,card_arrival,card_arrival,true,true,0.40440168110976715,0.2884470437121672,0.3554547748464919,0.1670635762236949,both_correct
f7274890a10d015ca0715c89bd5e29a08adff3a1394ae6cf7dc9760ef57d65b7,wrong_exchange_rate_for_cash_withdrawal,exchange_charge,wrong_exchange_rate_for_cash_withdrawal,false,true,0.11514669818468815,0.46581118118575154,0.007042172646489445,0.3266037507826428,lexical_wrong_semantic_correct
f743fc6601bebe21f42df8a1d9f297edbe690dc99f0f060bfce1c13116b627db,card_about_to_expire,card_about_to_expire,card_about_to_expire,true,true,0.19804944616403702,0.7046638875607445,0.14883920660269304,0.656372379658241,both_correct
f74a756a0fd8f176a7441282c0305ddd8bad56a0a390ebefbee1e057cd7a2090,transaction_charged_twice,transaction_charged_twice,transaction_charged_twice,true,true,0.6576263395442956,0.31756069748196014,0.638277498356156,0.17759691815694378,both_correct
f7747100f3a9465dab6a545fdf22f9e35153917649e0f3926f1af7590379f1d3,age_limit,age_limit,age_limit,true,true,0.8311966354925204,0.8397359595048798,0.8144832023022933,0.8256667118844683,both_correct
f7856096f37cb26ebb3582a709e8e751641b4e5263a7ca73582317011a58680e,change_pin,change_pin,change_pin,true,true,0.553283517897031,0.8051930047261407,0.5253794390055704,0.7705236793132263,both_correct
f79de2072d3d3cd4ce1315cf959cd8a391111474925f4bd43e34fe061cfe1b8b,card_not_working,card_not_working,card_not_working,true,true,0.5646963637856497,0.7414550212862404,0.5312306896329791,0.676252103237277,both_correct
f7a9b60a2de455147c8e77339f952565a98b7c054b3c38a94f63f9e9ae902f6d,get_disposable_virtual_card,get_disposable_virtual_card,get_disposable_virtual_card,true,true,0.5609449284730219,0.6593988778216224,0.23120922733676896,0.4209528562629665,both_correct
f7ade023aebbd50976d10fb41b85f33a0fefc25532e077cf2097b758b0c5f1b5,pending_cash_withdrawal,pending_cash_withdrawal,pending_cash_withdrawal,true,true,0.9286547508927184,0.8515726237883644,0.8873291025890179,0.8133806552588412,both_correct
f7c52b85314190e02a440eace06ad4ac3871266ea95da1910e14285491dcc6e9,age_limit,age_limit,age_limit,true,true,0.3718800180469375,0.9207893197041542,0.3536289125346435,0.9131247568385954,both_correct
f7dd82ff34bbf6661b14c3fb2da3d6b16d2ff697a4088642cafb96cf8bfcb39b,top_up_by_cash_or_cheque,top_up_by_cash_or_cheque,top_up_by_cash_or_cheque,true,true,0.30581089582696236,0.6947601962002113,0.24093810972087346,0.6022932462557423,both_correct
f7e3690134724a2a1fa0e30a6a9695aa3c0ec88c24e2b3d36cad0fca9fbdff28,declined_transfer,declined_transfer,declined_transfer,true,true,0.8024557889844137,0.8350549760065761,0.7680423525221739,0.7693397583572996,both_correct
f7edc06348288f7945b8928c2b53d1d5040c73d18516f39dae3dae2ec5e53bf9,card_acceptance,card_acceptance,card_acceptance,true,true,0.1471771718416101,0.19124434778263544,0.09459060878813133,0.011384188410177049,both_correct
f7f7ff24f1a12ef70e6df982537f7fdce318a5b644b3053713920bebb4c6e3f1,cash_withdrawal_not_recognised,cash_withdrawal_not_recognised,cash_withdrawal_not_recognised,true,true,0.69705138480467,0.717797274398849,0.65496108395707,0.6888351384101582,both_correct
f7fdc80f4ef8d55d59013479db390c624745d617edd003d1d72155cc74b5d201,card_swallowed,card_swallowed,card_swallowed,true,true,0.20904089629700245,0.5826368676374035,0.07061885741870272,0.5349604154025182,both_correct
f82a210ff4dc798e0ee7f5c79ee1d30c2fbba88361e3dfe151b4f73afbbd3451,supported_cards_and_currencies,supported_cards_and_currencies,supported_cards_and_currencies,true,true,0.5481005923460843,0.5966322053920387,0.49924872968223005,0.5296047053776461,both_correct
f837ae1d834f3595c9c12957c85c538d47d08fccb89a906b371a2e593e42cf59,verify_source_of_funds,verify_source_of_funds,verify_source_of_funds,true,true,0.5334714437978809,0.9181153873840557,0.5168504583234887,0.9109139134081304,both_correct
f838a128b37eb40e89c6f0333ed30edaa219464a756e42f3ac220aaeda6d6237,card_about_to_expire,card_about_to_expire,card_about_to_expire,true,true,0.9028815100702257,0.8967368098814649,0.88980081221056,0.8797031127701846,both_correct
f84b47c26aba85f6eb00f3ffd2756f1c9d90df27aafd083dc166578f386407fd,top_up_by_cash_or_cheque,top_up_by_cash_or_cheque,top_up_by_cash_or_cheque,true,true,0.8521449398274625,0.9049118160644286,0.8223305378374655,0.8935842553115244,both_correct
f86eac946d4810bf33897041db3590c2ccf9f54d61a72570a4a321aebd982a32,wrong_amount_of_cash_received,wrong_amount_of_cash_received,wrong_amount_of_cash_received,true,true,0.8398707639089287,0.9392399786051235,0.8144043444752131,0.919990199805546,both_correct
f86ead3424e1eca2ef08b7e3a27da9aaf0ca048e87ff39560b7b412cd62fa76c,top_up_by_cash_or_cheque,top_up_by_cash_or_cheque,top_up_by_cash_or_cheque,true,true,0.8025704230332241,0.7858474471722472,0.7777748825066437,0.7632104390050979,both_correct
f8baf12ad595f3e19fc61ca4417e0cc88c4743ca55d1e03bc5455815fc29c6d0,pending_card_payment,pending_card_payment,pending_card_payment,true,true,0.6536922834390217,0.6399994524661184,0.5868281546100571,0.5325234772337466,both_correct
f8d47cc68eb024faca47bff692700ed0b369bacdac74d35321f141b692db6bea,transfer_timing,transfer_timing,transfer_timing,true,true,0.8380556947799512,0.6983258503650431,0.8038427358445842,0.5922131364466167,both_correct
f8e95e3fc2d3289230bf9eb6ae579a6982c56bc478255fbd79e26a3545fd978c,card_linking,card_linking,card_linking,true,true,0.6764046288856237,0.881942935955958,0.6591660105017247,0.863947721265358,both_correct
f8ed8febbeb62a15910a8d2a6a3356ad2fb58b2a15f57e89071cf36d874f8d50,topping_up_by_card,topping_up_by_card,topping_up_by_card,true,true,0.46760879466805694,0.385127076005256,0.1702933239975163,0.273443493554371,both_correct
f913909fa1b0c47edca83d49c85c1765f70d9b13fd2bcf14e9da4fc36e764a07,top_up_failed,top_up_failed,top_up_failed,true,true,0.2402343154377997,0.45014574715692707,0.1072954783019256,0.35256477212251863,both_correct
f9172d18f9a9867fe4b24ce30576d9ca463b3b003bfb274360d3a5ae6bc65703,transaction_charged_twice,transaction_charged_twice,transaction_charged_twice,true,true,0.7743711918264562,0.9627473087599264,0.7376700240543975,0.9473836303488734,both_correct
f91739e7b1d7bc717488795cd82c213de5fce16434b447504b915df70195fa74,order_physical_card,order_physical_card,order_physical_card,true,true,0.6908772253287456,0.5176291774527425,0.5698701171723126,0.41543790177696915,both_correct
f9355ab54d019fb3b9bc8b8a37bf30a9c888dc2fa279c0a3a244587902d90bc7,receiving_money,receiving_money,receiving_money,true,true,0.4877431021903056,0.39037181534692467,0.4558684626150154,0.2970714417752105,both_correct
f944822a1a567f2248b8b3d017e0c5e1652ba180f4951bee44b215a7ca8705a1,topping_up_by_card,verify_source_of_funds,topping_up_by_card,false,true,0.16430123161342158,0.29988069184253807,0.11429906459897157,0.17634139101029933,lexical_wrong_semantic_correct
f96463e7fc2028a1256ea2d8bb0ddc0409ea91130e4832d83677085b52062927,pending_card_payment,pending_card_payment,pending_card_payment,true,true,0.2461038224064793,0.5840385976071273,0.16387742947887607,0.5170074118840435,both_correct
f9aa6584b94a93525f5e1ea92df03fc686a5e73733f8cdaa6e1c112cb8c337ce,top_up_by_cash_or_cheque,top_up_by_cash_or_cheque,top_up_by_cash_or_cheque,true,true,0.9378564922486539,0.9304182032374896,0.9269526327381367,0.9240500624546995,both_correct
f9c1ac672176aee8da56d26718703268a9896a9ce2ec39f7796513ade3e2daab,exchange_charge,top_up_by_bank_transfer_charge,exchange_charge,false,true,0.16694667283655804,0.24599492680381468,0.01966210114815975,0.08891318345859628,lexical_wrong_semantic_correct
fa0bb80754c685c8480a983259269106bcd1eb8212340255031625166664fdfe,cash_withdrawal_not_recognised,cash_withdrawal_not_recognised,cash_withdrawal_not_recognised,true,true,0.6188244651379369,0.7092157908732311,0.5815056518987591,0.6650151114348124,both_correct
fa0f58e5c811f3605d40dfa5244dda2df274d87b1810407756fc7bc52228719e,order_physical_card,order_physical_card,order_physical_card,true,true,0.6644868777698143,0.5992072641579391,0.6333105325381068,0.49269502802577314,both_correct
fa267bb42c8d65a25d251bb2f8e4947b9fe5b5ca829f6623c395998ef360c316,country_support,atm_support,country_support,false,true,0.1911632360629134,0.41112138235492585,0.1407383655666184,0.3315267820535707,lexical_wrong_semantic_correct
fa3271bcd12d4f824dc48eea4200bed7dd75cf9720e4e1a0f4e09393d5b71490,beneficiary_not_allowed,beneficiary_not_allowed,beneficiary_not_allowed,true,true,0.6945741989635907,0.6137190549562718,0.6550463893659816,0.3565215387941708,both_correct
fa62ea61957e3b5c32839eeca365b859a965c1770cb1ca2af1348394032689a2,top_up_by_bank_transfer_charge,top_up_by_bank_transfer_charge,top_up_by_card_charge,true,false,0.15577861178483585,0.43871761311565133,0.013565173642182599,0.17799594318874334,lexical_correct_semantic_wrong
fa6b4a646944e42a4886d01dc55f20ee8a79cd6f46cd940185c4bfdd706c559d,reverted_card_payment?,reverted_card_payment?,reverted_card_payment?,true,true,0.42210068391097527,0.5418513129569793,0.31573709647220494,0.461252932979625,both_correct
fa710743265dec714febaf9dea5a6712c9f9f8da7ea35bc67a96484b515c1bad,card_payment_fee_charged,card_payment_fee_charged,card_payment_fee_charged,true,true,0.4246246941318381,0.6719189601254986,0.30968162722738984,0.5916534581604934,both_correct
fa9a7af773a66043bd888fd45329c061cb90e580a64f6e359d52e074e28b2bd4,apple_pay_or_google_pay,apple_pay_or_google_pay,apple_pay_or_google_pay,true,true,0.8841008688778633,0.9138610660856145,0.8659551098976366,0.8949955337363051,both_correct
fab5ed50df57806ec3314ee98fbe825640eb6bb057faa8257a0e21b2671a8282,top_up_by_card_charge,top_up_by_card_charge,top_up_by_card_charge,true,true,0.5685285172354582,0.6568814977745641,0.4614586872500763,0.5984231995663963,both_correct
fab8e1cc5dc2a3bc5e5b9386704fd522d3498c4c3abbd8780e6397168eaa15fa,verify_my_identity,verify_my_identity,verify_my_identity,true,true,0.642851068804809,0.8112024740328203,0.5305445357011226,0.7200274468731904,both_correct
fadbd1e54284c48c640b8354c87e3dd85a77f64da8e18b773f3cce59aaf76806,lost_or_stolen_card,lost_or_stolen_card,lost_or_stolen_card,true,true,0.26567194912466396,0.21725026307032597,0.197702751120292,0.028682852833037925,both_correct
faef8bb7d7695e2a7ff1f8225817e1caad40f3ab9f63edae47536ace2a37ca23,pending_card_payment,pending_card_payment,pending_card_payment,true,true,0.859663420170031,0.8609033936359699,0.8441417222954731,0.8416082829207416,both_correct
fafc35e18dfd9c1b7d8cd2dcefb92e45a4e46824efc842f03f87807cb45d79ac,transfer_fee_charged,top_up_by_bank_transfer_charge,transfer_fee_charged,false,true,0.26994106478034524,0.5486602470434537,0.012627012840497498,0.21981198785286066,lexical_wrong_semantic_correct
fb0103a9059cb6233685329b71ab7d72bb6c96a6da366b5df9b0bd772e27b4a6,declined_cash_withdrawal,declined_cash_withdrawal,declined_cash_withdrawal,true,true,0.10366541808645076,0.4169615912416578,0.03762383139958203,0.19339581799362507,both_correct
fb4765271ab91723e8bfc957a951a5a600ab74af090cffcfd608ec3f72c7262c,card_payment_wrong_exchange_rate,card_payment_wrong_exchange_rate,card_payment_wrong_exchange_rate,true,true,0.8475899939077328,0.8692906658637592,0.8062102901278856,0.8132704870901613,both_correct
fb5c1c39a3b69b9bce024ca3a80d085e2cbed1a62e300caad9e1c0032788b8c9,extra_charge_on_statement,extra_charge_on_statement,extra_charge_on_statement,true,true,0.581093550658053,0.778524859949942,0.5165884292390527,0.7443331168139076,both_correct
fb6d0012c4954ee2c07745c7b5311b49840a07cd91f55d2c5072bb670348f354,verify_my_identity,verify_my_identity,verify_my_identity,true,true,0.6426126079173579,0.6779247851151291,0.4790848103043478,0.5410201539537401,both_correct
fb734b3a97c6fd5ffe4a23574f93c598640b14113bc6c10d97122a7dcea5bf42,passcode_forgotten,passcode_forgotten,passcode_forgotten,true,true,0.8098667252458668,0.8731400026795028,0.7999998980468735,0.8511621877908683,both_correct
fb7e77bea5a5c07a4b47a929c9b917b143adf6dfc5e1e8dc612c02f892beef2a,topping_up_by_card,topping_up_by_card,topping_up_by_card,true,true,0.09168516783680619,0.3273214072637221,0.03898006646533237,0.09824397260917159,both_correct
fb93ab52be9ca16d00d160c7b26adbb1a3b6933625edb9c247c59ebf1293326b,edit_personal_details,edit_personal_details,edit_personal_details,true,true,0.2672529840416509,0.749125444024854,0.22574223770432525,0.7138058350535719,both_correct
fb9d18422a60981d87c9cf2bc67c44baded7c70180408550f3b0c219405764ac,why_verify_identity,why_verify_identity,why_verify_identity,true,true,0.622215634053547,0.8970168336688567,0.5591941684901004,0.8539134903388961,both_correct
fba14e339b2ca1c534a4485230b28c58e06493e694bd545f19994e21d764bd41,order_physical_card,order_physical_card,order_physical_card,true,true,0.20934347571643963,0.4990202144089741,0.009173422271323589,0.3481943101388607,both_correct
fba91ca0d6fe524fa69a0f864b78cdabcbd787f220c919d048a6129cd15526a1,top_up_reverted,top_up_failed,top_up_failed,false,false,0.19264267528667095,0.3585478999226168,0.09062469076087193,0.07726082225004943,both_wrong
fbbfb63056522461b8f44ce672f490882429c9f310f2804e19d4acad8fb22119,exchange_rate,exchange_rate,exchange_rate,true,true,0.6760673006605011,0.8849917072248984,0.4983067472924291,0.8519367352162932,both_correct
fbcd6d7da2012724c6321ddfc7f426dfe35134a47fcc805d899ef5c3d9362e48,card_delivery_estimate,card_delivery_estimate,card_delivery_estimate,true,true,0.5936942393403718,0.705755595461219,0.5052899785059742,0.522886348066609,both_correct
fbcd95cbf1b2104cd3e3d1306f0aa993f10b798709322fd9a7d0dcd81a4d69da,visa_or_mastercard,visa_or_mastercard,visa_or_mastercard,true,true,0.8121852143013418,0.7974602641304825,0.8028762438842647,0.74887834008466,both_correct
fbe8eecd8a8cfa041c6b3fbba02c7680dd49606ecef606e1bfa0ee668f23c2f7,change_pin,change_pin,change_pin,true,true,0.6449904501634572,0.7540099717822818,0.6203816337699591,0.693561562093437,both_correct
fbef5e1a1f78437763de5411be74dc630ed6cd69ad972631ce6f5f8e445131c8,direct_debit_payment_not_recognised,direct_debit_payment_not_recognised,direct_debit_payment_not_recognised,true,true,0.1345213263349587,0.4501762093853474,0.07267725192562914,0.32234313349147736,both_correct
fc064a533324e81789993db8ee9dd4efea46832d398305a46a09b143179c87ca,atm_support,atm_support,atm_support,true,true,0.43304852929964854,0.7881322044493565,0.3689972957789623,0.7315378710923304,both_correct
fc0f90145d2baf2e81a7fcb8dedf0a7769e5ba01f9aa225e96eb1821927528a6,card_payment_wrong_exchange_rate,card_payment_wrong_exchange_rate,card_payment_wrong_exchange_rate,true,true,0.5105290621999597,0.761656378039405,0.40770692680165566,0.6704198934413772,both_correct
fc11411edce30710e122532b47e1946335ca1bf2661c1688a04ed51df291616a,wrong_exchange_rate_for_cash_withdrawal,wrong_exchange_rate_for_cash_withdrawal,wrong_exchange_rate_for_cash_withdrawal,true,true,0.08610925658886437,0.32731452958768525,0.0006555363664800251,0.06876205255715123,both_correct
fc1d8b0898c3cf0be7ee9698882a6fe744845b0a3e4e55506bdc35ea2de009f7,exchange_rate,exchange_rate,exchange_rate,true,true,0.5463921176560335,0.8309839941360315,0.4885920191827036,0.7961668164916839,both_correct
fc24ab48312f30e46b2f0072ea1a7aca62bc2196fad26728ac38ab73fcaa9b92,card_linking,card_linking,card_linking,true,true,0.9338555350784193,0.8733626920448988,0.9213708034891083,0.8573515467632072,both_correct
fc2a77f879b418c25318a696c8fe4769c5fea53ee9fc24eaa26827af76f2bfad,terminate_account,terminate_account,terminate_account,true,true,0.5779421267089804,0.90568428945781,0.5573409917170734,0.8951709910732109,both_correct
fc2f042441a2446332206a97e69b45d51a5ca4461c657c0fa7ace7a2c764be3c,transfer_fee_charged,transfer_fee_charged,transfer_fee_charged,true,true,0.2236392523684026,0.634559655421454,0.07909311052779916,0.5651202501943532,both_correct
fc599863c282004409f101f13c0b5e363abdf2886f910f276ae9cf6f1dd86da6,Refund_not_showing_up,Refund_not_showing_up,Refund_not_showing_up,true,true,0.8346375901251527,0.7677998383016332,0.7627382919829417,0.6314286660027792,both_correct
fc8df4b8948e90faed079fb2b0c8000f9e58048d50ff993cddc918c8cd65718d,direct_debit_payment_not_recognised,direct_debit_payment_not_recognised,direct_debit_payment_not_recognised,true,true,0.8967167126980069,0.9251147663994552,0.8800173523622077,0.9098346636433334,both_correct
fc9f0b43ccd40e372e615df3e4c7e10f00910b05e9b795c8efb06f2eede3235b,get_disposable_virtual_card,get_disposable_virtual_card,get_disposable_virtual_card,true,true,0.4633244677826873,0.7022673917145423,0.29636854078891844,0.606173946030892,both_correct
fcb151746be0e6b6ca3d4d30a7624106ea063d0a91d8e0fdc837d6ec6eabff8e,declined_transfer,declined_transfer,declined_transfer,true,true,0.4825775707461615,0.8408179650167342,0.4068946893721527,0.8111865362069908,both_correct
fce4cf338ea648a2f0d81ab26c4ed180ef8fa329ad0faf249bb3d1eb580bf9ea,get_physical_card,get_physical_card,get_physical_card,true,true,0.5842247343152569,0.8038835354642458,0.38850036699316814,0.7452827455852221,both_correct
fcea33f44edc67118df776bc4eadc015962920d7aa83b24e8027cd2abedcf0ad,top_up_by_card_charge,top_up_by_card_charge,topping_up_by_card,true,false,0.13311161331556753,0.21894959859187796,0.038781847590655324,0.06432009003495179,lexical_correct_semantic_wrong
fcfa4bf344b872b538df5b2c9570e143ec12019eb4a4f17ccf79c558d369eea0,apple_pay_or_google_pay,apple_pay_or_google_pay,apple_pay_or_google_pay,true,true,0.9390815339679663,0.8123390768062618,0.9296059331231221,0.7575900978140521,both_correct
fd1106c1894c5e98ca43b3de79ec94cfcebcc0c056c840bfb9841d4a2bc0cdaa,pin_blocked,pin_blocked,pin_blocked,true,true,0.7204236120520588,0.8936007826576011,0.676200670736997,0.866288203637594,both_correct
fd164d53e003277cbd53b3a49e14dd206332218f504cac787902c6a0dc886681,get_physical_card,get_physical_card,get_physical_card,true,true,0.9018084038364516,0.7775450975408368,0.8729191401263334,0.7505715662162779,both_correct
fd2d2f4c2b19de08fa5a1d639d8bdb565f2b0bf978f95d049990e48519fde65c,card_acceptance,card_not_working,country_support,false,false,0.07054178104574785,0.3639169502083464,0.028744971138713243,0.17612226698495717,both_wrong
fd2f1f0cd870b1a3fca45481e2f30f5f81c6fbd6c65f251958a51863babf851c,declined_card_payment,declined_card_payment,declined_card_payment,true,true,0.6817441890131267,0.6243887982573345,0.5876627899042131,0.47802106513815834,both_correct
fd31280d3e172e72d095d21b51552a830647bd70b62bc14b9908e7577a47fca5,cancel_transfer,cancel_transfer,cancel_transfer,true,true,0.5753083615553855,0.8647867563876172,0.533458051279881,0.8456464505257657,both_correct
fd32accd9497025ed1e5d6dbc234d0738c5a57f7705c6dc4ff400df3a612a145,passcode_forgotten,passcode_forgotten,passcode_forgotten,true,true,0.888335621786155,0.9368173779153086,0.8847632348507063,0.9211168789064332,both_correct
fd4d5c7dbb4b1101ae44dca914ff1d6f8489aadad4a03b019af8f823bdb1d680,lost_or_stolen_phone,lost_or_stolen_phone,lost_or_stolen_phone,true,true,0.3708642996394648,0.698335078015751,0.31380585658881205,0.6348647266258778,both_correct
fd55f190c1703f4a10762802edf2268f1e527517059465e122f9f28e7a6f0619,wrong_exchange_rate_for_cash_withdrawal,wrong_exchange_rate_for_cash_withdrawal,wrong_exchange_rate_for_cash_withdrawal,true,true,0.5921647237435173,0.8168177464075955,0.3609745907636279,0.7607974625771916,both_correct
fd5d9109ca7a5da94c6aa15b8eed24fe1cfcc2cb2d041aaf34de420022cf0bdd,top_up_by_card_charge,top_up_by_card_charge,top_up_by_card_charge,true,true,0.757182209802407,0.8780146115110096,0.7268911230491251,0.8616380871156223,both_correct
fd7efdfa866fc8d1c7656a302e1bb6d82620593f1872597c08b64a3dcaa803c1,card_payment_wrong_exchange_rate,card_payment_fee_charged,transaction_charged_twice,false,false,0.20712707860396432,0.26053106670592485,0.08847391885195828,0.0795090689014323,both_wrong
fd88310c0c0a9740eb7e1c21e1f9862e3b6dcfa3187295368b9a5d1cf292d275,failed_transfer,failed_transfer,failed_transfer,true,true,0.13938939497863378,0.47737333293591455,0.016311185210918955,0.32308732671083373,both_correct
fd89943f865f6ed17aaac12800fb3d63c126e8c0f5e7da537ab28205f84e7676,transfer_into_account,transfer_into_account,transfer_into_account,true,true,0.39806106065553787,0.6486692709524161,0.2755113742863094,0.6034021107261852,both_correct
fd96b1961d05a0019588c08820304733ce0da6c1c7f12d96db98e700a6268a86,card_payment_not_recognised,card_payment_not_recognised,card_payment_not_recognised,true,true,0.22429265396684128,0.3541716363623451,0.1566528754426399,0.19001283666838686,both_correct
fd9c3b54493bf2ca5e8dcbe9956008ade6213939cb033f03cb44a1b2ab650b42,declined_card_payment,declined_card_payment,declined_card_payment,true,true,0.7065611093919881,0.7164456836307548,0.6579049637932185,0.6170528278094407,both_correct
fd9f915cbacb629d510e40afeccb6fb93ceeb153be56777eaea5e60a359d5f13,pin_blocked,pin_blocked,pin_blocked,true,true,0.3657687963434053,0.4614731516050098,0.07504532376331208,0.20518807713969245,both_correct
fd9feede617f711630b979d10c1ffddd77e4394ef7115fd06af7acda07713bbd,wrong_amount_of_cash_received,wrong_amount_of_cash_received,wrong_amount_of_cash_received,true,true,0.5863002128418213,0.6556521812689928,0.4768730598768689,0.5365745364232266,both_correct
fda7d0b5506986031d50634f2b63d9b94a54cc1a312c3cfdb323baf228f34579,get_physical_card,get_physical_card,get_physical_card,true,true,0.74426130944958,0.7022709542052249,0.6555431593731518,0.5563346884154804,both_correct
fdb148c628a3fc78a58cc1a6caa46113a3b9f9fe46990d6baf02a330d3bc26a5,top_up_failed,top_up_failed,top_up_failed,true,true,0.2588157110927095,0.7472137833148673,0.18440295182574762,0.6430044224651355,both_correct
fdd7bbbac04ef6fc9e82498f073f6112b814eaaa7756f83139995cf4484eaba6,exchange_via_app,exchange_via_app,exchange_via_app,true,true,0.5087840186784406,0.4506698987467318,0.37034629212795356,0.2087105074307182,both_correct
fe1df10f42bba35308d3b20d95975fd8e922819b83d8d19055c3c88eec54afeb,declined_cash_withdrawal,declined_cash_withdrawal,declined_cash_withdrawal,true,true,0.10774711242958263,0.2702267813675756,0.035549021927542473,0.1442172759233178,both_correct
fe44a7f1976017e032f38bd0cd0837736668a105c65ec483c541b24b7ee901cd,atm_support,atm_support,atm_support,true,true,0.3045195922081913,0.6103303413915505,0.20215492298718843,0.5551216610711216,both_correct
fe5f37e58d23b6e8865b3cc10edd02aee999bc7eff409ab28e3111c8ead86d9e,automatic_top_up,automatic_top_up,automatic_top_up,true,true,0.8796027478417647,0.9329049678814784,0.8586969612515303,0.9218890591698296,both_correct
fe6154f52088bf17ea5a977eafcce14f1c349d56026096fb17c6dac449e736f5,get_physical_card,get_physical_card,get_physical_card,true,true,0.5204006692516581,0.5577763657651614,0.31686480575018344,0.33761996492816176,both_correct
fe65ac56e2c18561e4d860a4ecfa18dd87c0a32c6d5c8efcc6905cf41cf4e807,transfer_into_account,balance_not_updated_after_bank_transfer,transfer_timing,false,false,0.10469439985664532,0.1023482371102672,0.042566140350621576,0.006841253998566707,both_wrong
fe857b81160710e3bf1f46ef172f0b76c4efa0a3316d345c0fbacde2beef5873,getting_spare_card,getting_spare_card,getting_spare_card,true,true,0.7327987299989266,0.8396641605447706,0.7058867614080421,0.7956648143368384,both_correct
fe88cf7036d159433c8f468e8bc820238b7479b939d029568e9674238d2f709e,cash_withdrawal_not_recognised,cash_withdrawal_not_recognised,cash_withdrawal_not_recognised,true,true,0.4652541322567537,0.5677901361963628,0.3079342649229829,0.4043029111878826,both_correct
fe98171a9e730d0517d16ef2352408476120ab804719e334bc763e191a5fef01,virtual_card_not_working,virtual_card_not_working,virtual_card_not_working,true,true,0.2013533025595654,0.34622812143123716,0.03763569581523202,0.23177944192899863,both_correct
fea98d105a7718e1a09585d10eeaeb5d4aa9944046522720d0fa48b8db4d6cc5,cancel_transfer,cancel_transfer,cancel_transfer,true,true,0.9779599046605428,0.9384116405649001,0.9741656991586329,0.9152624657844116,both_correct
feddc90a8b65600d95bf40afa46ddda644cda01954de4c457e623cc1370cff1c,pending_top_up,pending_top_up,pending_top_up,true,true,0.14063576535025663,0.6410177459955284,0.025700208101873512,0.49229067595768006,both_correct
fef52eba14fc42fd9a77fd350318818576559398fe2d6fb2040e07f64e7cda99,terminate_account,terminate_account,terminate_account,true,true,0.5707365372337369,0.7916086831862928,0.5563007556305265,0.7589234804243024,both_correct
fef70b640f94f90c0aeee2c55faa8269365e7549c30e5c6feb94e46b6cf27c24,transfer_timing,transfer_timing,transfer_timing,true,true,0.42382165598095284,0.6598127899702276,0.3489932326260068,0.5304828220399086,both_correct
fefb4f712108e24b4701de0086320a29fd03f6c8445ae3d7845d667e915cddb8,verify_my_identity,verify_my_identity,verify_my_identity,true,true,0.49354563100091725,0.7185662445379483,0.08476743388596186,0.544699335768392,both_correct
ff02d0e9803722c3053f8717367bc5a5a1d44ed332156a26c5c3c4804ec89dfa,change_pin,change_pin,change_pin,true,true,0.7137396794799756,0.8055781641117342,0.6472637651797437,0.7530628697863943,both_correct
ff33154f768b7db833c0c67e914d154d99adf5b65af91760bb6dd59aebc135fa,transfer_fee_charged,transfer_fee_charged,top_up_by_bank_transfer_charge,true,false,0.637747817662484,0.5285238374600664,0.4868698982873906,0.19626624862201963,lexical_correct_semantic_wrong
ff36353c3611da986cd7e7c417445805f0238318bbf5c1f85981ebc6ffc207a9,age_limit,age_limit,age_limit,true,true,0.4016276988698839,0.920533999940755,0.3868172935266789,0.9140067931354178,both_correct
ff3e0951d485a253c68ec0b4c3424a696888b0f177138df5b26d444bc31b45f4,declined_cash_withdrawal,declined_cash_withdrawal,declined_cash_withdrawal,true,true,0.4113759128387698,0.7164165808348438,0.30502585686075695,0.6500223839549097,both_correct
ff552e1003e02c5a65ac3ae252f753597d3e13602be237a42c40fdff3d471348,unable_to_verify_identity,why_verify_identity,unable_to_verify_identity,false,true,0.4398795930470921,0.7263247976589529,0.18215198457614928,0.6190084699276214,lexical_wrong_semantic_correct
ff7e7df4c9623251d0ff5d63bf04094c05bc6cb86f8646a0ee0d52603e5fc26d,top_up_reverted,top_up_reverted,top_up_reverted,true,true,0.787573269111874,0.504939466198895,0.7627577569448372,0.3794235733830796,both_correct
ffa2d0d309fde1055a0faa090525bc7418519957778195760682c8fd27cac707,card_payment_not_recognised,card_payment_not_recognised,card_payment_not_recognised,true,true,0.4889723993081135,0.5918110797128998,0.4370581730203564,0.5306407581500668,both_correct
ffc55c176e9fe15557dcd831802083339d1d59b137e7f199c6846b491d390203,change_pin,change_pin,change_pin,true,true,0.4725264518627023,0.8607296426856246,0.43485221683154307,0.8265897396435417,both_correct
ffda135eb71d365b9f5ca74d295c38252e991a08b9bf24e4eea179118033e29d,apple_pay_or_google_pay,apple_pay_or_google_pay,apple_pay_or_google_pay,true,true,0.44982756286083325,0.5908617157805416,0.40645091786141446,0.49505713780297644,both_correct
ffffbc9165ac620518fdac2ae8f57187badac33c1947939ff85f50016e77516b,card_swallowed,card_swallowed,card_swallowed,true,true,0.13444431734775641,0.6393199602863116,0.06556088504617875,0.5682729486335777,both_correct
